[2025-03-24 18:03:33] local.ERROR: Command "make:BookController" is not defined.

Did you mean one of these?
    make:cache-table
    make:cast
    make:channel
    make:class
    make:command
    make:component
    make:controller
    make:enum
    make:event
    make:exception
    make:factory
    make:interface
    make:job
    make:job-middleware
    make:listener
    make:mail
    make:middleware
    make:migration
    make:model
    make:notification
    make:notifications-table
    make:observer
    make:policy
    make:provider
    make:queue-batches-table
    make:queue-failed-table
    make:queue-table
    make:request
    make:resource
    make:rule
    make:scope
    make:seeder
    make:session-table
    make:test
    make:trait
    make:view {"exception":"[object] (Symfony\\Component\\Console\\Exception\\CommandNotFoundException(code: 0): Command \"make:BookController\" is not defined.

Did you mean one of these?
    make:cache-table
    make:cast
    make:channel
    make:class
    make:command
    make:component
    make:controller
    make:enum
    make:event
    make:exception
    make:factory
    make:interface
    make:job
    make:job-middleware
    make:listener
    make:mail
    make:middleware
    make:migration
    make:model
    make:notification
    make:notifications-table
    make:observer
    make:policy
    make:provider
    make:queue-batches-table
    make:queue-failed-table
    make:queue-table
    make:request
    make:resource
    make:rule
    make:scope
    make:seeder
    make:session-table
    make:test
    make:trait
    make:view at C:\\xampp\\htdocs\\vizsga_backend\\vendor\\symfony\\console\\Application.php:726)
[stacktrace]
#0 C:\\xampp\\htdocs\\vizsga_backend\\vendor\\symfony\\console\\Application.php(284): Symfony\\Component\\Console\\Application->find('make:BookContro...')
#1 C:\\xampp\\htdocs\\vizsga_backend\\vendor\\symfony\\console\\Application.php(193): Symfony\\Component\\Console\\Application->doRun(Object(Symfony\\Component\\Console\\Input\\ArgvInput), Object(Symfony\\Component\\Console\\Output\\ConsoleOutput))
#2 C:\\xampp\\htdocs\\vizsga_backend\\vendor\\laravel\\framework\\src\\Illuminate\\Foundation\\Console\\Kernel.php(198): Symfony\\Component\\Console\\Application->run(Object(Symfony\\Component\\Console\\Input\\ArgvInput), Object(Symfony\\Component\\Console\\Output\\ConsoleOutput))
#3 C:\\xampp\\htdocs\\vizsga_backend\\vendor\\laravel\\framework\\src\\Illuminate\\Foundation\\Application.php(1235): Illuminate\\Foundation\\Console\\Kernel->handle(Object(Symfony\\Component\\Console\\Input\\ArgvInput), Object(Symfony\\Component\\Console\\Output\\ConsoleOutput))
#4 C:\\xampp\\htdocs\\vizsga_backend\\artisan(16): Illuminate\\Foundation\\Application->handleCommand(Object(Symfony\\Component\\Console\\Input\\ArgvInput))
#5 {main}
"} 
[2025-03-25 12:21:57] local.ERROR: Command "make:" is ambiguous.
Did you mean one of these?
    make:cache-table         Create a migration for the cache database table
    make:cast                Create a new custom Eloquent cast class
    make:channel             Create a new channel class
    make:class               Create a new class
    make:component           Create a new view component class
    make:command             Create a new Artisan command
    make:controller          Create a new controller class
    make:enum                Create a new enum
    make:event               Create a new event class
    make:exception           Create a new custom exception class
    make:factory             Create a new model factory
    make:interface           Create a new interface
    make:job                 Create a new job class
    make:job-middleware      Create a new job middleware class
    make:listener            Create a new event listener class
    make:mail                Create a new email class
    make:middleware          Create a new HTTP middleware class
    make:model               Create a new Eloquent model class
    make:notification        Create a new notification class
    make:notifications-table Create a migration for the notifications table
    make:observer            Create a new observer class
    make:policy              Create a new policy class
    make:provider            Create a new service provider class
    make:queue-failed-table  Create a migration for the failed queue jobs database table
    make:queue-table         Create a migration for the queue jobs database table
    make:queue-batches-table Create a migration for the batches database table
    make:request             Create a new form request class
    make:resource            Create a new resource
    make:rule                Create a new validation rule
    make:scope               Create a new scope class
    make:seeder              Create a new seeder class
    make:session-table       Create a migration for the session database table
    make:test                Create a new test class
    make:trait               Create a new trait
    make:view                Create a new view
    make:migration           Create a new migration file. {"exception":"[object] (Symfony\\Component\\Console\\Exception\\CommandNotFoundException(code: 0): Command \"make:\" is ambiguous.
Did you mean one of these?
    make:cache-table         Create a migration for the cache database table
    make:cast                Create a new custom Eloquent cast class
    make:channel             Create a new channel class
    make:class               Create a new class
    make:component           Create a new view component class
    make:command             Create a new Artisan command
    make:controller          Create a new controller class
    make:enum                Create a new enum
    make:event               Create a new event class
    make:exception           Create a new custom exception class
    make:factory             Create a new model factory
    make:interface           Create a new interface
    make:job                 Create a new job class
    make:job-middleware      Create a new job middleware class
    make:listener            Create a new event listener class
    make:mail                Create a new email class
    make:middleware          Create a new HTTP middleware class
    make:model               Create a new Eloquent model class
    make:notification        Create a new notification class
    make:notifications-table Create a migration for the notifications table
    make:observer            Create a new observer class
    make:policy              Create a new policy class
    make:provider            Create a new service provider class
    make:queue-failed-table  Create a migration for the failed queue jobs database table
    make:queue-table         Create a migration for the queue jobs database table
    make:queue-batches-table Create a migration for the batches database table
    make:request             Create a new form request class
    make:resource            Create a new resource
    make:rule                Create a new validation rule
    make:scope               Create a new scope class
    make:seeder              Create a new seeder class
    make:session-table       Create a migration for the session database table
    make:test                Create a new test class
    make:trait               Create a new trait
    make:view                Create a new view
    make:migration           Create a new migration file. at C:\\xampp\\htdocs\\vizsga_backend\\vendor\\symfony\\console\\Application.php:767)
[stacktrace]
#0 C:\\xampp\\htdocs\\vizsga_backend\\vendor\\symfony\\console\\Application.php(284): Symfony\\Component\\Console\\Application->find('make:')
#1 C:\\xampp\\htdocs\\vizsga_backend\\vendor\\symfony\\console\\Application.php(193): Symfony\\Component\\Console\\Application->doRun(Object(Symfony\\Component\\Console\\Input\\ArgvInput), Object(Symfony\\Component\\Console\\Output\\ConsoleOutput))
#2 C:\\xampp\\htdocs\\vizsga_backend\\vendor\\laravel\\framework\\src\\Illuminate\\Foundation\\Console\\Kernel.php(198): Symfony\\Component\\Console\\Application->run(Object(Symfony\\Component\\Console\\Input\\ArgvInput), Object(Symfony\\Component\\Console\\Output\\ConsoleOutput))
#3 C:\\xampp\\htdocs\\vizsga_backend\\vendor\\laravel\\framework\\src\\Illuminate\\Foundation\\Application.php(1235): Illuminate\\Foundation\\Console\\Kernel->handle(Object(Symfony\\Component\\Console\\Input\\ArgvInput), Object(Symfony\\Component\\Console\\Output\\ConsoleOutput))
#4 C:\\xampp\\htdocs\\vizsga_backend\\artisan(16): Illuminate\\Foundation\\Application->handleCommand(Object(Symfony\\Component\\Console\\Input\\ArgvInput))
#5 {main}
"} 
[2025-03-26 17:39:05] local.ERROR: SQLSTATE[HY000] [2002] Nem hozható létre kapcsolat, mert a célszámítógép már visszautasította a kapcsolatot (Connection: mysql, SQL: select * from `books`) {"exception":"[object] (Illuminate\\Database\\QueryException(code: 2002): SQLSTATE[HY000] [2002] Nem hozható létre kapcsolat, mert a célszámítógép már visszautasította a kapcsolatot (Connection: mysql, SQL: select * from `books`) at C:\\xampp\\htdocs\\vizsga_backend\\vendor\\laravel\\framework\\src\\Illuminate\\Database\\Connection.php:823)
[stacktrace]
#0 C:\\xampp\\htdocs\\vizsga_backend\\vendor\\laravel\\framework\\src\\Illuminate\\Database\\Connection.php(777): Illuminate\\Database\\Connection->runQueryCallback('select * from `...', Array, Object(Closure))
#1 C:\\xampp\\htdocs\\vizsga_backend\\vendor\\laravel\\framework\\src\\Illuminate\\Database\\Connection.php(396): Illuminate\\Database\\Connection->run('select * from `...', Array, Object(Closure))
#2 C:\\xampp\\htdocs\\vizsga_backend\\vendor\\laravel\\framework\\src\\Illuminate\\Database\\Query\\Builder.php(3105): Illuminate\\Database\\Connection->select('select * from `...', Array, true)
#3 C:\\xampp\\htdocs\\vizsga_backend\\vendor\\laravel\\framework\\src\\Illuminate\\Database\\Query\\Builder.php(3090): Illuminate\\Database\\Query\\Builder->runSelect()
#4 C:\\xampp\\htdocs\\vizsga_backend\\vendor\\laravel\\framework\\src\\Illuminate\\Database\\Query\\Builder.php(3677): Illuminate\\Database\\Query\\Builder->Illuminate\\Database\\Query\\{closure}()
#5 C:\\xampp\\htdocs\\vizsga_backend\\vendor\\laravel\\framework\\src\\Illuminate\\Database\\Query\\Builder.php(3089): Illuminate\\Database\\Query\\Builder->onceWithColumns(Array, Object(Closure))
#6 C:\\xampp\\htdocs\\vizsga_backend\\vendor\\laravel\\framework\\src\\Illuminate\\Database\\Eloquent\\Builder.php(811): Illuminate\\Database\\Query\\Builder->get(Array)
#7 C:\\xampp\\htdocs\\vizsga_backend\\vendor\\laravel\\framework\\src\\Illuminate\\Database\\Eloquent\\Builder.php(793): Illuminate\\Database\\Eloquent\\Builder->getModels(Array)
#8 C:\\xampp\\htdocs\\vizsga_backend\\vendor\\laravel\\framework\\src\\Illuminate\\Database\\Eloquent\\Model.php(694): Illuminate\\Database\\Eloquent\\Builder->get(Array)
#9 C:\\xampp\\htdocs\\vizsga_backend\\app\\Http\\Controllers\\BookController.php(12): Illuminate\\Database\\Eloquent\\Model::all()
#10 C:\\xampp\\htdocs\\vizsga_backend\\vendor\\laravel\\framework\\src\\Illuminate\\Routing\\ControllerDispatcher.php(47): App\\Http\\Controllers\\BookController->index()
#11 C:\\xampp\\htdocs\\vizsga_backend\\vendor\\laravel\\framework\\src\\Illuminate\\Routing\\Route.php(266): Illuminate\\Routing\\ControllerDispatcher->dispatch(Object(Illuminate\\Routing\\Route), Object(App\\Http\\Controllers\\BookController), 'index')
#12 C:\\xampp\\htdocs\\vizsga_backend\\vendor\\laravel\\framework\\src\\Illuminate\\Routing\\Route.php(212): Illuminate\\Routing\\Route->runController()
#13 C:\\xampp\\htdocs\\vizsga_backend\\vendor\\laravel\\framework\\src\\Illuminate\\Routing\\Router.php(809): Illuminate\\Routing\\Route->run()
#14 C:\\xampp\\htdocs\\vizsga_backend\\vendor\\laravel\\framework\\src\\Illuminate\\Pipeline\\Pipeline.php(170): Illuminate\\Routing\\Router->Illuminate\\Routing\\{closure}(Object(Illuminate\\Http\\Request))
#15 C:\\xampp\\htdocs\\vizsga_backend\\vendor\\laravel\\framework\\src\\Illuminate\\Routing\\Middleware\\SubstituteBindings.php(51): Illuminate\\Pipeline\\Pipeline->Illuminate\\Pipeline\\{closure}(Object(Illuminate\\Http\\Request))
#16 C:\\xampp\\htdocs\\vizsga_backend\\vendor\\laravel\\framework\\src\\Illuminate\\Pipeline\\Pipeline.php(209): Illuminate\\Routing\\Middleware\\SubstituteBindings->handle(Object(Illuminate\\Http\\Request), Object(Closure))
#17 C:\\xampp\\htdocs\\vizsga_backend\\vendor\\laravel\\framework\\src\\Illuminate\\Foundation\\Http\\Middleware\\VerifyCsrfToken.php(88): Illuminate\\Pipeline\\Pipeline->Illuminate\\Pipeline\\{closure}(Object(Illuminate\\Http\\Request))
#18 C:\\xampp\\htdocs\\vizsga_backend\\vendor\\laravel\\framework\\src\\Illuminate\\Pipeline\\Pipeline.php(209): Illuminate\\Foundation\\Http\\Middleware\\VerifyCsrfToken->handle(Object(Illuminate\\Http\\Request), Object(Closure))
#19 C:\\xampp\\htdocs\\vizsga_backend\\vendor\\laravel\\framework\\src\\Illuminate\\View\\Middleware\\ShareErrorsFromSession.php(49): Illuminate\\Pipeline\\Pipeline->Illuminate\\Pipeline\\{closure}(Object(Illuminate\\Http\\Request))
#20 C:\\xampp\\htdocs\\vizsga_backend\\vendor\\laravel\\framework\\src\\Illuminate\\Pipeline\\Pipeline.php(209): Illuminate\\View\\Middleware\\ShareErrorsFromSession->handle(Object(Illuminate\\Http\\Request), Object(Closure))
#21 C:\\xampp\\htdocs\\vizsga_backend\\vendor\\laravel\\framework\\src\\Illuminate\\Session\\Middleware\\StartSession.php(121): Illuminate\\Pipeline\\Pipeline->Illuminate\\Pipeline\\{closure}(Object(Illuminate\\Http\\Request))
#22 C:\\xampp\\htdocs\\vizsga_backend\\vendor\\laravel\\framework\\src\\Illuminate\\Session\\Middleware\\StartSession.php(64): Illuminate\\Session\\Middleware\\StartSession->handleStatefulRequest(Object(Illuminate\\Http\\Request), Object(Illuminate\\Session\\Store), Object(Closure))
#23 C:\\xampp\\htdocs\\vizsga_backend\\vendor\\laravel\\framework\\src\\Illuminate\\Pipeline\\Pipeline.php(209): Illuminate\\Session\\Middleware\\StartSession->handle(Object(Illuminate\\Http\\Request), Object(Closure))
#24 C:\\xampp\\htdocs\\vizsga_backend\\vendor\\laravel\\framework\\src\\Illuminate\\Cookie\\Middleware\\AddQueuedCookiesToResponse.php(37): Illuminate\\Pipeline\\Pipeline->Illuminate\\Pipeline\\{closure}(Object(Illuminate\\Http\\Request))
#25 C:\\xampp\\htdocs\\vizsga_backend\\vendor\\laravel\\framework\\src\\Illuminate\\Pipeline\\Pipeline.php(209): Illuminate\\Cookie\\Middleware\\AddQueuedCookiesToResponse->handle(Object(Illuminate\\Http\\Request), Object(Closure))
#26 C:\\xampp\\htdocs\\vizsga_backend\\vendor\\laravel\\framework\\src\\Illuminate\\Cookie\\Middleware\\EncryptCookies.php(75): Illuminate\\Pipeline\\Pipeline->Illuminate\\Pipeline\\{closure}(Object(Illuminate\\Http\\Request))
#27 C:\\xampp\\htdocs\\vizsga_backend\\vendor\\laravel\\framework\\src\\Illuminate\\Pipeline\\Pipeline.php(209): Illuminate\\Cookie\\Middleware\\EncryptCookies->handle(Object(Illuminate\\Http\\Request), Object(Closure))
#28 C:\\xampp\\htdocs\\vizsga_backend\\vendor\\laravel\\framework\\src\\Illuminate\\Pipeline\\Pipeline.php(127): Illuminate\\Pipeline\\Pipeline->Illuminate\\Pipeline\\{closure}(Object(Illuminate\\Http\\Request))
#29 C:\\xampp\\htdocs\\vizsga_backend\\vendor\\laravel\\framework\\src\\Illuminate\\Routing\\Router.php(808): Illuminate\\Pipeline\\Pipeline->then(Object(Closure))
#30 C:\\xampp\\htdocs\\vizsga_backend\\vendor\\laravel\\framework\\src\\Illuminate\\Routing\\Router.php(787): Illuminate\\Routing\\Router->runRouteWithinStack(Object(Illuminate\\Routing\\Route), Object(Illuminate\\Http\\Request))
#31 C:\\xampp\\htdocs\\vizsga_backend\\vendor\\laravel\\framework\\src\\Illuminate\\Routing\\Router.php(751): Illuminate\\Routing\\Router->runRoute(Object(Illuminate\\Http\\Request), Object(Illuminate\\Routing\\Route))
#32 C:\\xampp\\htdocs\\vizsga_backend\\vendor\\laravel\\framework\\src\\Illuminate\\Routing\\Router.php(740): Illuminate\\Routing\\Router->dispatchToRoute(Object(Illuminate\\Http\\Request))
#33 C:\\xampp\\htdocs\\vizsga_backend\\vendor\\laravel\\framework\\src\\Illuminate\\Foundation\\Http\\Kernel.php(201): Illuminate\\Routing\\Router->dispatch(Object(Illuminate\\Http\\Request))
#34 C:\\xampp\\htdocs\\vizsga_backend\\vendor\\laravel\\framework\\src\\Illuminate\\Pipeline\\Pipeline.php(170): Illuminate\\Foundation\\Http\\Kernel->Illuminate\\Foundation\\Http\\{closure}(Object(Illuminate\\Http\\Request))
#35 C:\\xampp\\htdocs\\vizsga_backend\\vendor\\laravel\\framework\\src\\Illuminate\\Foundation\\Http\\Middleware\\TransformsRequest.php(21): Illuminate\\Pipeline\\Pipeline->Illuminate\\Pipeline\\{closure}(Object(Illuminate\\Http\\Request))
#36 C:\\xampp\\htdocs\\vizsga_backend\\vendor\\laravel\\framework\\src\\Illuminate\\Foundation\\Http\\Middleware\\ConvertEmptyStringsToNull.php(31): Illuminate\\Foundation\\Http\\Middleware\\TransformsRequest->handle(Object(Illuminate\\Http\\Request), Object(Closure))
#37 C:\\xampp\\htdocs\\vizsga_backend\\vendor\\laravel\\framework\\src\\Illuminate\\Pipeline\\Pipeline.php(209): Illuminate\\Foundation\\Http\\Middleware\\ConvertEmptyStringsToNull->handle(Object(Illuminate\\Http\\Request), Object(Closure))
#38 C:\\xampp\\htdocs\\vizsga_backend\\vendor\\laravel\\framework\\src\\Illuminate\\Foundation\\Http\\Middleware\\TransformsRequest.php(21): Illuminate\\Pipeline\\Pipeline->Illuminate\\Pipeline\\{closure}(Object(Illuminate\\Http\\Request))
#39 C:\\xampp\\htdocs\\vizsga_backend\\vendor\\laravel\\framework\\src\\Illuminate\\Foundation\\Http\\Middleware\\TrimStrings.php(51): Illuminate\\Foundation\\Http\\Middleware\\TransformsRequest->handle(Object(Illuminate\\Http\\Request), Object(Closure))
#40 C:\\xampp\\htdocs\\vizsga_backend\\vendor\\laravel\\framework\\src\\Illuminate\\Pipeline\\Pipeline.php(209): Illuminate\\Foundation\\Http\\Middleware\\TrimStrings->handle(Object(Illuminate\\Http\\Request), Object(Closure))
#41 C:\\xampp\\htdocs\\vizsga_backend\\vendor\\laravel\\framework\\src\\Illuminate\\Http\\Middleware\\ValidatePostSize.php(27): Illuminate\\Pipeline\\Pipeline->Illuminate\\Pipeline\\{closure}(Object(Illuminate\\Http\\Request))
#42 C:\\xampp\\htdocs\\vizsga_backend\\vendor\\laravel\\framework\\src\\Illuminate\\Pipeline\\Pipeline.php(209): Illuminate\\Http\\Middleware\\ValidatePostSize->handle(Object(Illuminate\\Http\\Request), Object(Closure))
#43 C:\\xampp\\htdocs\\vizsga_backend\\vendor\\laravel\\framework\\src\\Illuminate\\Foundation\\Http\\Middleware\\PreventRequestsDuringMaintenance.php(110): Illuminate\\Pipeline\\Pipeline->Illuminate\\Pipeline\\{closure}(Object(Illuminate\\Http\\Request))
#44 C:\\xampp\\htdocs\\vizsga_backend\\vendor\\laravel\\framework\\src\\Illuminate\\Pipeline\\Pipeline.php(209): Illuminate\\Foundation\\Http\\Middleware\\PreventRequestsDuringMaintenance->handle(Object(Illuminate\\Http\\Request), Object(Closure))
#45 C:\\xampp\\htdocs\\vizsga_backend\\vendor\\laravel\\framework\\src\\Illuminate\\Http\\Middleware\\HandleCors.php(62): Illuminate\\Pipeline\\Pipeline->Illuminate\\Pipeline\\{closure}(Object(Illuminate\\Http\\Request))
#46 C:\\xampp\\htdocs\\vizsga_backend\\vendor\\laravel\\framework\\src\\Illuminate\\Pipeline\\Pipeline.php(209): Illuminate\\Http\\Middleware\\HandleCors->handle(Object(Illuminate\\Http\\Request), Object(Closure))
#47 C:\\xampp\\htdocs\\vizsga_backend\\vendor\\laravel\\framework\\src\\Illuminate\\Http\\Middleware\\TrustProxies.php(58): Illuminate\\Pipeline\\Pipeline->Illuminate\\Pipeline\\{closure}(Object(Illuminate\\Http\\Request))
#48 C:\\xampp\\htdocs\\vizsga_backend\\vendor\\laravel\\framework\\src\\Illuminate\\Pipeline\\Pipeline.php(209): Illuminate\\Http\\Middleware\\TrustProxies->handle(Object(Illuminate\\Http\\Request), Object(Closure))
#49 C:\\xampp\\htdocs\\vizsga_backend\\vendor\\laravel\\framework\\src\\Illuminate\\Foundation\\Http\\Middleware\\InvokeDeferredCallbacks.php(22): Illuminate\\Pipeline\\Pipeline->Illuminate\\Pipeline\\{closure}(Object(Illuminate\\Http\\Request))
#50 C:\\xampp\\htdocs\\vizsga_backend\\vendor\\laravel\\framework\\src\\Illuminate\\Pipeline\\Pipeline.php(209): Illuminate\\Foundation\\Http\\Middleware\\InvokeDeferredCallbacks->handle(Object(Illuminate\\Http\\Request), Object(Closure))
#51 C:\\xampp\\htdocs\\vizsga_backend\\vendor\\laravel\\framework\\src\\Illuminate\\Http\\Middleware\\ValidatePathEncoding.php(26): Illuminate\\Pipeline\\Pipeline->Illuminate\\Pipeline\\{closure}(Object(Illuminate\\Http\\Request))
#52 C:\\xampp\\htdocs\\vizsga_backend\\vendor\\laravel\\framework\\src\\Illuminate\\Pipeline\\Pipeline.php(209): Illuminate\\Http\\Middleware\\ValidatePathEncoding->handle(Object(Illuminate\\Http\\Request), Object(Closure))
#53 C:\\xampp\\htdocs\\vizsga_backend\\vendor\\laravel\\framework\\src\\Illuminate\\Pipeline\\Pipeline.php(127): Illuminate\\Pipeline\\Pipeline->Illuminate\\Pipeline\\{closure}(Object(Illuminate\\Http\\Request))
#54 C:\\xampp\\htdocs\\vizsga_backend\\vendor\\laravel\\framework\\src\\Illuminate\\Foundation\\Http\\Kernel.php(176): Illuminate\\Pipeline\\Pipeline->then(Object(Closure))
#55 C:\\xampp\\htdocs\\vizsga_backend\\vendor\\laravel\\framework\\src\\Illuminate\\Foundation\\Http\\Kernel.php(145): Illuminate\\Foundation\\Http\\Kernel->sendRequestThroughRouter(Object(Illuminate\\Http\\Request))
#56 C:\\xampp\\htdocs\\vizsga_backend\\vendor\\laravel\\framework\\src\\Illuminate\\Foundation\\Application.php(1220): Illuminate\\Foundation\\Http\\Kernel->handle(Object(Illuminate\\Http\\Request))
#57 C:\\xampp\\htdocs\\vizsga_backend\\public\\index.php(20): Illuminate\\Foundation\\Application->handleRequest(Object(Illuminate\\Http\\Request))
#58 C:\\xampp\\htdocs\\vizsga_backend\\vendor\\laravel\\framework\\src\\Illuminate\\Foundation\\resources\\server.php(23): require_once('C:\\\\xampp\\\\htdocs...')
#59 {main}

[previous exception] [object] (PDOException(code: 2002): SQLSTATE[HY000] [2002] Nem hozható létre kapcsolat, mert a célszámítógép már visszautasította a kapcsolatot at C:\\xampp\\htdocs\\vizsga_backend\\vendor\\laravel\\framework\\src\\Illuminate\\Database\\Connectors\\Connector.php:66)
[stacktrace]
#0 C:\\xampp\\htdocs\\vizsga_backend\\vendor\\laravel\\framework\\src\\Illuminate\\Database\\Connectors\\Connector.php(66): PDO->__construct('mysql:host=127....', 'root', Object(SensitiveParameterValue), Array)
#1 C:\\xampp\\htdocs\\vizsga_backend\\vendor\\laravel\\framework\\src\\Illuminate\\Database\\Connectors\\Connector.php(44): Illuminate\\Database\\Connectors\\Connector->createPdoConnection('mysql:host=127....', 'root', Object(SensitiveParameterValue), Array)
#2 C:\\xampp\\htdocs\\vizsga_backend\\vendor\\laravel\\framework\\src\\Illuminate\\Database\\Connectors\\MySqlConnector.php(24): Illuminate\\Database\\Connectors\\Connector->createConnection('mysql:host=127....', Array, Array)
#3 C:\\xampp\\htdocs\\vizsga_backend\\vendor\\laravel\\framework\\src\\Illuminate\\Database\\Connectors\\ConnectionFactory.php(185): Illuminate\\Database\\Connectors\\MySqlConnector->connect(Array)
#4 [internal function]: Illuminate\\Database\\Connectors\\ConnectionFactory->Illuminate\\Database\\Connectors\\{closure}()
#5 C:\\xampp\\htdocs\\vizsga_backend\\vendor\\laravel\\framework\\src\\Illuminate\\Database\\Connection.php(1229): call_user_func(Object(Closure))
#6 C:\\xampp\\htdocs\\vizsga_backend\\vendor\\laravel\\framework\\src\\Illuminate\\Database\\Connection.php(1265): Illuminate\\Database\\Connection->getPdo()
#7 C:\\xampp\\htdocs\\vizsga_backend\\vendor\\laravel\\framework\\src\\Illuminate\\Database\\Connection.php(510): Illuminate\\Database\\Connection->getReadPdo()
#8 C:\\xampp\\htdocs\\vizsga_backend\\vendor\\laravel\\framework\\src\\Illuminate\\Database\\Connection.php(405): Illuminate\\Database\\Connection->getPdoForSelect(true)
#9 C:\\xampp\\htdocs\\vizsga_backend\\vendor\\laravel\\framework\\src\\Illuminate\\Database\\Connection.php(810): Illuminate\\Database\\Connection->Illuminate\\Database\\{closure}('select * from `...', Array)
#10 C:\\xampp\\htdocs\\vizsga_backend\\vendor\\laravel\\framework\\src\\Illuminate\\Database\\Connection.php(777): Illuminate\\Database\\Connection->runQueryCallback('select * from `...', Array, Object(Closure))
#11 C:\\xampp\\htdocs\\vizsga_backend\\vendor\\laravel\\framework\\src\\Illuminate\\Database\\Connection.php(396): Illuminate\\Database\\Connection->run('select * from `...', Array, Object(Closure))
#12 C:\\xampp\\htdocs\\vizsga_backend\\vendor\\laravel\\framework\\src\\Illuminate\\Database\\Query\\Builder.php(3105): Illuminate\\Database\\Connection->select('select * from `...', Array, true)
#13 C:\\xampp\\htdocs\\vizsga_backend\\vendor\\laravel\\framework\\src\\Illuminate\\Database\\Query\\Builder.php(3090): Illuminate\\Database\\Query\\Builder->runSelect()
#14 C:\\xampp\\htdocs\\vizsga_backend\\vendor\\laravel\\framework\\src\\Illuminate\\Database\\Query\\Builder.php(3677): Illuminate\\Database\\Query\\Builder->Illuminate\\Database\\Query\\{closure}()
#15 C:\\xampp\\htdocs\\vizsga_backend\\vendor\\laravel\\framework\\src\\Illuminate\\Database\\Query\\Builder.php(3089): Illuminate\\Database\\Query\\Builder->onceWithColumns(Array, Object(Closure))
#16 C:\\xampp\\htdocs\\vizsga_backend\\vendor\\laravel\\framework\\src\\Illuminate\\Database\\Eloquent\\Builder.php(811): Illuminate\\Database\\Query\\Builder->get(Array)
#17 C:\\xampp\\htdocs\\vizsga_backend\\vendor\\laravel\\framework\\src\\Illuminate\\Database\\Eloquent\\Builder.php(793): Illuminate\\Database\\Eloquent\\Builder->getModels(Array)
#18 C:\\xampp\\htdocs\\vizsga_backend\\vendor\\laravel\\framework\\src\\Illuminate\\Database\\Eloquent\\Model.php(694): Illuminate\\Database\\Eloquent\\Builder->get(Array)
#19 C:\\xampp\\htdocs\\vizsga_backend\\app\\Http\\Controllers\\BookController.php(12): Illuminate\\Database\\Eloquent\\Model::all()
#20 C:\\xampp\\htdocs\\vizsga_backend\\vendor\\laravel\\framework\\src\\Illuminate\\Routing\\ControllerDispatcher.php(47): App\\Http\\Controllers\\BookController->index()
#21 C:\\xampp\\htdocs\\vizsga_backend\\vendor\\laravel\\framework\\src\\Illuminate\\Routing\\Route.php(266): Illuminate\\Routing\\ControllerDispatcher->dispatch(Object(Illuminate\\Routing\\Route), Object(App\\Http\\Controllers\\BookController), 'index')
#22 C:\\xampp\\htdocs\\vizsga_backend\\vendor\\laravel\\framework\\src\\Illuminate\\Routing\\Route.php(212): Illuminate\\Routing\\Route->runController()
#23 C:\\xampp\\htdocs\\vizsga_backend\\vendor\\laravel\\framework\\src\\Illuminate\\Routing\\Router.php(809): Illuminate\\Routing\\Route->run()
#24 C:\\xampp\\htdocs\\vizsga_backend\\vendor\\laravel\\framework\\src\\Illuminate\\Pipeline\\Pipeline.php(170): Illuminate\\Routing\\Router->Illuminate\\Routing\\{closure}(Object(Illuminate\\Http\\Request))
#25 C:\\xampp\\htdocs\\vizsga_backend\\vendor\\laravel\\framework\\src\\Illuminate\\Routing\\Middleware\\SubstituteBindings.php(51): Illuminate\\Pipeline\\Pipeline->Illuminate\\Pipeline\\{closure}(Object(Illuminate\\Http\\Request))
#26 C:\\xampp\\htdocs\\vizsga_backend\\vendor\\laravel\\framework\\src\\Illuminate\\Pipeline\\Pipeline.php(209): Illuminate\\Routing\\Middleware\\SubstituteBindings->handle(Object(Illuminate\\Http\\Request), Object(Closure))
#27 C:\\xampp\\htdocs\\vizsga_backend\\vendor\\laravel\\framework\\src\\Illuminate\\Foundation\\Http\\Middleware\\VerifyCsrfToken.php(88): Illuminate\\Pipeline\\Pipeline->Illuminate\\Pipeline\\{closure}(Object(Illuminate\\Http\\Request))
#28 C:\\xampp\\htdocs\\vizsga_backend\\vendor\\laravel\\framework\\src\\Illuminate\\Pipeline\\Pipeline.php(209): Illuminate\\Foundation\\Http\\Middleware\\VerifyCsrfToken->handle(Object(Illuminate\\Http\\Request), Object(Closure))
#29 C:\\xampp\\htdocs\\vizsga_backend\\vendor\\laravel\\framework\\src\\Illuminate\\View\\Middleware\\ShareErrorsFromSession.php(49): Illuminate\\Pipeline\\Pipeline->Illuminate\\Pipeline\\{closure}(Object(Illuminate\\Http\\Request))
#30 C:\\xampp\\htdocs\\vizsga_backend\\vendor\\laravel\\framework\\src\\Illuminate\\Pipeline\\Pipeline.php(209): Illuminate\\View\\Middleware\\ShareErrorsFromSession->handle(Object(Illuminate\\Http\\Request), Object(Closure))
#31 C:\\xampp\\htdocs\\vizsga_backend\\vendor\\laravel\\framework\\src\\Illuminate\\Session\\Middleware\\StartSession.php(121): Illuminate\\Pipeline\\Pipeline->Illuminate\\Pipeline\\{closure}(Object(Illuminate\\Http\\Request))
#32 C:\\xampp\\htdocs\\vizsga_backend\\vendor\\laravel\\framework\\src\\Illuminate\\Session\\Middleware\\StartSession.php(64): Illuminate\\Session\\Middleware\\StartSession->handleStatefulRequest(Object(Illuminate\\Http\\Request), Object(Illuminate\\Session\\Store), Object(Closure))
#33 C:\\xampp\\htdocs\\vizsga_backend\\vendor\\laravel\\framework\\src\\Illuminate\\Pipeline\\Pipeline.php(209): Illuminate\\Session\\Middleware\\StartSession->handle(Object(Illuminate\\Http\\Request), Object(Closure))
#34 C:\\xampp\\htdocs\\vizsga_backend\\vendor\\laravel\\framework\\src\\Illuminate\\Cookie\\Middleware\\AddQueuedCookiesToResponse.php(37): Illuminate\\Pipeline\\Pipeline->Illuminate\\Pipeline\\{closure}(Object(Illuminate\\Http\\Request))
#35 C:\\xampp\\htdocs\\vizsga_backend\\vendor\\laravel\\framework\\src\\Illuminate\\Pipeline\\Pipeline.php(209): Illuminate\\Cookie\\Middleware\\AddQueuedCookiesToResponse->handle(Object(Illuminate\\Http\\Request), Object(Closure))
#36 C:\\xampp\\htdocs\\vizsga_backend\\vendor\\laravel\\framework\\src\\Illuminate\\Cookie\\Middleware\\EncryptCookies.php(75): Illuminate\\Pipeline\\Pipeline->Illuminate\\Pipeline\\{closure}(Object(Illuminate\\Http\\Request))
#37 C:\\xampp\\htdocs\\vizsga_backend\\vendor\\laravel\\framework\\src\\Illuminate\\Pipeline\\Pipeline.php(209): Illuminate\\Cookie\\Middleware\\EncryptCookies->handle(Object(Illuminate\\Http\\Request), Object(Closure))
#38 C:\\xampp\\htdocs\\vizsga_backend\\vendor\\laravel\\framework\\src\\Illuminate\\Pipeline\\Pipeline.php(127): Illuminate\\Pipeline\\Pipeline->Illuminate\\Pipeline\\{closure}(Object(Illuminate\\Http\\Request))
#39 C:\\xampp\\htdocs\\vizsga_backend\\vendor\\laravel\\framework\\src\\Illuminate\\Routing\\Router.php(808): Illuminate\\Pipeline\\Pipeline->then(Object(Closure))
#40 C:\\xampp\\htdocs\\vizsga_backend\\vendor\\laravel\\framework\\src\\Illuminate\\Routing\\Router.php(787): Illuminate\\Routing\\Router->runRouteWithinStack(Object(Illuminate\\Routing\\Route), Object(Illuminate\\Http\\Request))
#41 C:\\xampp\\htdocs\\vizsga_backend\\vendor\\laravel\\framework\\src\\Illuminate\\Routing\\Router.php(751): Illuminate\\Routing\\Router->runRoute(Object(Illuminate\\Http\\Request), Object(Illuminate\\Routing\\Route))
#42 C:\\xampp\\htdocs\\vizsga_backend\\vendor\\laravel\\framework\\src\\Illuminate\\Routing\\Router.php(740): Illuminate\\Routing\\Router->dispatchToRoute(Object(Illuminate\\Http\\Request))
#43 C:\\xampp\\htdocs\\vizsga_backend\\vendor\\laravel\\framework\\src\\Illuminate\\Foundation\\Http\\Kernel.php(201): Illuminate\\Routing\\Router->dispatch(Object(Illuminate\\Http\\Request))
#44 C:\\xampp\\htdocs\\vizsga_backend\\vendor\\laravel\\framework\\src\\Illuminate\\Pipeline\\Pipeline.php(170): Illuminate\\Foundation\\Http\\Kernel->Illuminate\\Foundation\\Http\\{closure}(Object(Illuminate\\Http\\Request))
#45 C:\\xampp\\htdocs\\vizsga_backend\\vendor\\laravel\\framework\\src\\Illuminate\\Foundation\\Http\\Middleware\\TransformsRequest.php(21): Illuminate\\Pipeline\\Pipeline->Illuminate\\Pipeline\\{closure}(Object(Illuminate\\Http\\Request))
#46 C:\\xampp\\htdocs\\vizsga_backend\\vendor\\laravel\\framework\\src\\Illuminate\\Foundation\\Http\\Middleware\\ConvertEmptyStringsToNull.php(31): Illuminate\\Foundation\\Http\\Middleware\\TransformsRequest->handle(Object(Illuminate\\Http\\Request), Object(Closure))
#47 C:\\xampp\\htdocs\\vizsga_backend\\vendor\\laravel\\framework\\src\\Illuminate\\Pipeline\\Pipeline.php(209): Illuminate\\Foundation\\Http\\Middleware\\ConvertEmptyStringsToNull->handle(Object(Illuminate\\Http\\Request), Object(Closure))
#48 C:\\xampp\\htdocs\\vizsga_backend\\vendor\\laravel\\framework\\src\\Illuminate\\Foundation\\Http\\Middleware\\TransformsRequest.php(21): Illuminate\\Pipeline\\Pipeline->Illuminate\\Pipeline\\{closure}(Object(Illuminate\\Http\\Request))
#49 C:\\xampp\\htdocs\\vizsga_backend\\vendor\\laravel\\framework\\src\\Illuminate\\Foundation\\Http\\Middleware\\TrimStrings.php(51): Illuminate\\Foundation\\Http\\Middleware\\TransformsRequest->handle(Object(Illuminate\\Http\\Request), Object(Closure))
#50 C:\\xampp\\htdocs\\vizsga_backend\\vendor\\laravel\\framework\\src\\Illuminate\\Pipeline\\Pipeline.php(209): Illuminate\\Foundation\\Http\\Middleware\\TrimStrings->handle(Object(Illuminate\\Http\\Request), Object(Closure))
#51 C:\\xampp\\htdocs\\vizsga_backend\\vendor\\laravel\\framework\\src\\Illuminate\\Http\\Middleware\\ValidatePostSize.php(27): Illuminate\\Pipeline\\Pipeline->Illuminate\\Pipeline\\{closure}(Object(Illuminate\\Http\\Request))
#52 C:\\xampp\\htdocs\\vizsga_backend\\vendor\\laravel\\framework\\src\\Illuminate\\Pipeline\\Pipeline.php(209): Illuminate\\Http\\Middleware\\ValidatePostSize->handle(Object(Illuminate\\Http\\Request), Object(Closure))
#53 C:\\xampp\\htdocs\\vizsga_backend\\vendor\\laravel\\framework\\src\\Illuminate\\Foundation\\Http\\Middleware\\PreventRequestsDuringMaintenance.php(110): Illuminate\\Pipeline\\Pipeline->Illuminate\\Pipeline\\{closure}(Object(Illuminate\\Http\\Request))
#54 C:\\xampp\\htdocs\\vizsga_backend\\vendor\\laravel\\framework\\src\\Illuminate\\Pipeline\\Pipeline.php(209): Illuminate\\Foundation\\Http\\Middleware\\PreventRequestsDuringMaintenance->handle(Object(Illuminate\\Http\\Request), Object(Closure))
#55 C:\\xampp\\htdocs\\vizsga_backend\\vendor\\laravel\\framework\\src\\Illuminate\\Http\\Middleware\\HandleCors.php(62): Illuminate\\Pipeline\\Pipeline->Illuminate\\Pipeline\\{closure}(Object(Illuminate\\Http\\Request))
#56 C:\\xampp\\htdocs\\vizsga_backend\\vendor\\laravel\\framework\\src\\Illuminate\\Pipeline\\Pipeline.php(209): Illuminate\\Http\\Middleware\\HandleCors->handle(Object(Illuminate\\Http\\Request), Object(Closure))
#57 C:\\xampp\\htdocs\\vizsga_backend\\vendor\\laravel\\framework\\src\\Illuminate\\Http\\Middleware\\TrustProxies.php(58): Illuminate\\Pipeline\\Pipeline->Illuminate\\Pipeline\\{closure}(Object(Illuminate\\Http\\Request))
#58 C:\\xampp\\htdocs\\vizsga_backend\\vendor\\laravel\\framework\\src\\Illuminate\\Pipeline\\Pipeline.php(209): Illuminate\\Http\\Middleware\\TrustProxies->handle(Object(Illuminate\\Http\\Request), Object(Closure))
#59 C:\\xampp\\htdocs\\vizsga_backend\\vendor\\laravel\\framework\\src\\Illuminate\\Foundation\\Http\\Middleware\\InvokeDeferredCallbacks.php(22): Illuminate\\Pipeline\\Pipeline->Illuminate\\Pipeline\\{closure}(Object(Illuminate\\Http\\Request))
#60 C:\\xampp\\htdocs\\vizsga_backend\\vendor\\laravel\\framework\\src\\Illuminate\\Pipeline\\Pipeline.php(209): Illuminate\\Foundation\\Http\\Middleware\\InvokeDeferredCallbacks->handle(Object(Illuminate\\Http\\Request), Object(Closure))
#61 C:\\xampp\\htdocs\\vizsga_backend\\vendor\\laravel\\framework\\src\\Illuminate\\Http\\Middleware\\ValidatePathEncoding.php(26): Illuminate\\Pipeline\\Pipeline->Illuminate\\Pipeline\\{closure}(Object(Illuminate\\Http\\Request))
#62 C:\\xampp\\htdocs\\vizsga_backend\\vendor\\laravel\\framework\\src\\Illuminate\\Pipeline\\Pipeline.php(209): Illuminate\\Http\\Middleware\\ValidatePathEncoding->handle(Object(Illuminate\\Http\\Request), Object(Closure))
#63 C:\\xampp\\htdocs\\vizsga_backend\\vendor\\laravel\\framework\\src\\Illuminate\\Pipeline\\Pipeline.php(127): Illuminate\\Pipeline\\Pipeline->Illuminate\\Pipeline\\{closure}(Object(Illuminate\\Http\\Request))
#64 C:\\xampp\\htdocs\\vizsga_backend\\vendor\\laravel\\framework\\src\\Illuminate\\Foundation\\Http\\Kernel.php(176): Illuminate\\Pipeline\\Pipeline->then(Object(Closure))
#65 C:\\xampp\\htdocs\\vizsga_backend\\vendor\\laravel\\framework\\src\\Illuminate\\Foundation\\Http\\Kernel.php(145): Illuminate\\Foundation\\Http\\Kernel->sendRequestThroughRouter(Object(Illuminate\\Http\\Request))
#66 C:\\xampp\\htdocs\\vizsga_backend\\vendor\\laravel\\framework\\src\\Illuminate\\Foundation\\Application.php(1220): Illuminate\\Foundation\\Http\\Kernel->handle(Object(Illuminate\\Http\\Request))
#67 C:\\xampp\\htdocs\\vizsga_backend\\public\\index.php(20): Illuminate\\Foundation\\Application->handleRequest(Object(Illuminate\\Http\\Request))
#68 C:\\xampp\\htdocs\\vizsga_backend\\vendor\\laravel\\framework\\src\\Illuminate\\Foundation\\resources\\server.php(23): require_once('C:\\\\xampp\\\\htdocs...')
#69 {main}
"} 
[2025-03-26 17:39:13] local.ERROR: SQLSTATE[HY000] [2002] Nem hozható létre kapcsolat, mert a célszámítógép már visszautasította a kapcsolatot (Connection: mysql, SQL: select * from `books`) {"exception":"[object] (Illuminate\\Database\\QueryException(code: 2002): SQLSTATE[HY000] [2002] Nem hozható létre kapcsolat, mert a célszámítógép már visszautasította a kapcsolatot (Connection: mysql, SQL: select * from `books`) at C:\\xampp\\htdocs\\vizsga_backend\\vendor\\laravel\\framework\\src\\Illuminate\\Database\\Connection.php:823)
[stacktrace]
#0 C:\\xampp\\htdocs\\vizsga_backend\\vendor\\laravel\\framework\\src\\Illuminate\\Database\\Connection.php(777): Illuminate\\Database\\Connection->runQueryCallback('select * from `...', Array, Object(Closure))
#1 C:\\xampp\\htdocs\\vizsga_backend\\vendor\\laravel\\framework\\src\\Illuminate\\Database\\Connection.php(396): Illuminate\\Database\\Connection->run('select * from `...', Array, Object(Closure))
#2 C:\\xampp\\htdocs\\vizsga_backend\\vendor\\laravel\\framework\\src\\Illuminate\\Database\\Query\\Builder.php(3105): Illuminate\\Database\\Connection->select('select * from `...', Array, true)
#3 C:\\xampp\\htdocs\\vizsga_backend\\vendor\\laravel\\framework\\src\\Illuminate\\Database\\Query\\Builder.php(3090): Illuminate\\Database\\Query\\Builder->runSelect()
#4 C:\\xampp\\htdocs\\vizsga_backend\\vendor\\laravel\\framework\\src\\Illuminate\\Database\\Query\\Builder.php(3677): Illuminate\\Database\\Query\\Builder->Illuminate\\Database\\Query\\{closure}()
#5 C:\\xampp\\htdocs\\vizsga_backend\\vendor\\laravel\\framework\\src\\Illuminate\\Database\\Query\\Builder.php(3089): Illuminate\\Database\\Query\\Builder->onceWithColumns(Array, Object(Closure))
#6 C:\\xampp\\htdocs\\vizsga_backend\\vendor\\laravel\\framework\\src\\Illuminate\\Database\\Eloquent\\Builder.php(811): Illuminate\\Database\\Query\\Builder->get(Array)
#7 C:\\xampp\\htdocs\\vizsga_backend\\vendor\\laravel\\framework\\src\\Illuminate\\Database\\Eloquent\\Builder.php(793): Illuminate\\Database\\Eloquent\\Builder->getModels(Array)
#8 C:\\xampp\\htdocs\\vizsga_backend\\vendor\\laravel\\framework\\src\\Illuminate\\Database\\Eloquent\\Model.php(694): Illuminate\\Database\\Eloquent\\Builder->get(Array)
#9 C:\\xampp\\htdocs\\vizsga_backend\\app\\Http\\Controllers\\BookController.php(12): Illuminate\\Database\\Eloquent\\Model::all()
#10 C:\\xampp\\htdocs\\vizsga_backend\\vendor\\laravel\\framework\\src\\Illuminate\\Routing\\ControllerDispatcher.php(47): App\\Http\\Controllers\\BookController->index()
#11 C:\\xampp\\htdocs\\vizsga_backend\\vendor\\laravel\\framework\\src\\Illuminate\\Routing\\Route.php(266): Illuminate\\Routing\\ControllerDispatcher->dispatch(Object(Illuminate\\Routing\\Route), Object(App\\Http\\Controllers\\BookController), 'index')
#12 C:\\xampp\\htdocs\\vizsga_backend\\vendor\\laravel\\framework\\src\\Illuminate\\Routing\\Route.php(212): Illuminate\\Routing\\Route->runController()
#13 C:\\xampp\\htdocs\\vizsga_backend\\vendor\\laravel\\framework\\src\\Illuminate\\Routing\\Router.php(809): Illuminate\\Routing\\Route->run()
#14 C:\\xampp\\htdocs\\vizsga_backend\\vendor\\laravel\\framework\\src\\Illuminate\\Pipeline\\Pipeline.php(170): Illuminate\\Routing\\Router->Illuminate\\Routing\\{closure}(Object(Illuminate\\Http\\Request))
#15 C:\\xampp\\htdocs\\vizsga_backend\\vendor\\laravel\\framework\\src\\Illuminate\\Routing\\Middleware\\SubstituteBindings.php(51): Illuminate\\Pipeline\\Pipeline->Illuminate\\Pipeline\\{closure}(Object(Illuminate\\Http\\Request))
#16 C:\\xampp\\htdocs\\vizsga_backend\\vendor\\laravel\\framework\\src\\Illuminate\\Pipeline\\Pipeline.php(209): Illuminate\\Routing\\Middleware\\SubstituteBindings->handle(Object(Illuminate\\Http\\Request), Object(Closure))
#17 C:\\xampp\\htdocs\\vizsga_backend\\vendor\\laravel\\framework\\src\\Illuminate\\Foundation\\Http\\Middleware\\VerifyCsrfToken.php(88): Illuminate\\Pipeline\\Pipeline->Illuminate\\Pipeline\\{closure}(Object(Illuminate\\Http\\Request))
#18 C:\\xampp\\htdocs\\vizsga_backend\\vendor\\laravel\\framework\\src\\Illuminate\\Pipeline\\Pipeline.php(209): Illuminate\\Foundation\\Http\\Middleware\\VerifyCsrfToken->handle(Object(Illuminate\\Http\\Request), Object(Closure))
#19 C:\\xampp\\htdocs\\vizsga_backend\\vendor\\laravel\\framework\\src\\Illuminate\\View\\Middleware\\ShareErrorsFromSession.php(49): Illuminate\\Pipeline\\Pipeline->Illuminate\\Pipeline\\{closure}(Object(Illuminate\\Http\\Request))
#20 C:\\xampp\\htdocs\\vizsga_backend\\vendor\\laravel\\framework\\src\\Illuminate\\Pipeline\\Pipeline.php(209): Illuminate\\View\\Middleware\\ShareErrorsFromSession->handle(Object(Illuminate\\Http\\Request), Object(Closure))
#21 C:\\xampp\\htdocs\\vizsga_backend\\vendor\\laravel\\framework\\src\\Illuminate\\Session\\Middleware\\StartSession.php(121): Illuminate\\Pipeline\\Pipeline->Illuminate\\Pipeline\\{closure}(Object(Illuminate\\Http\\Request))
#22 C:\\xampp\\htdocs\\vizsga_backend\\vendor\\laravel\\framework\\src\\Illuminate\\Session\\Middleware\\StartSession.php(64): Illuminate\\Session\\Middleware\\StartSession->handleStatefulRequest(Object(Illuminate\\Http\\Request), Object(Illuminate\\Session\\Store), Object(Closure))
#23 C:\\xampp\\htdocs\\vizsga_backend\\vendor\\laravel\\framework\\src\\Illuminate\\Pipeline\\Pipeline.php(209): Illuminate\\Session\\Middleware\\StartSession->handle(Object(Illuminate\\Http\\Request), Object(Closure))
#24 C:\\xampp\\htdocs\\vizsga_backend\\vendor\\laravel\\framework\\src\\Illuminate\\Cookie\\Middleware\\AddQueuedCookiesToResponse.php(37): Illuminate\\Pipeline\\Pipeline->Illuminate\\Pipeline\\{closure}(Object(Illuminate\\Http\\Request))
#25 C:\\xampp\\htdocs\\vizsga_backend\\vendor\\laravel\\framework\\src\\Illuminate\\Pipeline\\Pipeline.php(209): Illuminate\\Cookie\\Middleware\\AddQueuedCookiesToResponse->handle(Object(Illuminate\\Http\\Request), Object(Closure))
#26 C:\\xampp\\htdocs\\vizsga_backend\\vendor\\laravel\\framework\\src\\Illuminate\\Cookie\\Middleware\\EncryptCookies.php(75): Illuminate\\Pipeline\\Pipeline->Illuminate\\Pipeline\\{closure}(Object(Illuminate\\Http\\Request))
#27 C:\\xampp\\htdocs\\vizsga_backend\\vendor\\laravel\\framework\\src\\Illuminate\\Pipeline\\Pipeline.php(209): Illuminate\\Cookie\\Middleware\\EncryptCookies->handle(Object(Illuminate\\Http\\Request), Object(Closure))
#28 C:\\xampp\\htdocs\\vizsga_backend\\vendor\\laravel\\framework\\src\\Illuminate\\Pipeline\\Pipeline.php(127): Illuminate\\Pipeline\\Pipeline->Illuminate\\Pipeline\\{closure}(Object(Illuminate\\Http\\Request))
#29 C:\\xampp\\htdocs\\vizsga_backend\\vendor\\laravel\\framework\\src\\Illuminate\\Routing\\Router.php(808): Illuminate\\Pipeline\\Pipeline->then(Object(Closure))
#30 C:\\xampp\\htdocs\\vizsga_backend\\vendor\\laravel\\framework\\src\\Illuminate\\Routing\\Router.php(787): Illuminate\\Routing\\Router->runRouteWithinStack(Object(Illuminate\\Routing\\Route), Object(Illuminate\\Http\\Request))
#31 C:\\xampp\\htdocs\\vizsga_backend\\vendor\\laravel\\framework\\src\\Illuminate\\Routing\\Router.php(751): Illuminate\\Routing\\Router->runRoute(Object(Illuminate\\Http\\Request), Object(Illuminate\\Routing\\Route))
#32 C:\\xampp\\htdocs\\vizsga_backend\\vendor\\laravel\\framework\\src\\Illuminate\\Routing\\Router.php(740): Illuminate\\Routing\\Router->dispatchToRoute(Object(Illuminate\\Http\\Request))
#33 C:\\xampp\\htdocs\\vizsga_backend\\vendor\\laravel\\framework\\src\\Illuminate\\Foundation\\Http\\Kernel.php(201): Illuminate\\Routing\\Router->dispatch(Object(Illuminate\\Http\\Request))
#34 C:\\xampp\\htdocs\\vizsga_backend\\vendor\\laravel\\framework\\src\\Illuminate\\Pipeline\\Pipeline.php(170): Illuminate\\Foundation\\Http\\Kernel->Illuminate\\Foundation\\Http\\{closure}(Object(Illuminate\\Http\\Request))
#35 C:\\xampp\\htdocs\\vizsga_backend\\vendor\\laravel\\framework\\src\\Illuminate\\Foundation\\Http\\Middleware\\TransformsRequest.php(21): Illuminate\\Pipeline\\Pipeline->Illuminate\\Pipeline\\{closure}(Object(Illuminate\\Http\\Request))
#36 C:\\xampp\\htdocs\\vizsga_backend\\vendor\\laravel\\framework\\src\\Illuminate\\Foundation\\Http\\Middleware\\ConvertEmptyStringsToNull.php(31): Illuminate\\Foundation\\Http\\Middleware\\TransformsRequest->handle(Object(Illuminate\\Http\\Request), Object(Closure))
#37 C:\\xampp\\htdocs\\vizsga_backend\\vendor\\laravel\\framework\\src\\Illuminate\\Pipeline\\Pipeline.php(209): Illuminate\\Foundation\\Http\\Middleware\\ConvertEmptyStringsToNull->handle(Object(Illuminate\\Http\\Request), Object(Closure))
#38 C:\\xampp\\htdocs\\vizsga_backend\\vendor\\laravel\\framework\\src\\Illuminate\\Foundation\\Http\\Middleware\\TransformsRequest.php(21): Illuminate\\Pipeline\\Pipeline->Illuminate\\Pipeline\\{closure}(Object(Illuminate\\Http\\Request))
#39 C:\\xampp\\htdocs\\vizsga_backend\\vendor\\laravel\\framework\\src\\Illuminate\\Foundation\\Http\\Middleware\\TrimStrings.php(51): Illuminate\\Foundation\\Http\\Middleware\\TransformsRequest->handle(Object(Illuminate\\Http\\Request), Object(Closure))
#40 C:\\xampp\\htdocs\\vizsga_backend\\vendor\\laravel\\framework\\src\\Illuminate\\Pipeline\\Pipeline.php(209): Illuminate\\Foundation\\Http\\Middleware\\TrimStrings->handle(Object(Illuminate\\Http\\Request), Object(Closure))
#41 C:\\xampp\\htdocs\\vizsga_backend\\vendor\\laravel\\framework\\src\\Illuminate\\Http\\Middleware\\ValidatePostSize.php(27): Illuminate\\Pipeline\\Pipeline->Illuminate\\Pipeline\\{closure}(Object(Illuminate\\Http\\Request))
#42 C:\\xampp\\htdocs\\vizsga_backend\\vendor\\laravel\\framework\\src\\Illuminate\\Pipeline\\Pipeline.php(209): Illuminate\\Http\\Middleware\\ValidatePostSize->handle(Object(Illuminate\\Http\\Request), Object(Closure))
#43 C:\\xampp\\htdocs\\vizsga_backend\\vendor\\laravel\\framework\\src\\Illuminate\\Foundation\\Http\\Middleware\\PreventRequestsDuringMaintenance.php(110): Illuminate\\Pipeline\\Pipeline->Illuminate\\Pipeline\\{closure}(Object(Illuminate\\Http\\Request))
#44 C:\\xampp\\htdocs\\vizsga_backend\\vendor\\laravel\\framework\\src\\Illuminate\\Pipeline\\Pipeline.php(209): Illuminate\\Foundation\\Http\\Middleware\\PreventRequestsDuringMaintenance->handle(Object(Illuminate\\Http\\Request), Object(Closure))
#45 C:\\xampp\\htdocs\\vizsga_backend\\vendor\\laravel\\framework\\src\\Illuminate\\Http\\Middleware\\HandleCors.php(62): Illuminate\\Pipeline\\Pipeline->Illuminate\\Pipeline\\{closure}(Object(Illuminate\\Http\\Request))
#46 C:\\xampp\\htdocs\\vizsga_backend\\vendor\\laravel\\framework\\src\\Illuminate\\Pipeline\\Pipeline.php(209): Illuminate\\Http\\Middleware\\HandleCors->handle(Object(Illuminate\\Http\\Request), Object(Closure))
#47 C:\\xampp\\htdocs\\vizsga_backend\\vendor\\laravel\\framework\\src\\Illuminate\\Http\\Middleware\\TrustProxies.php(58): Illuminate\\Pipeline\\Pipeline->Illuminate\\Pipeline\\{closure}(Object(Illuminate\\Http\\Request))
#48 C:\\xampp\\htdocs\\vizsga_backend\\vendor\\laravel\\framework\\src\\Illuminate\\Pipeline\\Pipeline.php(209): Illuminate\\Http\\Middleware\\TrustProxies->handle(Object(Illuminate\\Http\\Request), Object(Closure))
#49 C:\\xampp\\htdocs\\vizsga_backend\\vendor\\laravel\\framework\\src\\Illuminate\\Foundation\\Http\\Middleware\\InvokeDeferredCallbacks.php(22): Illuminate\\Pipeline\\Pipeline->Illuminate\\Pipeline\\{closure}(Object(Illuminate\\Http\\Request))
#50 C:\\xampp\\htdocs\\vizsga_backend\\vendor\\laravel\\framework\\src\\Illuminate\\Pipeline\\Pipeline.php(209): Illuminate\\Foundation\\Http\\Middleware\\InvokeDeferredCallbacks->handle(Object(Illuminate\\Http\\Request), Object(Closure))
#51 C:\\xampp\\htdocs\\vizsga_backend\\vendor\\laravel\\framework\\src\\Illuminate\\Http\\Middleware\\ValidatePathEncoding.php(26): Illuminate\\Pipeline\\Pipeline->Illuminate\\Pipeline\\{closure}(Object(Illuminate\\Http\\Request))
#52 C:\\xampp\\htdocs\\vizsga_backend\\vendor\\laravel\\framework\\src\\Illuminate\\Pipeline\\Pipeline.php(209): Illuminate\\Http\\Middleware\\ValidatePathEncoding->handle(Object(Illuminate\\Http\\Request), Object(Closure))
#53 C:\\xampp\\htdocs\\vizsga_backend\\vendor\\laravel\\framework\\src\\Illuminate\\Pipeline\\Pipeline.php(127): Illuminate\\Pipeline\\Pipeline->Illuminate\\Pipeline\\{closure}(Object(Illuminate\\Http\\Request))
#54 C:\\xampp\\htdocs\\vizsga_backend\\vendor\\laravel\\framework\\src\\Illuminate\\Foundation\\Http\\Kernel.php(176): Illuminate\\Pipeline\\Pipeline->then(Object(Closure))
#55 C:\\xampp\\htdocs\\vizsga_backend\\vendor\\laravel\\framework\\src\\Illuminate\\Foundation\\Http\\Kernel.php(145): Illuminate\\Foundation\\Http\\Kernel->sendRequestThroughRouter(Object(Illuminate\\Http\\Request))
#56 C:\\xampp\\htdocs\\vizsga_backend\\vendor\\laravel\\framework\\src\\Illuminate\\Foundation\\Application.php(1220): Illuminate\\Foundation\\Http\\Kernel->handle(Object(Illuminate\\Http\\Request))
#57 C:\\xampp\\htdocs\\vizsga_backend\\public\\index.php(20): Illuminate\\Foundation\\Application->handleRequest(Object(Illuminate\\Http\\Request))
#58 C:\\xampp\\htdocs\\vizsga_backend\\vendor\\laravel\\framework\\src\\Illuminate\\Foundation\\resources\\server.php(23): require_once('C:\\\\xampp\\\\htdocs...')
#59 {main}

[previous exception] [object] (PDOException(code: 2002): SQLSTATE[HY000] [2002] Nem hozható létre kapcsolat, mert a célszámítógép már visszautasította a kapcsolatot at C:\\xampp\\htdocs\\vizsga_backend\\vendor\\laravel\\framework\\src\\Illuminate\\Database\\Connectors\\Connector.php:66)
[stacktrace]
#0 C:\\xampp\\htdocs\\vizsga_backend\\vendor\\laravel\\framework\\src\\Illuminate\\Database\\Connectors\\Connector.php(66): PDO->__construct('mysql:host=127....', 'root', Object(SensitiveParameterValue), Array)
#1 C:\\xampp\\htdocs\\vizsga_backend\\vendor\\laravel\\framework\\src\\Illuminate\\Database\\Connectors\\Connector.php(44): Illuminate\\Database\\Connectors\\Connector->createPdoConnection('mysql:host=127....', 'root', Object(SensitiveParameterValue), Array)
#2 C:\\xampp\\htdocs\\vizsga_backend\\vendor\\laravel\\framework\\src\\Illuminate\\Database\\Connectors\\MySqlConnector.php(24): Illuminate\\Database\\Connectors\\Connector->createConnection('mysql:host=127....', Array, Array)
#3 C:\\xampp\\htdocs\\vizsga_backend\\vendor\\laravel\\framework\\src\\Illuminate\\Database\\Connectors\\ConnectionFactory.php(185): Illuminate\\Database\\Connectors\\MySqlConnector->connect(Array)
#4 [internal function]: Illuminate\\Database\\Connectors\\ConnectionFactory->Illuminate\\Database\\Connectors\\{closure}()
#5 C:\\xampp\\htdocs\\vizsga_backend\\vendor\\laravel\\framework\\src\\Illuminate\\Database\\Connection.php(1229): call_user_func(Object(Closure))
#6 C:\\xampp\\htdocs\\vizsga_backend\\vendor\\laravel\\framework\\src\\Illuminate\\Database\\Connection.php(1265): Illuminate\\Database\\Connection->getPdo()
#7 C:\\xampp\\htdocs\\vizsga_backend\\vendor\\laravel\\framework\\src\\Illuminate\\Database\\Connection.php(510): Illuminate\\Database\\Connection->getReadPdo()
#8 C:\\xampp\\htdocs\\vizsga_backend\\vendor\\laravel\\framework\\src\\Illuminate\\Database\\Connection.php(405): Illuminate\\Database\\Connection->getPdoForSelect(true)
#9 C:\\xampp\\htdocs\\vizsga_backend\\vendor\\laravel\\framework\\src\\Illuminate\\Database\\Connection.php(810): Illuminate\\Database\\Connection->Illuminate\\Database\\{closure}('select * from `...', Array)
#10 C:\\xampp\\htdocs\\vizsga_backend\\vendor\\laravel\\framework\\src\\Illuminate\\Database\\Connection.php(777): Illuminate\\Database\\Connection->runQueryCallback('select * from `...', Array, Object(Closure))
#11 C:\\xampp\\htdocs\\vizsga_backend\\vendor\\laravel\\framework\\src\\Illuminate\\Database\\Connection.php(396): Illuminate\\Database\\Connection->run('select * from `...', Array, Object(Closure))
#12 C:\\xampp\\htdocs\\vizsga_backend\\vendor\\laravel\\framework\\src\\Illuminate\\Database\\Query\\Builder.php(3105): Illuminate\\Database\\Connection->select('select * from `...', Array, true)
#13 C:\\xampp\\htdocs\\vizsga_backend\\vendor\\laravel\\framework\\src\\Illuminate\\Database\\Query\\Builder.php(3090): Illuminate\\Database\\Query\\Builder->runSelect()
#14 C:\\xampp\\htdocs\\vizsga_backend\\vendor\\laravel\\framework\\src\\Illuminate\\Database\\Query\\Builder.php(3677): Illuminate\\Database\\Query\\Builder->Illuminate\\Database\\Query\\{closure}()
#15 C:\\xampp\\htdocs\\vizsga_backend\\vendor\\laravel\\framework\\src\\Illuminate\\Database\\Query\\Builder.php(3089): Illuminate\\Database\\Query\\Builder->onceWithColumns(Array, Object(Closure))
#16 C:\\xampp\\htdocs\\vizsga_backend\\vendor\\laravel\\framework\\src\\Illuminate\\Database\\Eloquent\\Builder.php(811): Illuminate\\Database\\Query\\Builder->get(Array)
#17 C:\\xampp\\htdocs\\vizsga_backend\\vendor\\laravel\\framework\\src\\Illuminate\\Database\\Eloquent\\Builder.php(793): Illuminate\\Database\\Eloquent\\Builder->getModels(Array)
#18 C:\\xampp\\htdocs\\vizsga_backend\\vendor\\laravel\\framework\\src\\Illuminate\\Database\\Eloquent\\Model.php(694): Illuminate\\Database\\Eloquent\\Builder->get(Array)
#19 C:\\xampp\\htdocs\\vizsga_backend\\app\\Http\\Controllers\\BookController.php(12): Illuminate\\Database\\Eloquent\\Model::all()
#20 C:\\xampp\\htdocs\\vizsga_backend\\vendor\\laravel\\framework\\src\\Illuminate\\Routing\\ControllerDispatcher.php(47): App\\Http\\Controllers\\BookController->index()
#21 C:\\xampp\\htdocs\\vizsga_backend\\vendor\\laravel\\framework\\src\\Illuminate\\Routing\\Route.php(266): Illuminate\\Routing\\ControllerDispatcher->dispatch(Object(Illuminate\\Routing\\Route), Object(App\\Http\\Controllers\\BookController), 'index')
#22 C:\\xampp\\htdocs\\vizsga_backend\\vendor\\laravel\\framework\\src\\Illuminate\\Routing\\Route.php(212): Illuminate\\Routing\\Route->runController()
#23 C:\\xampp\\htdocs\\vizsga_backend\\vendor\\laravel\\framework\\src\\Illuminate\\Routing\\Router.php(809): Illuminate\\Routing\\Route->run()
#24 C:\\xampp\\htdocs\\vizsga_backend\\vendor\\laravel\\framework\\src\\Illuminate\\Pipeline\\Pipeline.php(170): Illuminate\\Routing\\Router->Illuminate\\Routing\\{closure}(Object(Illuminate\\Http\\Request))
#25 C:\\xampp\\htdocs\\vizsga_backend\\vendor\\laravel\\framework\\src\\Illuminate\\Routing\\Middleware\\SubstituteBindings.php(51): Illuminate\\Pipeline\\Pipeline->Illuminate\\Pipeline\\{closure}(Object(Illuminate\\Http\\Request))
#26 C:\\xampp\\htdocs\\vizsga_backend\\vendor\\laravel\\framework\\src\\Illuminate\\Pipeline\\Pipeline.php(209): Illuminate\\Routing\\Middleware\\SubstituteBindings->handle(Object(Illuminate\\Http\\Request), Object(Closure))
#27 C:\\xampp\\htdocs\\vizsga_backend\\vendor\\laravel\\framework\\src\\Illuminate\\Foundation\\Http\\Middleware\\VerifyCsrfToken.php(88): Illuminate\\Pipeline\\Pipeline->Illuminate\\Pipeline\\{closure}(Object(Illuminate\\Http\\Request))
#28 C:\\xampp\\htdocs\\vizsga_backend\\vendor\\laravel\\framework\\src\\Illuminate\\Pipeline\\Pipeline.php(209): Illuminate\\Foundation\\Http\\Middleware\\VerifyCsrfToken->handle(Object(Illuminate\\Http\\Request), Object(Closure))
#29 C:\\xampp\\htdocs\\vizsga_backend\\vendor\\laravel\\framework\\src\\Illuminate\\View\\Middleware\\ShareErrorsFromSession.php(49): Illuminate\\Pipeline\\Pipeline->Illuminate\\Pipeline\\{closure}(Object(Illuminate\\Http\\Request))
#30 C:\\xampp\\htdocs\\vizsga_backend\\vendor\\laravel\\framework\\src\\Illuminate\\Pipeline\\Pipeline.php(209): Illuminate\\View\\Middleware\\ShareErrorsFromSession->handle(Object(Illuminate\\Http\\Request), Object(Closure))
#31 C:\\xampp\\htdocs\\vizsga_backend\\vendor\\laravel\\framework\\src\\Illuminate\\Session\\Middleware\\StartSession.php(121): Illuminate\\Pipeline\\Pipeline->Illuminate\\Pipeline\\{closure}(Object(Illuminate\\Http\\Request))
#32 C:\\xampp\\htdocs\\vizsga_backend\\vendor\\laravel\\framework\\src\\Illuminate\\Session\\Middleware\\StartSession.php(64): Illuminate\\Session\\Middleware\\StartSession->handleStatefulRequest(Object(Illuminate\\Http\\Request), Object(Illuminate\\Session\\Store), Object(Closure))
#33 C:\\xampp\\htdocs\\vizsga_backend\\vendor\\laravel\\framework\\src\\Illuminate\\Pipeline\\Pipeline.php(209): Illuminate\\Session\\Middleware\\StartSession->handle(Object(Illuminate\\Http\\Request), Object(Closure))
#34 C:\\xampp\\htdocs\\vizsga_backend\\vendor\\laravel\\framework\\src\\Illuminate\\Cookie\\Middleware\\AddQueuedCookiesToResponse.php(37): Illuminate\\Pipeline\\Pipeline->Illuminate\\Pipeline\\{closure}(Object(Illuminate\\Http\\Request))
#35 C:\\xampp\\htdocs\\vizsga_backend\\vendor\\laravel\\framework\\src\\Illuminate\\Pipeline\\Pipeline.php(209): Illuminate\\Cookie\\Middleware\\AddQueuedCookiesToResponse->handle(Object(Illuminate\\Http\\Request), Object(Closure))
#36 C:\\xampp\\htdocs\\vizsga_backend\\vendor\\laravel\\framework\\src\\Illuminate\\Cookie\\Middleware\\EncryptCookies.php(75): Illuminate\\Pipeline\\Pipeline->Illuminate\\Pipeline\\{closure}(Object(Illuminate\\Http\\Request))
#37 C:\\xampp\\htdocs\\vizsga_backend\\vendor\\laravel\\framework\\src\\Illuminate\\Pipeline\\Pipeline.php(209): Illuminate\\Cookie\\Middleware\\EncryptCookies->handle(Object(Illuminate\\Http\\Request), Object(Closure))
#38 C:\\xampp\\htdocs\\vizsga_backend\\vendor\\laravel\\framework\\src\\Illuminate\\Pipeline\\Pipeline.php(127): Illuminate\\Pipeline\\Pipeline->Illuminate\\Pipeline\\{closure}(Object(Illuminate\\Http\\Request))
#39 C:\\xampp\\htdocs\\vizsga_backend\\vendor\\laravel\\framework\\src\\Illuminate\\Routing\\Router.php(808): Illuminate\\Pipeline\\Pipeline->then(Object(Closure))
#40 C:\\xampp\\htdocs\\vizsga_backend\\vendor\\laravel\\framework\\src\\Illuminate\\Routing\\Router.php(787): Illuminate\\Routing\\Router->runRouteWithinStack(Object(Illuminate\\Routing\\Route), Object(Illuminate\\Http\\Request))
#41 C:\\xampp\\htdocs\\vizsga_backend\\vendor\\laravel\\framework\\src\\Illuminate\\Routing\\Router.php(751): Illuminate\\Routing\\Router->runRoute(Object(Illuminate\\Http\\Request), Object(Illuminate\\Routing\\Route))
#42 C:\\xampp\\htdocs\\vizsga_backend\\vendor\\laravel\\framework\\src\\Illuminate\\Routing\\Router.php(740): Illuminate\\Routing\\Router->dispatchToRoute(Object(Illuminate\\Http\\Request))
#43 C:\\xampp\\htdocs\\vizsga_backend\\vendor\\laravel\\framework\\src\\Illuminate\\Foundation\\Http\\Kernel.php(201): Illuminate\\Routing\\Router->dispatch(Object(Illuminate\\Http\\Request))
#44 C:\\xampp\\htdocs\\vizsga_backend\\vendor\\laravel\\framework\\src\\Illuminate\\Pipeline\\Pipeline.php(170): Illuminate\\Foundation\\Http\\Kernel->Illuminate\\Foundation\\Http\\{closure}(Object(Illuminate\\Http\\Request))
#45 C:\\xampp\\htdocs\\vizsga_backend\\vendor\\laravel\\framework\\src\\Illuminate\\Foundation\\Http\\Middleware\\TransformsRequest.php(21): Illuminate\\Pipeline\\Pipeline->Illuminate\\Pipeline\\{closure}(Object(Illuminate\\Http\\Request))
#46 C:\\xampp\\htdocs\\vizsga_backend\\vendor\\laravel\\framework\\src\\Illuminate\\Foundation\\Http\\Middleware\\ConvertEmptyStringsToNull.php(31): Illuminate\\Foundation\\Http\\Middleware\\TransformsRequest->handle(Object(Illuminate\\Http\\Request), Object(Closure))
#47 C:\\xampp\\htdocs\\vizsga_backend\\vendor\\laravel\\framework\\src\\Illuminate\\Pipeline\\Pipeline.php(209): Illuminate\\Foundation\\Http\\Middleware\\ConvertEmptyStringsToNull->handle(Object(Illuminate\\Http\\Request), Object(Closure))
#48 C:\\xampp\\htdocs\\vizsga_backend\\vendor\\laravel\\framework\\src\\Illuminate\\Foundation\\Http\\Middleware\\TransformsRequest.php(21): Illuminate\\Pipeline\\Pipeline->Illuminate\\Pipeline\\{closure}(Object(Illuminate\\Http\\Request))
#49 C:\\xampp\\htdocs\\vizsga_backend\\vendor\\laravel\\framework\\src\\Illuminate\\Foundation\\Http\\Middleware\\TrimStrings.php(51): Illuminate\\Foundation\\Http\\Middleware\\TransformsRequest->handle(Object(Illuminate\\Http\\Request), Object(Closure))
#50 C:\\xampp\\htdocs\\vizsga_backend\\vendor\\laravel\\framework\\src\\Illuminate\\Pipeline\\Pipeline.php(209): Illuminate\\Foundation\\Http\\Middleware\\TrimStrings->handle(Object(Illuminate\\Http\\Request), Object(Closure))
#51 C:\\xampp\\htdocs\\vizsga_backend\\vendor\\laravel\\framework\\src\\Illuminate\\Http\\Middleware\\ValidatePostSize.php(27): Illuminate\\Pipeline\\Pipeline->Illuminate\\Pipeline\\{closure}(Object(Illuminate\\Http\\Request))
#52 C:\\xampp\\htdocs\\vizsga_backend\\vendor\\laravel\\framework\\src\\Illuminate\\Pipeline\\Pipeline.php(209): Illuminate\\Http\\Middleware\\ValidatePostSize->handle(Object(Illuminate\\Http\\Request), Object(Closure))
#53 C:\\xampp\\htdocs\\vizsga_backend\\vendor\\laravel\\framework\\src\\Illuminate\\Foundation\\Http\\Middleware\\PreventRequestsDuringMaintenance.php(110): Illuminate\\Pipeline\\Pipeline->Illuminate\\Pipeline\\{closure}(Object(Illuminate\\Http\\Request))
#54 C:\\xampp\\htdocs\\vizsga_backend\\vendor\\laravel\\framework\\src\\Illuminate\\Pipeline\\Pipeline.php(209): Illuminate\\Foundation\\Http\\Middleware\\PreventRequestsDuringMaintenance->handle(Object(Illuminate\\Http\\Request), Object(Closure))
#55 C:\\xampp\\htdocs\\vizsga_backend\\vendor\\laravel\\framework\\src\\Illuminate\\Http\\Middleware\\HandleCors.php(62): Illuminate\\Pipeline\\Pipeline->Illuminate\\Pipeline\\{closure}(Object(Illuminate\\Http\\Request))
#56 C:\\xampp\\htdocs\\vizsga_backend\\vendor\\laravel\\framework\\src\\Illuminate\\Pipeline\\Pipeline.php(209): Illuminate\\Http\\Middleware\\HandleCors->handle(Object(Illuminate\\Http\\Request), Object(Closure))
#57 C:\\xampp\\htdocs\\vizsga_backend\\vendor\\laravel\\framework\\src\\Illuminate\\Http\\Middleware\\TrustProxies.php(58): Illuminate\\Pipeline\\Pipeline->Illuminate\\Pipeline\\{closure}(Object(Illuminate\\Http\\Request))
#58 C:\\xampp\\htdocs\\vizsga_backend\\vendor\\laravel\\framework\\src\\Illuminate\\Pipeline\\Pipeline.php(209): Illuminate\\Http\\Middleware\\TrustProxies->handle(Object(Illuminate\\Http\\Request), Object(Closure))
#59 C:\\xampp\\htdocs\\vizsga_backend\\vendor\\laravel\\framework\\src\\Illuminate\\Foundation\\Http\\Middleware\\InvokeDeferredCallbacks.php(22): Illuminate\\Pipeline\\Pipeline->Illuminate\\Pipeline\\{closure}(Object(Illuminate\\Http\\Request))
#60 C:\\xampp\\htdocs\\vizsga_backend\\vendor\\laravel\\framework\\src\\Illuminate\\Pipeline\\Pipeline.php(209): Illuminate\\Foundation\\Http\\Middleware\\InvokeDeferredCallbacks->handle(Object(Illuminate\\Http\\Request), Object(Closure))
#61 C:\\xampp\\htdocs\\vizsga_backend\\vendor\\laravel\\framework\\src\\Illuminate\\Http\\Middleware\\ValidatePathEncoding.php(26): Illuminate\\Pipeline\\Pipeline->Illuminate\\Pipeline\\{closure}(Object(Illuminate\\Http\\Request))
#62 C:\\xampp\\htdocs\\vizsga_backend\\vendor\\laravel\\framework\\src\\Illuminate\\Pipeline\\Pipeline.php(209): Illuminate\\Http\\Middleware\\ValidatePathEncoding->handle(Object(Illuminate\\Http\\Request), Object(Closure))
#63 C:\\xampp\\htdocs\\vizsga_backend\\vendor\\laravel\\framework\\src\\Illuminate\\Pipeline\\Pipeline.php(127): Illuminate\\Pipeline\\Pipeline->Illuminate\\Pipeline\\{closure}(Object(Illuminate\\Http\\Request))
#64 C:\\xampp\\htdocs\\vizsga_backend\\vendor\\laravel\\framework\\src\\Illuminate\\Foundation\\Http\\Kernel.php(176): Illuminate\\Pipeline\\Pipeline->then(Object(Closure))
#65 C:\\xampp\\htdocs\\vizsga_backend\\vendor\\laravel\\framework\\src\\Illuminate\\Foundation\\Http\\Kernel.php(145): Illuminate\\Foundation\\Http\\Kernel->sendRequestThroughRouter(Object(Illuminate\\Http\\Request))
#66 C:\\xampp\\htdocs\\vizsga_backend\\vendor\\laravel\\framework\\src\\Illuminate\\Foundation\\Application.php(1220): Illuminate\\Foundation\\Http\\Kernel->handle(Object(Illuminate\\Http\\Request))
#67 C:\\xampp\\htdocs\\vizsga_backend\\public\\index.php(20): Illuminate\\Foundation\\Application->handleRequest(Object(Illuminate\\Http\\Request))
#68 C:\\xampp\\htdocs\\vizsga_backend\\vendor\\laravel\\framework\\src\\Illuminate\\Foundation\\resources\\server.php(23): require_once('C:\\\\xampp\\\\htdocs...')
#69 {main}
"} 
[2025-03-26 17:39:16] local.ERROR: SQLSTATE[HY000] [2002] Nem hozható létre kapcsolat, mert a célszámítógép már visszautasította a kapcsolatot (Connection: mysql, SQL: select * from `books`) {"exception":"[object] (Illuminate\\Database\\QueryException(code: 2002): SQLSTATE[HY000] [2002] Nem hozható létre kapcsolat, mert a célszámítógép már visszautasította a kapcsolatot (Connection: mysql, SQL: select * from `books`) at C:\\xampp\\htdocs\\vizsga_backend\\vendor\\laravel\\framework\\src\\Illuminate\\Database\\Connection.php:823)
[stacktrace]
#0 C:\\xampp\\htdocs\\vizsga_backend\\vendor\\laravel\\framework\\src\\Illuminate\\Database\\Connection.php(777): Illuminate\\Database\\Connection->runQueryCallback('select * from `...', Array, Object(Closure))
#1 C:\\xampp\\htdocs\\vizsga_backend\\vendor\\laravel\\framework\\src\\Illuminate\\Database\\Connection.php(396): Illuminate\\Database\\Connection->run('select * from `...', Array, Object(Closure))
#2 C:\\xampp\\htdocs\\vizsga_backend\\vendor\\laravel\\framework\\src\\Illuminate\\Database\\Query\\Builder.php(3105): Illuminate\\Database\\Connection->select('select * from `...', Array, true)
#3 C:\\xampp\\htdocs\\vizsga_backend\\vendor\\laravel\\framework\\src\\Illuminate\\Database\\Query\\Builder.php(3090): Illuminate\\Database\\Query\\Builder->runSelect()
#4 C:\\xampp\\htdocs\\vizsga_backend\\vendor\\laravel\\framework\\src\\Illuminate\\Database\\Query\\Builder.php(3677): Illuminate\\Database\\Query\\Builder->Illuminate\\Database\\Query\\{closure}()
#5 C:\\xampp\\htdocs\\vizsga_backend\\vendor\\laravel\\framework\\src\\Illuminate\\Database\\Query\\Builder.php(3089): Illuminate\\Database\\Query\\Builder->onceWithColumns(Array, Object(Closure))
#6 C:\\xampp\\htdocs\\vizsga_backend\\vendor\\laravel\\framework\\src\\Illuminate\\Database\\Eloquent\\Builder.php(811): Illuminate\\Database\\Query\\Builder->get(Array)
#7 C:\\xampp\\htdocs\\vizsga_backend\\vendor\\laravel\\framework\\src\\Illuminate\\Database\\Eloquent\\Builder.php(793): Illuminate\\Database\\Eloquent\\Builder->getModels(Array)
#8 C:\\xampp\\htdocs\\vizsga_backend\\vendor\\laravel\\framework\\src\\Illuminate\\Database\\Eloquent\\Model.php(694): Illuminate\\Database\\Eloquent\\Builder->get(Array)
#9 C:\\xampp\\htdocs\\vizsga_backend\\app\\Http\\Controllers\\BookController.php(12): Illuminate\\Database\\Eloquent\\Model::all()
#10 C:\\xampp\\htdocs\\vizsga_backend\\vendor\\laravel\\framework\\src\\Illuminate\\Routing\\ControllerDispatcher.php(47): App\\Http\\Controllers\\BookController->index()
#11 C:\\xampp\\htdocs\\vizsga_backend\\vendor\\laravel\\framework\\src\\Illuminate\\Routing\\Route.php(266): Illuminate\\Routing\\ControllerDispatcher->dispatch(Object(Illuminate\\Routing\\Route), Object(App\\Http\\Controllers\\BookController), 'index')
#12 C:\\xampp\\htdocs\\vizsga_backend\\vendor\\laravel\\framework\\src\\Illuminate\\Routing\\Route.php(212): Illuminate\\Routing\\Route->runController()
#13 C:\\xampp\\htdocs\\vizsga_backend\\vendor\\laravel\\framework\\src\\Illuminate\\Routing\\Router.php(809): Illuminate\\Routing\\Route->run()
#14 C:\\xampp\\htdocs\\vizsga_backend\\vendor\\laravel\\framework\\src\\Illuminate\\Pipeline\\Pipeline.php(170): Illuminate\\Routing\\Router->Illuminate\\Routing\\{closure}(Object(Illuminate\\Http\\Request))
#15 C:\\xampp\\htdocs\\vizsga_backend\\vendor\\laravel\\framework\\src\\Illuminate\\Routing\\Middleware\\SubstituteBindings.php(51): Illuminate\\Pipeline\\Pipeline->Illuminate\\Pipeline\\{closure}(Object(Illuminate\\Http\\Request))
#16 C:\\xampp\\htdocs\\vizsga_backend\\vendor\\laravel\\framework\\src\\Illuminate\\Pipeline\\Pipeline.php(209): Illuminate\\Routing\\Middleware\\SubstituteBindings->handle(Object(Illuminate\\Http\\Request), Object(Closure))
#17 C:\\xampp\\htdocs\\vizsga_backend\\vendor\\laravel\\framework\\src\\Illuminate\\Foundation\\Http\\Middleware\\VerifyCsrfToken.php(88): Illuminate\\Pipeline\\Pipeline->Illuminate\\Pipeline\\{closure}(Object(Illuminate\\Http\\Request))
#18 C:\\xampp\\htdocs\\vizsga_backend\\vendor\\laravel\\framework\\src\\Illuminate\\Pipeline\\Pipeline.php(209): Illuminate\\Foundation\\Http\\Middleware\\VerifyCsrfToken->handle(Object(Illuminate\\Http\\Request), Object(Closure))
#19 C:\\xampp\\htdocs\\vizsga_backend\\vendor\\laravel\\framework\\src\\Illuminate\\View\\Middleware\\ShareErrorsFromSession.php(49): Illuminate\\Pipeline\\Pipeline->Illuminate\\Pipeline\\{closure}(Object(Illuminate\\Http\\Request))
#20 C:\\xampp\\htdocs\\vizsga_backend\\vendor\\laravel\\framework\\src\\Illuminate\\Pipeline\\Pipeline.php(209): Illuminate\\View\\Middleware\\ShareErrorsFromSession->handle(Object(Illuminate\\Http\\Request), Object(Closure))
#21 C:\\xampp\\htdocs\\vizsga_backend\\vendor\\laravel\\framework\\src\\Illuminate\\Session\\Middleware\\StartSession.php(121): Illuminate\\Pipeline\\Pipeline->Illuminate\\Pipeline\\{closure}(Object(Illuminate\\Http\\Request))
#22 C:\\xampp\\htdocs\\vizsga_backend\\vendor\\laravel\\framework\\src\\Illuminate\\Session\\Middleware\\StartSession.php(64): Illuminate\\Session\\Middleware\\StartSession->handleStatefulRequest(Object(Illuminate\\Http\\Request), Object(Illuminate\\Session\\Store), Object(Closure))
#23 C:\\xampp\\htdocs\\vizsga_backend\\vendor\\laravel\\framework\\src\\Illuminate\\Pipeline\\Pipeline.php(209): Illuminate\\Session\\Middleware\\StartSession->handle(Object(Illuminate\\Http\\Request), Object(Closure))
#24 C:\\xampp\\htdocs\\vizsga_backend\\vendor\\laravel\\framework\\src\\Illuminate\\Cookie\\Middleware\\AddQueuedCookiesToResponse.php(37): Illuminate\\Pipeline\\Pipeline->Illuminate\\Pipeline\\{closure}(Object(Illuminate\\Http\\Request))
#25 C:\\xampp\\htdocs\\vizsga_backend\\vendor\\laravel\\framework\\src\\Illuminate\\Pipeline\\Pipeline.php(209): Illuminate\\Cookie\\Middleware\\AddQueuedCookiesToResponse->handle(Object(Illuminate\\Http\\Request), Object(Closure))
#26 C:\\xampp\\htdocs\\vizsga_backend\\vendor\\laravel\\framework\\src\\Illuminate\\Cookie\\Middleware\\EncryptCookies.php(75): Illuminate\\Pipeline\\Pipeline->Illuminate\\Pipeline\\{closure}(Object(Illuminate\\Http\\Request))
#27 C:\\xampp\\htdocs\\vizsga_backend\\vendor\\laravel\\framework\\src\\Illuminate\\Pipeline\\Pipeline.php(209): Illuminate\\Cookie\\Middleware\\EncryptCookies->handle(Object(Illuminate\\Http\\Request), Object(Closure))
#28 C:\\xampp\\htdocs\\vizsga_backend\\vendor\\laravel\\framework\\src\\Illuminate\\Pipeline\\Pipeline.php(127): Illuminate\\Pipeline\\Pipeline->Illuminate\\Pipeline\\{closure}(Object(Illuminate\\Http\\Request))
#29 C:\\xampp\\htdocs\\vizsga_backend\\vendor\\laravel\\framework\\src\\Illuminate\\Routing\\Router.php(808): Illuminate\\Pipeline\\Pipeline->then(Object(Closure))
#30 C:\\xampp\\htdocs\\vizsga_backend\\vendor\\laravel\\framework\\src\\Illuminate\\Routing\\Router.php(787): Illuminate\\Routing\\Router->runRouteWithinStack(Object(Illuminate\\Routing\\Route), Object(Illuminate\\Http\\Request))
#31 C:\\xampp\\htdocs\\vizsga_backend\\vendor\\laravel\\framework\\src\\Illuminate\\Routing\\Router.php(751): Illuminate\\Routing\\Router->runRoute(Object(Illuminate\\Http\\Request), Object(Illuminate\\Routing\\Route))
#32 C:\\xampp\\htdocs\\vizsga_backend\\vendor\\laravel\\framework\\src\\Illuminate\\Routing\\Router.php(740): Illuminate\\Routing\\Router->dispatchToRoute(Object(Illuminate\\Http\\Request))
#33 C:\\xampp\\htdocs\\vizsga_backend\\vendor\\laravel\\framework\\src\\Illuminate\\Foundation\\Http\\Kernel.php(201): Illuminate\\Routing\\Router->dispatch(Object(Illuminate\\Http\\Request))
#34 C:\\xampp\\htdocs\\vizsga_backend\\vendor\\laravel\\framework\\src\\Illuminate\\Pipeline\\Pipeline.php(170): Illuminate\\Foundation\\Http\\Kernel->Illuminate\\Foundation\\Http\\{closure}(Object(Illuminate\\Http\\Request))
#35 C:\\xampp\\htdocs\\vizsga_backend\\vendor\\laravel\\framework\\src\\Illuminate\\Foundation\\Http\\Middleware\\TransformsRequest.php(21): Illuminate\\Pipeline\\Pipeline->Illuminate\\Pipeline\\{closure}(Object(Illuminate\\Http\\Request))
#36 C:\\xampp\\htdocs\\vizsga_backend\\vendor\\laravel\\framework\\src\\Illuminate\\Foundation\\Http\\Middleware\\ConvertEmptyStringsToNull.php(31): Illuminate\\Foundation\\Http\\Middleware\\TransformsRequest->handle(Object(Illuminate\\Http\\Request), Object(Closure))
#37 C:\\xampp\\htdocs\\vizsga_backend\\vendor\\laravel\\framework\\src\\Illuminate\\Pipeline\\Pipeline.php(209): Illuminate\\Foundation\\Http\\Middleware\\ConvertEmptyStringsToNull->handle(Object(Illuminate\\Http\\Request), Object(Closure))
#38 C:\\xampp\\htdocs\\vizsga_backend\\vendor\\laravel\\framework\\src\\Illuminate\\Foundation\\Http\\Middleware\\TransformsRequest.php(21): Illuminate\\Pipeline\\Pipeline->Illuminate\\Pipeline\\{closure}(Object(Illuminate\\Http\\Request))
#39 C:\\xampp\\htdocs\\vizsga_backend\\vendor\\laravel\\framework\\src\\Illuminate\\Foundation\\Http\\Middleware\\TrimStrings.php(51): Illuminate\\Foundation\\Http\\Middleware\\TransformsRequest->handle(Object(Illuminate\\Http\\Request), Object(Closure))
#40 C:\\xampp\\htdocs\\vizsga_backend\\vendor\\laravel\\framework\\src\\Illuminate\\Pipeline\\Pipeline.php(209): Illuminate\\Foundation\\Http\\Middleware\\TrimStrings->handle(Object(Illuminate\\Http\\Request), Object(Closure))
#41 C:\\xampp\\htdocs\\vizsga_backend\\vendor\\laravel\\framework\\src\\Illuminate\\Http\\Middleware\\ValidatePostSize.php(27): Illuminate\\Pipeline\\Pipeline->Illuminate\\Pipeline\\{closure}(Object(Illuminate\\Http\\Request))
#42 C:\\xampp\\htdocs\\vizsga_backend\\vendor\\laravel\\framework\\src\\Illuminate\\Pipeline\\Pipeline.php(209): Illuminate\\Http\\Middleware\\ValidatePostSize->handle(Object(Illuminate\\Http\\Request), Object(Closure))
#43 C:\\xampp\\htdocs\\vizsga_backend\\vendor\\laravel\\framework\\src\\Illuminate\\Foundation\\Http\\Middleware\\PreventRequestsDuringMaintenance.php(110): Illuminate\\Pipeline\\Pipeline->Illuminate\\Pipeline\\{closure}(Object(Illuminate\\Http\\Request))
#44 C:\\xampp\\htdocs\\vizsga_backend\\vendor\\laravel\\framework\\src\\Illuminate\\Pipeline\\Pipeline.php(209): Illuminate\\Foundation\\Http\\Middleware\\PreventRequestsDuringMaintenance->handle(Object(Illuminate\\Http\\Request), Object(Closure))
#45 C:\\xampp\\htdocs\\vizsga_backend\\vendor\\laravel\\framework\\src\\Illuminate\\Http\\Middleware\\HandleCors.php(62): Illuminate\\Pipeline\\Pipeline->Illuminate\\Pipeline\\{closure}(Object(Illuminate\\Http\\Request))
#46 C:\\xampp\\htdocs\\vizsga_backend\\vendor\\laravel\\framework\\src\\Illuminate\\Pipeline\\Pipeline.php(209): Illuminate\\Http\\Middleware\\HandleCors->handle(Object(Illuminate\\Http\\Request), Object(Closure))
#47 C:\\xampp\\htdocs\\vizsga_backend\\vendor\\laravel\\framework\\src\\Illuminate\\Http\\Middleware\\TrustProxies.php(58): Illuminate\\Pipeline\\Pipeline->Illuminate\\Pipeline\\{closure}(Object(Illuminate\\Http\\Request))
#48 C:\\xampp\\htdocs\\vizsga_backend\\vendor\\laravel\\framework\\src\\Illuminate\\Pipeline\\Pipeline.php(209): Illuminate\\Http\\Middleware\\TrustProxies->handle(Object(Illuminate\\Http\\Request), Object(Closure))
#49 C:\\xampp\\htdocs\\vizsga_backend\\vendor\\laravel\\framework\\src\\Illuminate\\Foundation\\Http\\Middleware\\InvokeDeferredCallbacks.php(22): Illuminate\\Pipeline\\Pipeline->Illuminate\\Pipeline\\{closure}(Object(Illuminate\\Http\\Request))
#50 C:\\xampp\\htdocs\\vizsga_backend\\vendor\\laravel\\framework\\src\\Illuminate\\Pipeline\\Pipeline.php(209): Illuminate\\Foundation\\Http\\Middleware\\InvokeDeferredCallbacks->handle(Object(Illuminate\\Http\\Request), Object(Closure))
#51 C:\\xampp\\htdocs\\vizsga_backend\\vendor\\laravel\\framework\\src\\Illuminate\\Http\\Middleware\\ValidatePathEncoding.php(26): Illuminate\\Pipeline\\Pipeline->Illuminate\\Pipeline\\{closure}(Object(Illuminate\\Http\\Request))
#52 C:\\xampp\\htdocs\\vizsga_backend\\vendor\\laravel\\framework\\src\\Illuminate\\Pipeline\\Pipeline.php(209): Illuminate\\Http\\Middleware\\ValidatePathEncoding->handle(Object(Illuminate\\Http\\Request), Object(Closure))
#53 C:\\xampp\\htdocs\\vizsga_backend\\vendor\\laravel\\framework\\src\\Illuminate\\Pipeline\\Pipeline.php(127): Illuminate\\Pipeline\\Pipeline->Illuminate\\Pipeline\\{closure}(Object(Illuminate\\Http\\Request))
#54 C:\\xampp\\htdocs\\vizsga_backend\\vendor\\laravel\\framework\\src\\Illuminate\\Foundation\\Http\\Kernel.php(176): Illuminate\\Pipeline\\Pipeline->then(Object(Closure))
#55 C:\\xampp\\htdocs\\vizsga_backend\\vendor\\laravel\\framework\\src\\Illuminate\\Foundation\\Http\\Kernel.php(145): Illuminate\\Foundation\\Http\\Kernel->sendRequestThroughRouter(Object(Illuminate\\Http\\Request))
#56 C:\\xampp\\htdocs\\vizsga_backend\\vendor\\laravel\\framework\\src\\Illuminate\\Foundation\\Application.php(1220): Illuminate\\Foundation\\Http\\Kernel->handle(Object(Illuminate\\Http\\Request))
#57 C:\\xampp\\htdocs\\vizsga_backend\\public\\index.php(20): Illuminate\\Foundation\\Application->handleRequest(Object(Illuminate\\Http\\Request))
#58 C:\\xampp\\htdocs\\vizsga_backend\\vendor\\laravel\\framework\\src\\Illuminate\\Foundation\\resources\\server.php(23): require_once('C:\\\\xampp\\\\htdocs...')
#59 {main}

[previous exception] [object] (PDOException(code: 2002): SQLSTATE[HY000] [2002] Nem hozható létre kapcsolat, mert a célszámítógép már visszautasította a kapcsolatot at C:\\xampp\\htdocs\\vizsga_backend\\vendor\\laravel\\framework\\src\\Illuminate\\Database\\Connectors\\Connector.php:66)
[stacktrace]
#0 C:\\xampp\\htdocs\\vizsga_backend\\vendor\\laravel\\framework\\src\\Illuminate\\Database\\Connectors\\Connector.php(66): PDO->__construct('mysql:host=127....', 'root', Object(SensitiveParameterValue), Array)
#1 C:\\xampp\\htdocs\\vizsga_backend\\vendor\\laravel\\framework\\src\\Illuminate\\Database\\Connectors\\Connector.php(44): Illuminate\\Database\\Connectors\\Connector->createPdoConnection('mysql:host=127....', 'root', Object(SensitiveParameterValue), Array)
#2 C:\\xampp\\htdocs\\vizsga_backend\\vendor\\laravel\\framework\\src\\Illuminate\\Database\\Connectors\\MySqlConnector.php(24): Illuminate\\Database\\Connectors\\Connector->createConnection('mysql:host=127....', Array, Array)
#3 C:\\xampp\\htdocs\\vizsga_backend\\vendor\\laravel\\framework\\src\\Illuminate\\Database\\Connectors\\ConnectionFactory.php(185): Illuminate\\Database\\Connectors\\MySqlConnector->connect(Array)
#4 [internal function]: Illuminate\\Database\\Connectors\\ConnectionFactory->Illuminate\\Database\\Connectors\\{closure}()
#5 C:\\xampp\\htdocs\\vizsga_backend\\vendor\\laravel\\framework\\src\\Illuminate\\Database\\Connection.php(1229): call_user_func(Object(Closure))
#6 C:\\xampp\\htdocs\\vizsga_backend\\vendor\\laravel\\framework\\src\\Illuminate\\Database\\Connection.php(1265): Illuminate\\Database\\Connection->getPdo()
#7 C:\\xampp\\htdocs\\vizsga_backend\\vendor\\laravel\\framework\\src\\Illuminate\\Database\\Connection.php(510): Illuminate\\Database\\Connection->getReadPdo()
#8 C:\\xampp\\htdocs\\vizsga_backend\\vendor\\laravel\\framework\\src\\Illuminate\\Database\\Connection.php(405): Illuminate\\Database\\Connection->getPdoForSelect(true)
#9 C:\\xampp\\htdocs\\vizsga_backend\\vendor\\laravel\\framework\\src\\Illuminate\\Database\\Connection.php(810): Illuminate\\Database\\Connection->Illuminate\\Database\\{closure}('select * from `...', Array)
#10 C:\\xampp\\htdocs\\vizsga_backend\\vendor\\laravel\\framework\\src\\Illuminate\\Database\\Connection.php(777): Illuminate\\Database\\Connection->runQueryCallback('select * from `...', Array, Object(Closure))
#11 C:\\xampp\\htdocs\\vizsga_backend\\vendor\\laravel\\framework\\src\\Illuminate\\Database\\Connection.php(396): Illuminate\\Database\\Connection->run('select * from `...', Array, Object(Closure))
#12 C:\\xampp\\htdocs\\vizsga_backend\\vendor\\laravel\\framework\\src\\Illuminate\\Database\\Query\\Builder.php(3105): Illuminate\\Database\\Connection->select('select * from `...', Array, true)
#13 C:\\xampp\\htdocs\\vizsga_backend\\vendor\\laravel\\framework\\src\\Illuminate\\Database\\Query\\Builder.php(3090): Illuminate\\Database\\Query\\Builder->runSelect()
#14 C:\\xampp\\htdocs\\vizsga_backend\\vendor\\laravel\\framework\\src\\Illuminate\\Database\\Query\\Builder.php(3677): Illuminate\\Database\\Query\\Builder->Illuminate\\Database\\Query\\{closure}()
#15 C:\\xampp\\htdocs\\vizsga_backend\\vendor\\laravel\\framework\\src\\Illuminate\\Database\\Query\\Builder.php(3089): Illuminate\\Database\\Query\\Builder->onceWithColumns(Array, Object(Closure))
#16 C:\\xampp\\htdocs\\vizsga_backend\\vendor\\laravel\\framework\\src\\Illuminate\\Database\\Eloquent\\Builder.php(811): Illuminate\\Database\\Query\\Builder->get(Array)
#17 C:\\xampp\\htdocs\\vizsga_backend\\vendor\\laravel\\framework\\src\\Illuminate\\Database\\Eloquent\\Builder.php(793): Illuminate\\Database\\Eloquent\\Builder->getModels(Array)
#18 C:\\xampp\\htdocs\\vizsga_backend\\vendor\\laravel\\framework\\src\\Illuminate\\Database\\Eloquent\\Model.php(694): Illuminate\\Database\\Eloquent\\Builder->get(Array)
#19 C:\\xampp\\htdocs\\vizsga_backend\\app\\Http\\Controllers\\BookController.php(12): Illuminate\\Database\\Eloquent\\Model::all()
#20 C:\\xampp\\htdocs\\vizsga_backend\\vendor\\laravel\\framework\\src\\Illuminate\\Routing\\ControllerDispatcher.php(47): App\\Http\\Controllers\\BookController->index()
#21 C:\\xampp\\htdocs\\vizsga_backend\\vendor\\laravel\\framework\\src\\Illuminate\\Routing\\Route.php(266): Illuminate\\Routing\\ControllerDispatcher->dispatch(Object(Illuminate\\Routing\\Route), Object(App\\Http\\Controllers\\BookController), 'index')
#22 C:\\xampp\\htdocs\\vizsga_backend\\vendor\\laravel\\framework\\src\\Illuminate\\Routing\\Route.php(212): Illuminate\\Routing\\Route->runController()
#23 C:\\xampp\\htdocs\\vizsga_backend\\vendor\\laravel\\framework\\src\\Illuminate\\Routing\\Router.php(809): Illuminate\\Routing\\Route->run()
#24 C:\\xampp\\htdocs\\vizsga_backend\\vendor\\laravel\\framework\\src\\Illuminate\\Pipeline\\Pipeline.php(170): Illuminate\\Routing\\Router->Illuminate\\Routing\\{closure}(Object(Illuminate\\Http\\Request))
#25 C:\\xampp\\htdocs\\vizsga_backend\\vendor\\laravel\\framework\\src\\Illuminate\\Routing\\Middleware\\SubstituteBindings.php(51): Illuminate\\Pipeline\\Pipeline->Illuminate\\Pipeline\\{closure}(Object(Illuminate\\Http\\Request))
#26 C:\\xampp\\htdocs\\vizsga_backend\\vendor\\laravel\\framework\\src\\Illuminate\\Pipeline\\Pipeline.php(209): Illuminate\\Routing\\Middleware\\SubstituteBindings->handle(Object(Illuminate\\Http\\Request), Object(Closure))
#27 C:\\xampp\\htdocs\\vizsga_backend\\vendor\\laravel\\framework\\src\\Illuminate\\Foundation\\Http\\Middleware\\VerifyCsrfToken.php(88): Illuminate\\Pipeline\\Pipeline->Illuminate\\Pipeline\\{closure}(Object(Illuminate\\Http\\Request))
#28 C:\\xampp\\htdocs\\vizsga_backend\\vendor\\laravel\\framework\\src\\Illuminate\\Pipeline\\Pipeline.php(209): Illuminate\\Foundation\\Http\\Middleware\\VerifyCsrfToken->handle(Object(Illuminate\\Http\\Request), Object(Closure))
#29 C:\\xampp\\htdocs\\vizsga_backend\\vendor\\laravel\\framework\\src\\Illuminate\\View\\Middleware\\ShareErrorsFromSession.php(49): Illuminate\\Pipeline\\Pipeline->Illuminate\\Pipeline\\{closure}(Object(Illuminate\\Http\\Request))
#30 C:\\xampp\\htdocs\\vizsga_backend\\vendor\\laravel\\framework\\src\\Illuminate\\Pipeline\\Pipeline.php(209): Illuminate\\View\\Middleware\\ShareErrorsFromSession->handle(Object(Illuminate\\Http\\Request), Object(Closure))
#31 C:\\xampp\\htdocs\\vizsga_backend\\vendor\\laravel\\framework\\src\\Illuminate\\Session\\Middleware\\StartSession.php(121): Illuminate\\Pipeline\\Pipeline->Illuminate\\Pipeline\\{closure}(Object(Illuminate\\Http\\Request))
#32 C:\\xampp\\htdocs\\vizsga_backend\\vendor\\laravel\\framework\\src\\Illuminate\\Session\\Middleware\\StartSession.php(64): Illuminate\\Session\\Middleware\\StartSession->handleStatefulRequest(Object(Illuminate\\Http\\Request), Object(Illuminate\\Session\\Store), Object(Closure))
#33 C:\\xampp\\htdocs\\vizsga_backend\\vendor\\laravel\\framework\\src\\Illuminate\\Pipeline\\Pipeline.php(209): Illuminate\\Session\\Middleware\\StartSession->handle(Object(Illuminate\\Http\\Request), Object(Closure))
#34 C:\\xampp\\htdocs\\vizsga_backend\\vendor\\laravel\\framework\\src\\Illuminate\\Cookie\\Middleware\\AddQueuedCookiesToResponse.php(37): Illuminate\\Pipeline\\Pipeline->Illuminate\\Pipeline\\{closure}(Object(Illuminate\\Http\\Request))
#35 C:\\xampp\\htdocs\\vizsga_backend\\vendor\\laravel\\framework\\src\\Illuminate\\Pipeline\\Pipeline.php(209): Illuminate\\Cookie\\Middleware\\AddQueuedCookiesToResponse->handle(Object(Illuminate\\Http\\Request), Object(Closure))
#36 C:\\xampp\\htdocs\\vizsga_backend\\vendor\\laravel\\framework\\src\\Illuminate\\Cookie\\Middleware\\EncryptCookies.php(75): Illuminate\\Pipeline\\Pipeline->Illuminate\\Pipeline\\{closure}(Object(Illuminate\\Http\\Request))
#37 C:\\xampp\\htdocs\\vizsga_backend\\vendor\\laravel\\framework\\src\\Illuminate\\Pipeline\\Pipeline.php(209): Illuminate\\Cookie\\Middleware\\EncryptCookies->handle(Object(Illuminate\\Http\\Request), Object(Closure))
#38 C:\\xampp\\htdocs\\vizsga_backend\\vendor\\laravel\\framework\\src\\Illuminate\\Pipeline\\Pipeline.php(127): Illuminate\\Pipeline\\Pipeline->Illuminate\\Pipeline\\{closure}(Object(Illuminate\\Http\\Request))
#39 C:\\xampp\\htdocs\\vizsga_backend\\vendor\\laravel\\framework\\src\\Illuminate\\Routing\\Router.php(808): Illuminate\\Pipeline\\Pipeline->then(Object(Closure))
#40 C:\\xampp\\htdocs\\vizsga_backend\\vendor\\laravel\\framework\\src\\Illuminate\\Routing\\Router.php(787): Illuminate\\Routing\\Router->runRouteWithinStack(Object(Illuminate\\Routing\\Route), Object(Illuminate\\Http\\Request))
#41 C:\\xampp\\htdocs\\vizsga_backend\\vendor\\laravel\\framework\\src\\Illuminate\\Routing\\Router.php(751): Illuminate\\Routing\\Router->runRoute(Object(Illuminate\\Http\\Request), Object(Illuminate\\Routing\\Route))
#42 C:\\xampp\\htdocs\\vizsga_backend\\vendor\\laravel\\framework\\src\\Illuminate\\Routing\\Router.php(740): Illuminate\\Routing\\Router->dispatchToRoute(Object(Illuminate\\Http\\Request))
#43 C:\\xampp\\htdocs\\vizsga_backend\\vendor\\laravel\\framework\\src\\Illuminate\\Foundation\\Http\\Kernel.php(201): Illuminate\\Routing\\Router->dispatch(Object(Illuminate\\Http\\Request))
#44 C:\\xampp\\htdocs\\vizsga_backend\\vendor\\laravel\\framework\\src\\Illuminate\\Pipeline\\Pipeline.php(170): Illuminate\\Foundation\\Http\\Kernel->Illuminate\\Foundation\\Http\\{closure}(Object(Illuminate\\Http\\Request))
#45 C:\\xampp\\htdocs\\vizsga_backend\\vendor\\laravel\\framework\\src\\Illuminate\\Foundation\\Http\\Middleware\\TransformsRequest.php(21): Illuminate\\Pipeline\\Pipeline->Illuminate\\Pipeline\\{closure}(Object(Illuminate\\Http\\Request))
#46 C:\\xampp\\htdocs\\vizsga_backend\\vendor\\laravel\\framework\\src\\Illuminate\\Foundation\\Http\\Middleware\\ConvertEmptyStringsToNull.php(31): Illuminate\\Foundation\\Http\\Middleware\\TransformsRequest->handle(Object(Illuminate\\Http\\Request), Object(Closure))
#47 C:\\xampp\\htdocs\\vizsga_backend\\vendor\\laravel\\framework\\src\\Illuminate\\Pipeline\\Pipeline.php(209): Illuminate\\Foundation\\Http\\Middleware\\ConvertEmptyStringsToNull->handle(Object(Illuminate\\Http\\Request), Object(Closure))
#48 C:\\xampp\\htdocs\\vizsga_backend\\vendor\\laravel\\framework\\src\\Illuminate\\Foundation\\Http\\Middleware\\TransformsRequest.php(21): Illuminate\\Pipeline\\Pipeline->Illuminate\\Pipeline\\{closure}(Object(Illuminate\\Http\\Request))
#49 C:\\xampp\\htdocs\\vizsga_backend\\vendor\\laravel\\framework\\src\\Illuminate\\Foundation\\Http\\Middleware\\TrimStrings.php(51): Illuminate\\Foundation\\Http\\Middleware\\TransformsRequest->handle(Object(Illuminate\\Http\\Request), Object(Closure))
#50 C:\\xampp\\htdocs\\vizsga_backend\\vendor\\laravel\\framework\\src\\Illuminate\\Pipeline\\Pipeline.php(209): Illuminate\\Foundation\\Http\\Middleware\\TrimStrings->handle(Object(Illuminate\\Http\\Request), Object(Closure))
#51 C:\\xampp\\htdocs\\vizsga_backend\\vendor\\laravel\\framework\\src\\Illuminate\\Http\\Middleware\\ValidatePostSize.php(27): Illuminate\\Pipeline\\Pipeline->Illuminate\\Pipeline\\{closure}(Object(Illuminate\\Http\\Request))
#52 C:\\xampp\\htdocs\\vizsga_backend\\vendor\\laravel\\framework\\src\\Illuminate\\Pipeline\\Pipeline.php(209): Illuminate\\Http\\Middleware\\ValidatePostSize->handle(Object(Illuminate\\Http\\Request), Object(Closure))
#53 C:\\xampp\\htdocs\\vizsga_backend\\vendor\\laravel\\framework\\src\\Illuminate\\Foundation\\Http\\Middleware\\PreventRequestsDuringMaintenance.php(110): Illuminate\\Pipeline\\Pipeline->Illuminate\\Pipeline\\{closure}(Object(Illuminate\\Http\\Request))
#54 C:\\xampp\\htdocs\\vizsga_backend\\vendor\\laravel\\framework\\src\\Illuminate\\Pipeline\\Pipeline.php(209): Illuminate\\Foundation\\Http\\Middleware\\PreventRequestsDuringMaintenance->handle(Object(Illuminate\\Http\\Request), Object(Closure))
#55 C:\\xampp\\htdocs\\vizsga_backend\\vendor\\laravel\\framework\\src\\Illuminate\\Http\\Middleware\\HandleCors.php(62): Illuminate\\Pipeline\\Pipeline->Illuminate\\Pipeline\\{closure}(Object(Illuminate\\Http\\Request))
#56 C:\\xampp\\htdocs\\vizsga_backend\\vendor\\laravel\\framework\\src\\Illuminate\\Pipeline\\Pipeline.php(209): Illuminate\\Http\\Middleware\\HandleCors->handle(Object(Illuminate\\Http\\Request), Object(Closure))
#57 C:\\xampp\\htdocs\\vizsga_backend\\vendor\\laravel\\framework\\src\\Illuminate\\Http\\Middleware\\TrustProxies.php(58): Illuminate\\Pipeline\\Pipeline->Illuminate\\Pipeline\\{closure}(Object(Illuminate\\Http\\Request))
#58 C:\\xampp\\htdocs\\vizsga_backend\\vendor\\laravel\\framework\\src\\Illuminate\\Pipeline\\Pipeline.php(209): Illuminate\\Http\\Middleware\\TrustProxies->handle(Object(Illuminate\\Http\\Request), Object(Closure))
#59 C:\\xampp\\htdocs\\vizsga_backend\\vendor\\laravel\\framework\\src\\Illuminate\\Foundation\\Http\\Middleware\\InvokeDeferredCallbacks.php(22): Illuminate\\Pipeline\\Pipeline->Illuminate\\Pipeline\\{closure}(Object(Illuminate\\Http\\Request))
#60 C:\\xampp\\htdocs\\vizsga_backend\\vendor\\laravel\\framework\\src\\Illuminate\\Pipeline\\Pipeline.php(209): Illuminate\\Foundation\\Http\\Middleware\\InvokeDeferredCallbacks->handle(Object(Illuminate\\Http\\Request), Object(Closure))
#61 C:\\xampp\\htdocs\\vizsga_backend\\vendor\\laravel\\framework\\src\\Illuminate\\Http\\Middleware\\ValidatePathEncoding.php(26): Illuminate\\Pipeline\\Pipeline->Illuminate\\Pipeline\\{closure}(Object(Illuminate\\Http\\Request))
#62 C:\\xampp\\htdocs\\vizsga_backend\\vendor\\laravel\\framework\\src\\Illuminate\\Pipeline\\Pipeline.php(209): Illuminate\\Http\\Middleware\\ValidatePathEncoding->handle(Object(Illuminate\\Http\\Request), Object(Closure))
#63 C:\\xampp\\htdocs\\vizsga_backend\\vendor\\laravel\\framework\\src\\Illuminate\\Pipeline\\Pipeline.php(127): Illuminate\\Pipeline\\Pipeline->Illuminate\\Pipeline\\{closure}(Object(Illuminate\\Http\\Request))
#64 C:\\xampp\\htdocs\\vizsga_backend\\vendor\\laravel\\framework\\src\\Illuminate\\Foundation\\Http\\Kernel.php(176): Illuminate\\Pipeline\\Pipeline->then(Object(Closure))
#65 C:\\xampp\\htdocs\\vizsga_backend\\vendor\\laravel\\framework\\src\\Illuminate\\Foundation\\Http\\Kernel.php(145): Illuminate\\Foundation\\Http\\Kernel->sendRequestThroughRouter(Object(Illuminate\\Http\\Request))
#66 C:\\xampp\\htdocs\\vizsga_backend\\vendor\\laravel\\framework\\src\\Illuminate\\Foundation\\Application.php(1220): Illuminate\\Foundation\\Http\\Kernel->handle(Object(Illuminate\\Http\\Request))
#67 C:\\xampp\\htdocs\\vizsga_backend\\public\\index.php(20): Illuminate\\Foundation\\Application->handleRequest(Object(Illuminate\\Http\\Request))
#68 C:\\xampp\\htdocs\\vizsga_backend\\vendor\\laravel\\framework\\src\\Illuminate\\Foundation\\resources\\server.php(23): require_once('C:\\\\xampp\\\\htdocs...')
#69 {main}
"} 
[2025-03-26 17:39:19] local.ERROR: SQLSTATE[HY000] [2002] Nem hozható létre kapcsolat, mert a célszámítógép már visszautasította a kapcsolatot (Connection: mysql, SQL: select * from `books`) {"exception":"[object] (Illuminate\\Database\\QueryException(code: 2002): SQLSTATE[HY000] [2002] Nem hozható létre kapcsolat, mert a célszámítógép már visszautasította a kapcsolatot (Connection: mysql, SQL: select * from `books`) at C:\\xampp\\htdocs\\vizsga_backend\\vendor\\laravel\\framework\\src\\Illuminate\\Database\\Connection.php:823)
[stacktrace]
#0 C:\\xampp\\htdocs\\vizsga_backend\\vendor\\laravel\\framework\\src\\Illuminate\\Database\\Connection.php(777): Illuminate\\Database\\Connection->runQueryCallback('select * from `...', Array, Object(Closure))
#1 C:\\xampp\\htdocs\\vizsga_backend\\vendor\\laravel\\framework\\src\\Illuminate\\Database\\Connection.php(396): Illuminate\\Database\\Connection->run('select * from `...', Array, Object(Closure))
#2 C:\\xampp\\htdocs\\vizsga_backend\\vendor\\laravel\\framework\\src\\Illuminate\\Database\\Query\\Builder.php(3105): Illuminate\\Database\\Connection->select('select * from `...', Array, true)
#3 C:\\xampp\\htdocs\\vizsga_backend\\vendor\\laravel\\framework\\src\\Illuminate\\Database\\Query\\Builder.php(3090): Illuminate\\Database\\Query\\Builder->runSelect()
#4 C:\\xampp\\htdocs\\vizsga_backend\\vendor\\laravel\\framework\\src\\Illuminate\\Database\\Query\\Builder.php(3677): Illuminate\\Database\\Query\\Builder->Illuminate\\Database\\Query\\{closure}()
#5 C:\\xampp\\htdocs\\vizsga_backend\\vendor\\laravel\\framework\\src\\Illuminate\\Database\\Query\\Builder.php(3089): Illuminate\\Database\\Query\\Builder->onceWithColumns(Array, Object(Closure))
#6 C:\\xampp\\htdocs\\vizsga_backend\\vendor\\laravel\\framework\\src\\Illuminate\\Database\\Eloquent\\Builder.php(811): Illuminate\\Database\\Query\\Builder->get(Array)
#7 C:\\xampp\\htdocs\\vizsga_backend\\vendor\\laravel\\framework\\src\\Illuminate\\Database\\Eloquent\\Builder.php(793): Illuminate\\Database\\Eloquent\\Builder->getModels(Array)
#8 C:\\xampp\\htdocs\\vizsga_backend\\vendor\\laravel\\framework\\src\\Illuminate\\Database\\Eloquent\\Model.php(694): Illuminate\\Database\\Eloquent\\Builder->get(Array)
#9 C:\\xampp\\htdocs\\vizsga_backend\\app\\Http\\Controllers\\BookController.php(12): Illuminate\\Database\\Eloquent\\Model::all()
#10 C:\\xampp\\htdocs\\vizsga_backend\\vendor\\laravel\\framework\\src\\Illuminate\\Routing\\ControllerDispatcher.php(47): App\\Http\\Controllers\\BookController->index()
#11 C:\\xampp\\htdocs\\vizsga_backend\\vendor\\laravel\\framework\\src\\Illuminate\\Routing\\Route.php(266): Illuminate\\Routing\\ControllerDispatcher->dispatch(Object(Illuminate\\Routing\\Route), Object(App\\Http\\Controllers\\BookController), 'index')
#12 C:\\xampp\\htdocs\\vizsga_backend\\vendor\\laravel\\framework\\src\\Illuminate\\Routing\\Route.php(212): Illuminate\\Routing\\Route->runController()
#13 C:\\xampp\\htdocs\\vizsga_backend\\vendor\\laravel\\framework\\src\\Illuminate\\Routing\\Router.php(809): Illuminate\\Routing\\Route->run()
#14 C:\\xampp\\htdocs\\vizsga_backend\\vendor\\laravel\\framework\\src\\Illuminate\\Pipeline\\Pipeline.php(170): Illuminate\\Routing\\Router->Illuminate\\Routing\\{closure}(Object(Illuminate\\Http\\Request))
#15 C:\\xampp\\htdocs\\vizsga_backend\\vendor\\laravel\\framework\\src\\Illuminate\\Routing\\Middleware\\SubstituteBindings.php(51): Illuminate\\Pipeline\\Pipeline->Illuminate\\Pipeline\\{closure}(Object(Illuminate\\Http\\Request))
#16 C:\\xampp\\htdocs\\vizsga_backend\\vendor\\laravel\\framework\\src\\Illuminate\\Pipeline\\Pipeline.php(209): Illuminate\\Routing\\Middleware\\SubstituteBindings->handle(Object(Illuminate\\Http\\Request), Object(Closure))
#17 C:\\xampp\\htdocs\\vizsga_backend\\vendor\\laravel\\framework\\src\\Illuminate\\Foundation\\Http\\Middleware\\VerifyCsrfToken.php(88): Illuminate\\Pipeline\\Pipeline->Illuminate\\Pipeline\\{closure}(Object(Illuminate\\Http\\Request))
#18 C:\\xampp\\htdocs\\vizsga_backend\\vendor\\laravel\\framework\\src\\Illuminate\\Pipeline\\Pipeline.php(209): Illuminate\\Foundation\\Http\\Middleware\\VerifyCsrfToken->handle(Object(Illuminate\\Http\\Request), Object(Closure))
#19 C:\\xampp\\htdocs\\vizsga_backend\\vendor\\laravel\\framework\\src\\Illuminate\\View\\Middleware\\ShareErrorsFromSession.php(49): Illuminate\\Pipeline\\Pipeline->Illuminate\\Pipeline\\{closure}(Object(Illuminate\\Http\\Request))
#20 C:\\xampp\\htdocs\\vizsga_backend\\vendor\\laravel\\framework\\src\\Illuminate\\Pipeline\\Pipeline.php(209): Illuminate\\View\\Middleware\\ShareErrorsFromSession->handle(Object(Illuminate\\Http\\Request), Object(Closure))
#21 C:\\xampp\\htdocs\\vizsga_backend\\vendor\\laravel\\framework\\src\\Illuminate\\Session\\Middleware\\StartSession.php(121): Illuminate\\Pipeline\\Pipeline->Illuminate\\Pipeline\\{closure}(Object(Illuminate\\Http\\Request))
#22 C:\\xampp\\htdocs\\vizsga_backend\\vendor\\laravel\\framework\\src\\Illuminate\\Session\\Middleware\\StartSession.php(64): Illuminate\\Session\\Middleware\\StartSession->handleStatefulRequest(Object(Illuminate\\Http\\Request), Object(Illuminate\\Session\\Store), Object(Closure))
#23 C:\\xampp\\htdocs\\vizsga_backend\\vendor\\laravel\\framework\\src\\Illuminate\\Pipeline\\Pipeline.php(209): Illuminate\\Session\\Middleware\\StartSession->handle(Object(Illuminate\\Http\\Request), Object(Closure))
#24 C:\\xampp\\htdocs\\vizsga_backend\\vendor\\laravel\\framework\\src\\Illuminate\\Cookie\\Middleware\\AddQueuedCookiesToResponse.php(37): Illuminate\\Pipeline\\Pipeline->Illuminate\\Pipeline\\{closure}(Object(Illuminate\\Http\\Request))
#25 C:\\xampp\\htdocs\\vizsga_backend\\vendor\\laravel\\framework\\src\\Illuminate\\Pipeline\\Pipeline.php(209): Illuminate\\Cookie\\Middleware\\AddQueuedCookiesToResponse->handle(Object(Illuminate\\Http\\Request), Object(Closure))
#26 C:\\xampp\\htdocs\\vizsga_backend\\vendor\\laravel\\framework\\src\\Illuminate\\Cookie\\Middleware\\EncryptCookies.php(75): Illuminate\\Pipeline\\Pipeline->Illuminate\\Pipeline\\{closure}(Object(Illuminate\\Http\\Request))
#27 C:\\xampp\\htdocs\\vizsga_backend\\vendor\\laravel\\framework\\src\\Illuminate\\Pipeline\\Pipeline.php(209): Illuminate\\Cookie\\Middleware\\EncryptCookies->handle(Object(Illuminate\\Http\\Request), Object(Closure))
#28 C:\\xampp\\htdocs\\vizsga_backend\\vendor\\laravel\\framework\\src\\Illuminate\\Pipeline\\Pipeline.php(127): Illuminate\\Pipeline\\Pipeline->Illuminate\\Pipeline\\{closure}(Object(Illuminate\\Http\\Request))
#29 C:\\xampp\\htdocs\\vizsga_backend\\vendor\\laravel\\framework\\src\\Illuminate\\Routing\\Router.php(808): Illuminate\\Pipeline\\Pipeline->then(Object(Closure))
#30 C:\\xampp\\htdocs\\vizsga_backend\\vendor\\laravel\\framework\\src\\Illuminate\\Routing\\Router.php(787): Illuminate\\Routing\\Router->runRouteWithinStack(Object(Illuminate\\Routing\\Route), Object(Illuminate\\Http\\Request))
#31 C:\\xampp\\htdocs\\vizsga_backend\\vendor\\laravel\\framework\\src\\Illuminate\\Routing\\Router.php(751): Illuminate\\Routing\\Router->runRoute(Object(Illuminate\\Http\\Request), Object(Illuminate\\Routing\\Route))
#32 C:\\xampp\\htdocs\\vizsga_backend\\vendor\\laravel\\framework\\src\\Illuminate\\Routing\\Router.php(740): Illuminate\\Routing\\Router->dispatchToRoute(Object(Illuminate\\Http\\Request))
#33 C:\\xampp\\htdocs\\vizsga_backend\\vendor\\laravel\\framework\\src\\Illuminate\\Foundation\\Http\\Kernel.php(201): Illuminate\\Routing\\Router->dispatch(Object(Illuminate\\Http\\Request))
#34 C:\\xampp\\htdocs\\vizsga_backend\\vendor\\laravel\\framework\\src\\Illuminate\\Pipeline\\Pipeline.php(170): Illuminate\\Foundation\\Http\\Kernel->Illuminate\\Foundation\\Http\\{closure}(Object(Illuminate\\Http\\Request))
#35 C:\\xampp\\htdocs\\vizsga_backend\\vendor\\laravel\\framework\\src\\Illuminate\\Foundation\\Http\\Middleware\\TransformsRequest.php(21): Illuminate\\Pipeline\\Pipeline->Illuminate\\Pipeline\\{closure}(Object(Illuminate\\Http\\Request))
#36 C:\\xampp\\htdocs\\vizsga_backend\\vendor\\laravel\\framework\\src\\Illuminate\\Foundation\\Http\\Middleware\\ConvertEmptyStringsToNull.php(31): Illuminate\\Foundation\\Http\\Middleware\\TransformsRequest->handle(Object(Illuminate\\Http\\Request), Object(Closure))
#37 C:\\xampp\\htdocs\\vizsga_backend\\vendor\\laravel\\framework\\src\\Illuminate\\Pipeline\\Pipeline.php(209): Illuminate\\Foundation\\Http\\Middleware\\ConvertEmptyStringsToNull->handle(Object(Illuminate\\Http\\Request), Object(Closure))
#38 C:\\xampp\\htdocs\\vizsga_backend\\vendor\\laravel\\framework\\src\\Illuminate\\Foundation\\Http\\Middleware\\TransformsRequest.php(21): Illuminate\\Pipeline\\Pipeline->Illuminate\\Pipeline\\{closure}(Object(Illuminate\\Http\\Request))
#39 C:\\xampp\\htdocs\\vizsga_backend\\vendor\\laravel\\framework\\src\\Illuminate\\Foundation\\Http\\Middleware\\TrimStrings.php(51): Illuminate\\Foundation\\Http\\Middleware\\TransformsRequest->handle(Object(Illuminate\\Http\\Request), Object(Closure))
#40 C:\\xampp\\htdocs\\vizsga_backend\\vendor\\laravel\\framework\\src\\Illuminate\\Pipeline\\Pipeline.php(209): Illuminate\\Foundation\\Http\\Middleware\\TrimStrings->handle(Object(Illuminate\\Http\\Request), Object(Closure))
#41 C:\\xampp\\htdocs\\vizsga_backend\\vendor\\laravel\\framework\\src\\Illuminate\\Http\\Middleware\\ValidatePostSize.php(27): Illuminate\\Pipeline\\Pipeline->Illuminate\\Pipeline\\{closure}(Object(Illuminate\\Http\\Request))
#42 C:\\xampp\\htdocs\\vizsga_backend\\vendor\\laravel\\framework\\src\\Illuminate\\Pipeline\\Pipeline.php(209): Illuminate\\Http\\Middleware\\ValidatePostSize->handle(Object(Illuminate\\Http\\Request), Object(Closure))
#43 C:\\xampp\\htdocs\\vizsga_backend\\vendor\\laravel\\framework\\src\\Illuminate\\Foundation\\Http\\Middleware\\PreventRequestsDuringMaintenance.php(110): Illuminate\\Pipeline\\Pipeline->Illuminate\\Pipeline\\{closure}(Object(Illuminate\\Http\\Request))
#44 C:\\xampp\\htdocs\\vizsga_backend\\vendor\\laravel\\framework\\src\\Illuminate\\Pipeline\\Pipeline.php(209): Illuminate\\Foundation\\Http\\Middleware\\PreventRequestsDuringMaintenance->handle(Object(Illuminate\\Http\\Request), Object(Closure))
#45 C:\\xampp\\htdocs\\vizsga_backend\\vendor\\laravel\\framework\\src\\Illuminate\\Http\\Middleware\\HandleCors.php(62): Illuminate\\Pipeline\\Pipeline->Illuminate\\Pipeline\\{closure}(Object(Illuminate\\Http\\Request))
#46 C:\\xampp\\htdocs\\vizsga_backend\\vendor\\laravel\\framework\\src\\Illuminate\\Pipeline\\Pipeline.php(209): Illuminate\\Http\\Middleware\\HandleCors->handle(Object(Illuminate\\Http\\Request), Object(Closure))
#47 C:\\xampp\\htdocs\\vizsga_backend\\vendor\\laravel\\framework\\src\\Illuminate\\Http\\Middleware\\TrustProxies.php(58): Illuminate\\Pipeline\\Pipeline->Illuminate\\Pipeline\\{closure}(Object(Illuminate\\Http\\Request))
#48 C:\\xampp\\htdocs\\vizsga_backend\\vendor\\laravel\\framework\\src\\Illuminate\\Pipeline\\Pipeline.php(209): Illuminate\\Http\\Middleware\\TrustProxies->handle(Object(Illuminate\\Http\\Request), Object(Closure))
#49 C:\\xampp\\htdocs\\vizsga_backend\\vendor\\laravel\\framework\\src\\Illuminate\\Foundation\\Http\\Middleware\\InvokeDeferredCallbacks.php(22): Illuminate\\Pipeline\\Pipeline->Illuminate\\Pipeline\\{closure}(Object(Illuminate\\Http\\Request))
#50 C:\\xampp\\htdocs\\vizsga_backend\\vendor\\laravel\\framework\\src\\Illuminate\\Pipeline\\Pipeline.php(209): Illuminate\\Foundation\\Http\\Middleware\\InvokeDeferredCallbacks->handle(Object(Illuminate\\Http\\Request), Object(Closure))
#51 C:\\xampp\\htdocs\\vizsga_backend\\vendor\\laravel\\framework\\src\\Illuminate\\Http\\Middleware\\ValidatePathEncoding.php(26): Illuminate\\Pipeline\\Pipeline->Illuminate\\Pipeline\\{closure}(Object(Illuminate\\Http\\Request))
#52 C:\\xampp\\htdocs\\vizsga_backend\\vendor\\laravel\\framework\\src\\Illuminate\\Pipeline\\Pipeline.php(209): Illuminate\\Http\\Middleware\\ValidatePathEncoding->handle(Object(Illuminate\\Http\\Request), Object(Closure))
#53 C:\\xampp\\htdocs\\vizsga_backend\\vendor\\laravel\\framework\\src\\Illuminate\\Pipeline\\Pipeline.php(127): Illuminate\\Pipeline\\Pipeline->Illuminate\\Pipeline\\{closure}(Object(Illuminate\\Http\\Request))
#54 C:\\xampp\\htdocs\\vizsga_backend\\vendor\\laravel\\framework\\src\\Illuminate\\Foundation\\Http\\Kernel.php(176): Illuminate\\Pipeline\\Pipeline->then(Object(Closure))
#55 C:\\xampp\\htdocs\\vizsga_backend\\vendor\\laravel\\framework\\src\\Illuminate\\Foundation\\Http\\Kernel.php(145): Illuminate\\Foundation\\Http\\Kernel->sendRequestThroughRouter(Object(Illuminate\\Http\\Request))
#56 C:\\xampp\\htdocs\\vizsga_backend\\vendor\\laravel\\framework\\src\\Illuminate\\Foundation\\Application.php(1220): Illuminate\\Foundation\\Http\\Kernel->handle(Object(Illuminate\\Http\\Request))
#57 C:\\xampp\\htdocs\\vizsga_backend\\public\\index.php(20): Illuminate\\Foundation\\Application->handleRequest(Object(Illuminate\\Http\\Request))
#58 C:\\xampp\\htdocs\\vizsga_backend\\vendor\\laravel\\framework\\src\\Illuminate\\Foundation\\resources\\server.php(23): require_once('C:\\\\xampp\\\\htdocs...')
#59 {main}

[previous exception] [object] (PDOException(code: 2002): SQLSTATE[HY000] [2002] Nem hozható létre kapcsolat, mert a célszámítógép már visszautasította a kapcsolatot at C:\\xampp\\htdocs\\vizsga_backend\\vendor\\laravel\\framework\\src\\Illuminate\\Database\\Connectors\\Connector.php:66)
[stacktrace]
#0 C:\\xampp\\htdocs\\vizsga_backend\\vendor\\laravel\\framework\\src\\Illuminate\\Database\\Connectors\\Connector.php(66): PDO->__construct('mysql:host=127....', 'root', Object(SensitiveParameterValue), Array)
#1 C:\\xampp\\htdocs\\vizsga_backend\\vendor\\laravel\\framework\\src\\Illuminate\\Database\\Connectors\\Connector.php(44): Illuminate\\Database\\Connectors\\Connector->createPdoConnection('mysql:host=127....', 'root', Object(SensitiveParameterValue), Array)
#2 C:\\xampp\\htdocs\\vizsga_backend\\vendor\\laravel\\framework\\src\\Illuminate\\Database\\Connectors\\MySqlConnector.php(24): Illuminate\\Database\\Connectors\\Connector->createConnection('mysql:host=127....', Array, Array)
#3 C:\\xampp\\htdocs\\vizsga_backend\\vendor\\laravel\\framework\\src\\Illuminate\\Database\\Connectors\\ConnectionFactory.php(185): Illuminate\\Database\\Connectors\\MySqlConnector->connect(Array)
#4 [internal function]: Illuminate\\Database\\Connectors\\ConnectionFactory->Illuminate\\Database\\Connectors\\{closure}()
#5 C:\\xampp\\htdocs\\vizsga_backend\\vendor\\laravel\\framework\\src\\Illuminate\\Database\\Connection.php(1229): call_user_func(Object(Closure))
#6 C:\\xampp\\htdocs\\vizsga_backend\\vendor\\laravel\\framework\\src\\Illuminate\\Database\\Connection.php(1265): Illuminate\\Database\\Connection->getPdo()
#7 C:\\xampp\\htdocs\\vizsga_backend\\vendor\\laravel\\framework\\src\\Illuminate\\Database\\Connection.php(510): Illuminate\\Database\\Connection->getReadPdo()
#8 C:\\xampp\\htdocs\\vizsga_backend\\vendor\\laravel\\framework\\src\\Illuminate\\Database\\Connection.php(405): Illuminate\\Database\\Connection->getPdoForSelect(true)
#9 C:\\xampp\\htdocs\\vizsga_backend\\vendor\\laravel\\framework\\src\\Illuminate\\Database\\Connection.php(810): Illuminate\\Database\\Connection->Illuminate\\Database\\{closure}('select * from `...', Array)
#10 C:\\xampp\\htdocs\\vizsga_backend\\vendor\\laravel\\framework\\src\\Illuminate\\Database\\Connection.php(777): Illuminate\\Database\\Connection->runQueryCallback('select * from `...', Array, Object(Closure))
#11 C:\\xampp\\htdocs\\vizsga_backend\\vendor\\laravel\\framework\\src\\Illuminate\\Database\\Connection.php(396): Illuminate\\Database\\Connection->run('select * from `...', Array, Object(Closure))
#12 C:\\xampp\\htdocs\\vizsga_backend\\vendor\\laravel\\framework\\src\\Illuminate\\Database\\Query\\Builder.php(3105): Illuminate\\Database\\Connection->select('select * from `...', Array, true)
#13 C:\\xampp\\htdocs\\vizsga_backend\\vendor\\laravel\\framework\\src\\Illuminate\\Database\\Query\\Builder.php(3090): Illuminate\\Database\\Query\\Builder->runSelect()
#14 C:\\xampp\\htdocs\\vizsga_backend\\vendor\\laravel\\framework\\src\\Illuminate\\Database\\Query\\Builder.php(3677): Illuminate\\Database\\Query\\Builder->Illuminate\\Database\\Query\\{closure}()
#15 C:\\xampp\\htdocs\\vizsga_backend\\vendor\\laravel\\framework\\src\\Illuminate\\Database\\Query\\Builder.php(3089): Illuminate\\Database\\Query\\Builder->onceWithColumns(Array, Object(Closure))
#16 C:\\xampp\\htdocs\\vizsga_backend\\vendor\\laravel\\framework\\src\\Illuminate\\Database\\Eloquent\\Builder.php(811): Illuminate\\Database\\Query\\Builder->get(Array)
#17 C:\\xampp\\htdocs\\vizsga_backend\\vendor\\laravel\\framework\\src\\Illuminate\\Database\\Eloquent\\Builder.php(793): Illuminate\\Database\\Eloquent\\Builder->getModels(Array)
#18 C:\\xampp\\htdocs\\vizsga_backend\\vendor\\laravel\\framework\\src\\Illuminate\\Database\\Eloquent\\Model.php(694): Illuminate\\Database\\Eloquent\\Builder->get(Array)
#19 C:\\xampp\\htdocs\\vizsga_backend\\app\\Http\\Controllers\\BookController.php(12): Illuminate\\Database\\Eloquent\\Model::all()
#20 C:\\xampp\\htdocs\\vizsga_backend\\vendor\\laravel\\framework\\src\\Illuminate\\Routing\\ControllerDispatcher.php(47): App\\Http\\Controllers\\BookController->index()
#21 C:\\xampp\\htdocs\\vizsga_backend\\vendor\\laravel\\framework\\src\\Illuminate\\Routing\\Route.php(266): Illuminate\\Routing\\ControllerDispatcher->dispatch(Object(Illuminate\\Routing\\Route), Object(App\\Http\\Controllers\\BookController), 'index')
#22 C:\\xampp\\htdocs\\vizsga_backend\\vendor\\laravel\\framework\\src\\Illuminate\\Routing\\Route.php(212): Illuminate\\Routing\\Route->runController()
#23 C:\\xampp\\htdocs\\vizsga_backend\\vendor\\laravel\\framework\\src\\Illuminate\\Routing\\Router.php(809): Illuminate\\Routing\\Route->run()
#24 C:\\xampp\\htdocs\\vizsga_backend\\vendor\\laravel\\framework\\src\\Illuminate\\Pipeline\\Pipeline.php(170): Illuminate\\Routing\\Router->Illuminate\\Routing\\{closure}(Object(Illuminate\\Http\\Request))
#25 C:\\xampp\\htdocs\\vizsga_backend\\vendor\\laravel\\framework\\src\\Illuminate\\Routing\\Middleware\\SubstituteBindings.php(51): Illuminate\\Pipeline\\Pipeline->Illuminate\\Pipeline\\{closure}(Object(Illuminate\\Http\\Request))
#26 C:\\xampp\\htdocs\\vizsga_backend\\vendor\\laravel\\framework\\src\\Illuminate\\Pipeline\\Pipeline.php(209): Illuminate\\Routing\\Middleware\\SubstituteBindings->handle(Object(Illuminate\\Http\\Request), Object(Closure))
#27 C:\\xampp\\htdocs\\vizsga_backend\\vendor\\laravel\\framework\\src\\Illuminate\\Foundation\\Http\\Middleware\\VerifyCsrfToken.php(88): Illuminate\\Pipeline\\Pipeline->Illuminate\\Pipeline\\{closure}(Object(Illuminate\\Http\\Request))
#28 C:\\xampp\\htdocs\\vizsga_backend\\vendor\\laravel\\framework\\src\\Illuminate\\Pipeline\\Pipeline.php(209): Illuminate\\Foundation\\Http\\Middleware\\VerifyCsrfToken->handle(Object(Illuminate\\Http\\Request), Object(Closure))
#29 C:\\xampp\\htdocs\\vizsga_backend\\vendor\\laravel\\framework\\src\\Illuminate\\View\\Middleware\\ShareErrorsFromSession.php(49): Illuminate\\Pipeline\\Pipeline->Illuminate\\Pipeline\\{closure}(Object(Illuminate\\Http\\Request))
#30 C:\\xampp\\htdocs\\vizsga_backend\\vendor\\laravel\\framework\\src\\Illuminate\\Pipeline\\Pipeline.php(209): Illuminate\\View\\Middleware\\ShareErrorsFromSession->handle(Object(Illuminate\\Http\\Request), Object(Closure))
#31 C:\\xampp\\htdocs\\vizsga_backend\\vendor\\laravel\\framework\\src\\Illuminate\\Session\\Middleware\\StartSession.php(121): Illuminate\\Pipeline\\Pipeline->Illuminate\\Pipeline\\{closure}(Object(Illuminate\\Http\\Request))
#32 C:\\xampp\\htdocs\\vizsga_backend\\vendor\\laravel\\framework\\src\\Illuminate\\Session\\Middleware\\StartSession.php(64): Illuminate\\Session\\Middleware\\StartSession->handleStatefulRequest(Object(Illuminate\\Http\\Request), Object(Illuminate\\Session\\Store), Object(Closure))
#33 C:\\xampp\\htdocs\\vizsga_backend\\vendor\\laravel\\framework\\src\\Illuminate\\Pipeline\\Pipeline.php(209): Illuminate\\Session\\Middleware\\StartSession->handle(Object(Illuminate\\Http\\Request), Object(Closure))
#34 C:\\xampp\\htdocs\\vizsga_backend\\vendor\\laravel\\framework\\src\\Illuminate\\Cookie\\Middleware\\AddQueuedCookiesToResponse.php(37): Illuminate\\Pipeline\\Pipeline->Illuminate\\Pipeline\\{closure}(Object(Illuminate\\Http\\Request))
#35 C:\\xampp\\htdocs\\vizsga_backend\\vendor\\laravel\\framework\\src\\Illuminate\\Pipeline\\Pipeline.php(209): Illuminate\\Cookie\\Middleware\\AddQueuedCookiesToResponse->handle(Object(Illuminate\\Http\\Request), Object(Closure))
#36 C:\\xampp\\htdocs\\vizsga_backend\\vendor\\laravel\\framework\\src\\Illuminate\\Cookie\\Middleware\\EncryptCookies.php(75): Illuminate\\Pipeline\\Pipeline->Illuminate\\Pipeline\\{closure}(Object(Illuminate\\Http\\Request))
#37 C:\\xampp\\htdocs\\vizsga_backend\\vendor\\laravel\\framework\\src\\Illuminate\\Pipeline\\Pipeline.php(209): Illuminate\\Cookie\\Middleware\\EncryptCookies->handle(Object(Illuminate\\Http\\Request), Object(Closure))
#38 C:\\xampp\\htdocs\\vizsga_backend\\vendor\\laravel\\framework\\src\\Illuminate\\Pipeline\\Pipeline.php(127): Illuminate\\Pipeline\\Pipeline->Illuminate\\Pipeline\\{closure}(Object(Illuminate\\Http\\Request))
#39 C:\\xampp\\htdocs\\vizsga_backend\\vendor\\laravel\\framework\\src\\Illuminate\\Routing\\Router.php(808): Illuminate\\Pipeline\\Pipeline->then(Object(Closure))
#40 C:\\xampp\\htdocs\\vizsga_backend\\vendor\\laravel\\framework\\src\\Illuminate\\Routing\\Router.php(787): Illuminate\\Routing\\Router->runRouteWithinStack(Object(Illuminate\\Routing\\Route), Object(Illuminate\\Http\\Request))
#41 C:\\xampp\\htdocs\\vizsga_backend\\vendor\\laravel\\framework\\src\\Illuminate\\Routing\\Router.php(751): Illuminate\\Routing\\Router->runRoute(Object(Illuminate\\Http\\Request), Object(Illuminate\\Routing\\Route))
#42 C:\\xampp\\htdocs\\vizsga_backend\\vendor\\laravel\\framework\\src\\Illuminate\\Routing\\Router.php(740): Illuminate\\Routing\\Router->dispatchToRoute(Object(Illuminate\\Http\\Request))
#43 C:\\xampp\\htdocs\\vizsga_backend\\vendor\\laravel\\framework\\src\\Illuminate\\Foundation\\Http\\Kernel.php(201): Illuminate\\Routing\\Router->dispatch(Object(Illuminate\\Http\\Request))
#44 C:\\xampp\\htdocs\\vizsga_backend\\vendor\\laravel\\framework\\src\\Illuminate\\Pipeline\\Pipeline.php(170): Illuminate\\Foundation\\Http\\Kernel->Illuminate\\Foundation\\Http\\{closure}(Object(Illuminate\\Http\\Request))
#45 C:\\xampp\\htdocs\\vizsga_backend\\vendor\\laravel\\framework\\src\\Illuminate\\Foundation\\Http\\Middleware\\TransformsRequest.php(21): Illuminate\\Pipeline\\Pipeline->Illuminate\\Pipeline\\{closure}(Object(Illuminate\\Http\\Request))
#46 C:\\xampp\\htdocs\\vizsga_backend\\vendor\\laravel\\framework\\src\\Illuminate\\Foundation\\Http\\Middleware\\ConvertEmptyStringsToNull.php(31): Illuminate\\Foundation\\Http\\Middleware\\TransformsRequest->handle(Object(Illuminate\\Http\\Request), Object(Closure))
#47 C:\\xampp\\htdocs\\vizsga_backend\\vendor\\laravel\\framework\\src\\Illuminate\\Pipeline\\Pipeline.php(209): Illuminate\\Foundation\\Http\\Middleware\\ConvertEmptyStringsToNull->handle(Object(Illuminate\\Http\\Request), Object(Closure))
#48 C:\\xampp\\htdocs\\vizsga_backend\\vendor\\laravel\\framework\\src\\Illuminate\\Foundation\\Http\\Middleware\\TransformsRequest.php(21): Illuminate\\Pipeline\\Pipeline->Illuminate\\Pipeline\\{closure}(Object(Illuminate\\Http\\Request))
#49 C:\\xampp\\htdocs\\vizsga_backend\\vendor\\laravel\\framework\\src\\Illuminate\\Foundation\\Http\\Middleware\\TrimStrings.php(51): Illuminate\\Foundation\\Http\\Middleware\\TransformsRequest->handle(Object(Illuminate\\Http\\Request), Object(Closure))
#50 C:\\xampp\\htdocs\\vizsga_backend\\vendor\\laravel\\framework\\src\\Illuminate\\Pipeline\\Pipeline.php(209): Illuminate\\Foundation\\Http\\Middleware\\TrimStrings->handle(Object(Illuminate\\Http\\Request), Object(Closure))
#51 C:\\xampp\\htdocs\\vizsga_backend\\vendor\\laravel\\framework\\src\\Illuminate\\Http\\Middleware\\ValidatePostSize.php(27): Illuminate\\Pipeline\\Pipeline->Illuminate\\Pipeline\\{closure}(Object(Illuminate\\Http\\Request))
#52 C:\\xampp\\htdocs\\vizsga_backend\\vendor\\laravel\\framework\\src\\Illuminate\\Pipeline\\Pipeline.php(209): Illuminate\\Http\\Middleware\\ValidatePostSize->handle(Object(Illuminate\\Http\\Request), Object(Closure))
#53 C:\\xampp\\htdocs\\vizsga_backend\\vendor\\laravel\\framework\\src\\Illuminate\\Foundation\\Http\\Middleware\\PreventRequestsDuringMaintenance.php(110): Illuminate\\Pipeline\\Pipeline->Illuminate\\Pipeline\\{closure}(Object(Illuminate\\Http\\Request))
#54 C:\\xampp\\htdocs\\vizsga_backend\\vendor\\laravel\\framework\\src\\Illuminate\\Pipeline\\Pipeline.php(209): Illuminate\\Foundation\\Http\\Middleware\\PreventRequestsDuringMaintenance->handle(Object(Illuminate\\Http\\Request), Object(Closure))
#55 C:\\xampp\\htdocs\\vizsga_backend\\vendor\\laravel\\framework\\src\\Illuminate\\Http\\Middleware\\HandleCors.php(62): Illuminate\\Pipeline\\Pipeline->Illuminate\\Pipeline\\{closure}(Object(Illuminate\\Http\\Request))
#56 C:\\xampp\\htdocs\\vizsga_backend\\vendor\\laravel\\framework\\src\\Illuminate\\Pipeline\\Pipeline.php(209): Illuminate\\Http\\Middleware\\HandleCors->handle(Object(Illuminate\\Http\\Request), Object(Closure))
#57 C:\\xampp\\htdocs\\vizsga_backend\\vendor\\laravel\\framework\\src\\Illuminate\\Http\\Middleware\\TrustProxies.php(58): Illuminate\\Pipeline\\Pipeline->Illuminate\\Pipeline\\{closure}(Object(Illuminate\\Http\\Request))
#58 C:\\xampp\\htdocs\\vizsga_backend\\vendor\\laravel\\framework\\src\\Illuminate\\Pipeline\\Pipeline.php(209): Illuminate\\Http\\Middleware\\TrustProxies->handle(Object(Illuminate\\Http\\Request), Object(Closure))
#59 C:\\xampp\\htdocs\\vizsga_backend\\vendor\\laravel\\framework\\src\\Illuminate\\Foundation\\Http\\Middleware\\InvokeDeferredCallbacks.php(22): Illuminate\\Pipeline\\Pipeline->Illuminate\\Pipeline\\{closure}(Object(Illuminate\\Http\\Request))
#60 C:\\xampp\\htdocs\\vizsga_backend\\vendor\\laravel\\framework\\src\\Illuminate\\Pipeline\\Pipeline.php(209): Illuminate\\Foundation\\Http\\Middleware\\InvokeDeferredCallbacks->handle(Object(Illuminate\\Http\\Request), Object(Closure))
#61 C:\\xampp\\htdocs\\vizsga_backend\\vendor\\laravel\\framework\\src\\Illuminate\\Http\\Middleware\\ValidatePathEncoding.php(26): Illuminate\\Pipeline\\Pipeline->Illuminate\\Pipeline\\{closure}(Object(Illuminate\\Http\\Request))
#62 C:\\xampp\\htdocs\\vizsga_backend\\vendor\\laravel\\framework\\src\\Illuminate\\Pipeline\\Pipeline.php(209): Illuminate\\Http\\Middleware\\ValidatePathEncoding->handle(Object(Illuminate\\Http\\Request), Object(Closure))
#63 C:\\xampp\\htdocs\\vizsga_backend\\vendor\\laravel\\framework\\src\\Illuminate\\Pipeline\\Pipeline.php(127): Illuminate\\Pipeline\\Pipeline->Illuminate\\Pipeline\\{closure}(Object(Illuminate\\Http\\Request))
#64 C:\\xampp\\htdocs\\vizsga_backend\\vendor\\laravel\\framework\\src\\Illuminate\\Foundation\\Http\\Kernel.php(176): Illuminate\\Pipeline\\Pipeline->then(Object(Closure))
#65 C:\\xampp\\htdocs\\vizsga_backend\\vendor\\laravel\\framework\\src\\Illuminate\\Foundation\\Http\\Kernel.php(145): Illuminate\\Foundation\\Http\\Kernel->sendRequestThroughRouter(Object(Illuminate\\Http\\Request))
#66 C:\\xampp\\htdocs\\vizsga_backend\\vendor\\laravel\\framework\\src\\Illuminate\\Foundation\\Application.php(1220): Illuminate\\Foundation\\Http\\Kernel->handle(Object(Illuminate\\Http\\Request))
#67 C:\\xampp\\htdocs\\vizsga_backend\\public\\index.php(20): Illuminate\\Foundation\\Application->handleRequest(Object(Illuminate\\Http\\Request))
#68 C:\\xampp\\htdocs\\vizsga_backend\\vendor\\laravel\\framework\\src\\Illuminate\\Foundation\\resources\\server.php(23): require_once('C:\\\\xampp\\\\htdocs...')
#69 {main}
"} 
[2025-03-26 17:39:23] local.ERROR: SQLSTATE[HY000] [2002] Nem hozható létre kapcsolat, mert a célszámítógép már visszautasította a kapcsolatot (Connection: mysql, SQL: select * from `books`) {"exception":"[object] (Illuminate\\Database\\QueryException(code: 2002): SQLSTATE[HY000] [2002] Nem hozható létre kapcsolat, mert a célszámítógép már visszautasította a kapcsolatot (Connection: mysql, SQL: select * from `books`) at C:\\xampp\\htdocs\\vizsga_backend\\vendor\\laravel\\framework\\src\\Illuminate\\Database\\Connection.php:823)
[stacktrace]
#0 C:\\xampp\\htdocs\\vizsga_backend\\vendor\\laravel\\framework\\src\\Illuminate\\Database\\Connection.php(777): Illuminate\\Database\\Connection->runQueryCallback('select * from `...', Array, Object(Closure))
#1 C:\\xampp\\htdocs\\vizsga_backend\\vendor\\laravel\\framework\\src\\Illuminate\\Database\\Connection.php(396): Illuminate\\Database\\Connection->run('select * from `...', Array, Object(Closure))
#2 C:\\xampp\\htdocs\\vizsga_backend\\vendor\\laravel\\framework\\src\\Illuminate\\Database\\Query\\Builder.php(3105): Illuminate\\Database\\Connection->select('select * from `...', Array, true)
#3 C:\\xampp\\htdocs\\vizsga_backend\\vendor\\laravel\\framework\\src\\Illuminate\\Database\\Query\\Builder.php(3090): Illuminate\\Database\\Query\\Builder->runSelect()
#4 C:\\xampp\\htdocs\\vizsga_backend\\vendor\\laravel\\framework\\src\\Illuminate\\Database\\Query\\Builder.php(3677): Illuminate\\Database\\Query\\Builder->Illuminate\\Database\\Query\\{closure}()
#5 C:\\xampp\\htdocs\\vizsga_backend\\vendor\\laravel\\framework\\src\\Illuminate\\Database\\Query\\Builder.php(3089): Illuminate\\Database\\Query\\Builder->onceWithColumns(Array, Object(Closure))
#6 C:\\xampp\\htdocs\\vizsga_backend\\vendor\\laravel\\framework\\src\\Illuminate\\Database\\Eloquent\\Builder.php(811): Illuminate\\Database\\Query\\Builder->get(Array)
#7 C:\\xampp\\htdocs\\vizsga_backend\\vendor\\laravel\\framework\\src\\Illuminate\\Database\\Eloquent\\Builder.php(793): Illuminate\\Database\\Eloquent\\Builder->getModels(Array)
#8 C:\\xampp\\htdocs\\vizsga_backend\\vendor\\laravel\\framework\\src\\Illuminate\\Database\\Eloquent\\Model.php(694): Illuminate\\Database\\Eloquent\\Builder->get(Array)
#9 C:\\xampp\\htdocs\\vizsga_backend\\app\\Http\\Controllers\\BookController.php(12): Illuminate\\Database\\Eloquent\\Model::all()
#10 C:\\xampp\\htdocs\\vizsga_backend\\vendor\\laravel\\framework\\src\\Illuminate\\Routing\\ControllerDispatcher.php(47): App\\Http\\Controllers\\BookController->index()
#11 C:\\xampp\\htdocs\\vizsga_backend\\vendor\\laravel\\framework\\src\\Illuminate\\Routing\\Route.php(266): Illuminate\\Routing\\ControllerDispatcher->dispatch(Object(Illuminate\\Routing\\Route), Object(App\\Http\\Controllers\\BookController), 'index')
#12 C:\\xampp\\htdocs\\vizsga_backend\\vendor\\laravel\\framework\\src\\Illuminate\\Routing\\Route.php(212): Illuminate\\Routing\\Route->runController()
#13 C:\\xampp\\htdocs\\vizsga_backend\\vendor\\laravel\\framework\\src\\Illuminate\\Routing\\Router.php(809): Illuminate\\Routing\\Route->run()
#14 C:\\xampp\\htdocs\\vizsga_backend\\vendor\\laravel\\framework\\src\\Illuminate\\Pipeline\\Pipeline.php(170): Illuminate\\Routing\\Router->Illuminate\\Routing\\{closure}(Object(Illuminate\\Http\\Request))
#15 C:\\xampp\\htdocs\\vizsga_backend\\vendor\\laravel\\framework\\src\\Illuminate\\Routing\\Middleware\\SubstituteBindings.php(51): Illuminate\\Pipeline\\Pipeline->Illuminate\\Pipeline\\{closure}(Object(Illuminate\\Http\\Request))
#16 C:\\xampp\\htdocs\\vizsga_backend\\vendor\\laravel\\framework\\src\\Illuminate\\Pipeline\\Pipeline.php(209): Illuminate\\Routing\\Middleware\\SubstituteBindings->handle(Object(Illuminate\\Http\\Request), Object(Closure))
#17 C:\\xampp\\htdocs\\vizsga_backend\\vendor\\laravel\\framework\\src\\Illuminate\\Foundation\\Http\\Middleware\\VerifyCsrfToken.php(88): Illuminate\\Pipeline\\Pipeline->Illuminate\\Pipeline\\{closure}(Object(Illuminate\\Http\\Request))
#18 C:\\xampp\\htdocs\\vizsga_backend\\vendor\\laravel\\framework\\src\\Illuminate\\Pipeline\\Pipeline.php(209): Illuminate\\Foundation\\Http\\Middleware\\VerifyCsrfToken->handle(Object(Illuminate\\Http\\Request), Object(Closure))
#19 C:\\xampp\\htdocs\\vizsga_backend\\vendor\\laravel\\framework\\src\\Illuminate\\View\\Middleware\\ShareErrorsFromSession.php(49): Illuminate\\Pipeline\\Pipeline->Illuminate\\Pipeline\\{closure}(Object(Illuminate\\Http\\Request))
#20 C:\\xampp\\htdocs\\vizsga_backend\\vendor\\laravel\\framework\\src\\Illuminate\\Pipeline\\Pipeline.php(209): Illuminate\\View\\Middleware\\ShareErrorsFromSession->handle(Object(Illuminate\\Http\\Request), Object(Closure))
#21 C:\\xampp\\htdocs\\vizsga_backend\\vendor\\laravel\\framework\\src\\Illuminate\\Session\\Middleware\\StartSession.php(121): Illuminate\\Pipeline\\Pipeline->Illuminate\\Pipeline\\{closure}(Object(Illuminate\\Http\\Request))
#22 C:\\xampp\\htdocs\\vizsga_backend\\vendor\\laravel\\framework\\src\\Illuminate\\Session\\Middleware\\StartSession.php(64): Illuminate\\Session\\Middleware\\StartSession->handleStatefulRequest(Object(Illuminate\\Http\\Request), Object(Illuminate\\Session\\Store), Object(Closure))
#23 C:\\xampp\\htdocs\\vizsga_backend\\vendor\\laravel\\framework\\src\\Illuminate\\Pipeline\\Pipeline.php(209): Illuminate\\Session\\Middleware\\StartSession->handle(Object(Illuminate\\Http\\Request), Object(Closure))
#24 C:\\xampp\\htdocs\\vizsga_backend\\vendor\\laravel\\framework\\src\\Illuminate\\Cookie\\Middleware\\AddQueuedCookiesToResponse.php(37): Illuminate\\Pipeline\\Pipeline->Illuminate\\Pipeline\\{closure}(Object(Illuminate\\Http\\Request))
#25 C:\\xampp\\htdocs\\vizsga_backend\\vendor\\laravel\\framework\\src\\Illuminate\\Pipeline\\Pipeline.php(209): Illuminate\\Cookie\\Middleware\\AddQueuedCookiesToResponse->handle(Object(Illuminate\\Http\\Request), Object(Closure))
#26 C:\\xampp\\htdocs\\vizsga_backend\\vendor\\laravel\\framework\\src\\Illuminate\\Cookie\\Middleware\\EncryptCookies.php(75): Illuminate\\Pipeline\\Pipeline->Illuminate\\Pipeline\\{closure}(Object(Illuminate\\Http\\Request))
#27 C:\\xampp\\htdocs\\vizsga_backend\\vendor\\laravel\\framework\\src\\Illuminate\\Pipeline\\Pipeline.php(209): Illuminate\\Cookie\\Middleware\\EncryptCookies->handle(Object(Illuminate\\Http\\Request), Object(Closure))
#28 C:\\xampp\\htdocs\\vizsga_backend\\vendor\\laravel\\framework\\src\\Illuminate\\Pipeline\\Pipeline.php(127): Illuminate\\Pipeline\\Pipeline->Illuminate\\Pipeline\\{closure}(Object(Illuminate\\Http\\Request))
#29 C:\\xampp\\htdocs\\vizsga_backend\\vendor\\laravel\\framework\\src\\Illuminate\\Routing\\Router.php(808): Illuminate\\Pipeline\\Pipeline->then(Object(Closure))
#30 C:\\xampp\\htdocs\\vizsga_backend\\vendor\\laravel\\framework\\src\\Illuminate\\Routing\\Router.php(787): Illuminate\\Routing\\Router->runRouteWithinStack(Object(Illuminate\\Routing\\Route), Object(Illuminate\\Http\\Request))
#31 C:\\xampp\\htdocs\\vizsga_backend\\vendor\\laravel\\framework\\src\\Illuminate\\Routing\\Router.php(751): Illuminate\\Routing\\Router->runRoute(Object(Illuminate\\Http\\Request), Object(Illuminate\\Routing\\Route))
#32 C:\\xampp\\htdocs\\vizsga_backend\\vendor\\laravel\\framework\\src\\Illuminate\\Routing\\Router.php(740): Illuminate\\Routing\\Router->dispatchToRoute(Object(Illuminate\\Http\\Request))
#33 C:\\xampp\\htdocs\\vizsga_backend\\vendor\\laravel\\framework\\src\\Illuminate\\Foundation\\Http\\Kernel.php(201): Illuminate\\Routing\\Router->dispatch(Object(Illuminate\\Http\\Request))
#34 C:\\xampp\\htdocs\\vizsga_backend\\vendor\\laravel\\framework\\src\\Illuminate\\Pipeline\\Pipeline.php(170): Illuminate\\Foundation\\Http\\Kernel->Illuminate\\Foundation\\Http\\{closure}(Object(Illuminate\\Http\\Request))
#35 C:\\xampp\\htdocs\\vizsga_backend\\vendor\\laravel\\framework\\src\\Illuminate\\Foundation\\Http\\Middleware\\TransformsRequest.php(21): Illuminate\\Pipeline\\Pipeline->Illuminate\\Pipeline\\{closure}(Object(Illuminate\\Http\\Request))
#36 C:\\xampp\\htdocs\\vizsga_backend\\vendor\\laravel\\framework\\src\\Illuminate\\Foundation\\Http\\Middleware\\ConvertEmptyStringsToNull.php(31): Illuminate\\Foundation\\Http\\Middleware\\TransformsRequest->handle(Object(Illuminate\\Http\\Request), Object(Closure))
#37 C:\\xampp\\htdocs\\vizsga_backend\\vendor\\laravel\\framework\\src\\Illuminate\\Pipeline\\Pipeline.php(209): Illuminate\\Foundation\\Http\\Middleware\\ConvertEmptyStringsToNull->handle(Object(Illuminate\\Http\\Request), Object(Closure))
#38 C:\\xampp\\htdocs\\vizsga_backend\\vendor\\laravel\\framework\\src\\Illuminate\\Foundation\\Http\\Middleware\\TransformsRequest.php(21): Illuminate\\Pipeline\\Pipeline->Illuminate\\Pipeline\\{closure}(Object(Illuminate\\Http\\Request))
#39 C:\\xampp\\htdocs\\vizsga_backend\\vendor\\laravel\\framework\\src\\Illuminate\\Foundation\\Http\\Middleware\\TrimStrings.php(51): Illuminate\\Foundation\\Http\\Middleware\\TransformsRequest->handle(Object(Illuminate\\Http\\Request), Object(Closure))
#40 C:\\xampp\\htdocs\\vizsga_backend\\vendor\\laravel\\framework\\src\\Illuminate\\Pipeline\\Pipeline.php(209): Illuminate\\Foundation\\Http\\Middleware\\TrimStrings->handle(Object(Illuminate\\Http\\Request), Object(Closure))
#41 C:\\xampp\\htdocs\\vizsga_backend\\vendor\\laravel\\framework\\src\\Illuminate\\Http\\Middleware\\ValidatePostSize.php(27): Illuminate\\Pipeline\\Pipeline->Illuminate\\Pipeline\\{closure}(Object(Illuminate\\Http\\Request))
#42 C:\\xampp\\htdocs\\vizsga_backend\\vendor\\laravel\\framework\\src\\Illuminate\\Pipeline\\Pipeline.php(209): Illuminate\\Http\\Middleware\\ValidatePostSize->handle(Object(Illuminate\\Http\\Request), Object(Closure))
#43 C:\\xampp\\htdocs\\vizsga_backend\\vendor\\laravel\\framework\\src\\Illuminate\\Foundation\\Http\\Middleware\\PreventRequestsDuringMaintenance.php(110): Illuminate\\Pipeline\\Pipeline->Illuminate\\Pipeline\\{closure}(Object(Illuminate\\Http\\Request))
#44 C:\\xampp\\htdocs\\vizsga_backend\\vendor\\laravel\\framework\\src\\Illuminate\\Pipeline\\Pipeline.php(209): Illuminate\\Foundation\\Http\\Middleware\\PreventRequestsDuringMaintenance->handle(Object(Illuminate\\Http\\Request), Object(Closure))
#45 C:\\xampp\\htdocs\\vizsga_backend\\vendor\\laravel\\framework\\src\\Illuminate\\Http\\Middleware\\HandleCors.php(62): Illuminate\\Pipeline\\Pipeline->Illuminate\\Pipeline\\{closure}(Object(Illuminate\\Http\\Request))
#46 C:\\xampp\\htdocs\\vizsga_backend\\vendor\\laravel\\framework\\src\\Illuminate\\Pipeline\\Pipeline.php(209): Illuminate\\Http\\Middleware\\HandleCors->handle(Object(Illuminate\\Http\\Request), Object(Closure))
#47 C:\\xampp\\htdocs\\vizsga_backend\\vendor\\laravel\\framework\\src\\Illuminate\\Http\\Middleware\\TrustProxies.php(58): Illuminate\\Pipeline\\Pipeline->Illuminate\\Pipeline\\{closure}(Object(Illuminate\\Http\\Request))
#48 C:\\xampp\\htdocs\\vizsga_backend\\vendor\\laravel\\framework\\src\\Illuminate\\Pipeline\\Pipeline.php(209): Illuminate\\Http\\Middleware\\TrustProxies->handle(Object(Illuminate\\Http\\Request), Object(Closure))
#49 C:\\xampp\\htdocs\\vizsga_backend\\vendor\\laravel\\framework\\src\\Illuminate\\Foundation\\Http\\Middleware\\InvokeDeferredCallbacks.php(22): Illuminate\\Pipeline\\Pipeline->Illuminate\\Pipeline\\{closure}(Object(Illuminate\\Http\\Request))
#50 C:\\xampp\\htdocs\\vizsga_backend\\vendor\\laravel\\framework\\src\\Illuminate\\Pipeline\\Pipeline.php(209): Illuminate\\Foundation\\Http\\Middleware\\InvokeDeferredCallbacks->handle(Object(Illuminate\\Http\\Request), Object(Closure))
#51 C:\\xampp\\htdocs\\vizsga_backend\\vendor\\laravel\\framework\\src\\Illuminate\\Http\\Middleware\\ValidatePathEncoding.php(26): Illuminate\\Pipeline\\Pipeline->Illuminate\\Pipeline\\{closure}(Object(Illuminate\\Http\\Request))
#52 C:\\xampp\\htdocs\\vizsga_backend\\vendor\\laravel\\framework\\src\\Illuminate\\Pipeline\\Pipeline.php(209): Illuminate\\Http\\Middleware\\ValidatePathEncoding->handle(Object(Illuminate\\Http\\Request), Object(Closure))
#53 C:\\xampp\\htdocs\\vizsga_backend\\vendor\\laravel\\framework\\src\\Illuminate\\Pipeline\\Pipeline.php(127): Illuminate\\Pipeline\\Pipeline->Illuminate\\Pipeline\\{closure}(Object(Illuminate\\Http\\Request))
#54 C:\\xampp\\htdocs\\vizsga_backend\\vendor\\laravel\\framework\\src\\Illuminate\\Foundation\\Http\\Kernel.php(176): Illuminate\\Pipeline\\Pipeline->then(Object(Closure))
#55 C:\\xampp\\htdocs\\vizsga_backend\\vendor\\laravel\\framework\\src\\Illuminate\\Foundation\\Http\\Kernel.php(145): Illuminate\\Foundation\\Http\\Kernel->sendRequestThroughRouter(Object(Illuminate\\Http\\Request))
#56 C:\\xampp\\htdocs\\vizsga_backend\\vendor\\laravel\\framework\\src\\Illuminate\\Foundation\\Application.php(1220): Illuminate\\Foundation\\Http\\Kernel->handle(Object(Illuminate\\Http\\Request))
#57 C:\\xampp\\htdocs\\vizsga_backend\\public\\index.php(20): Illuminate\\Foundation\\Application->handleRequest(Object(Illuminate\\Http\\Request))
#58 C:\\xampp\\htdocs\\vizsga_backend\\vendor\\laravel\\framework\\src\\Illuminate\\Foundation\\resources\\server.php(23): require_once('C:\\\\xampp\\\\htdocs...')
#59 {main}

[previous exception] [object] (PDOException(code: 2002): SQLSTATE[HY000] [2002] Nem hozható létre kapcsolat, mert a célszámítógép már visszautasította a kapcsolatot at C:\\xampp\\htdocs\\vizsga_backend\\vendor\\laravel\\framework\\src\\Illuminate\\Database\\Connectors\\Connector.php:66)
[stacktrace]
#0 C:\\xampp\\htdocs\\vizsga_backend\\vendor\\laravel\\framework\\src\\Illuminate\\Database\\Connectors\\Connector.php(66): PDO->__construct('mysql:host=127....', 'root', Object(SensitiveParameterValue), Array)
#1 C:\\xampp\\htdocs\\vizsga_backend\\vendor\\laravel\\framework\\src\\Illuminate\\Database\\Connectors\\Connector.php(44): Illuminate\\Database\\Connectors\\Connector->createPdoConnection('mysql:host=127....', 'root', Object(SensitiveParameterValue), Array)
#2 C:\\xampp\\htdocs\\vizsga_backend\\vendor\\laravel\\framework\\src\\Illuminate\\Database\\Connectors\\MySqlConnector.php(24): Illuminate\\Database\\Connectors\\Connector->createConnection('mysql:host=127....', Array, Array)
#3 C:\\xampp\\htdocs\\vizsga_backend\\vendor\\laravel\\framework\\src\\Illuminate\\Database\\Connectors\\ConnectionFactory.php(185): Illuminate\\Database\\Connectors\\MySqlConnector->connect(Array)
#4 [internal function]: Illuminate\\Database\\Connectors\\ConnectionFactory->Illuminate\\Database\\Connectors\\{closure}()
#5 C:\\xampp\\htdocs\\vizsga_backend\\vendor\\laravel\\framework\\src\\Illuminate\\Database\\Connection.php(1229): call_user_func(Object(Closure))
#6 C:\\xampp\\htdocs\\vizsga_backend\\vendor\\laravel\\framework\\src\\Illuminate\\Database\\Connection.php(1265): Illuminate\\Database\\Connection->getPdo()
#7 C:\\xampp\\htdocs\\vizsga_backend\\vendor\\laravel\\framework\\src\\Illuminate\\Database\\Connection.php(510): Illuminate\\Database\\Connection->getReadPdo()
#8 C:\\xampp\\htdocs\\vizsga_backend\\vendor\\laravel\\framework\\src\\Illuminate\\Database\\Connection.php(405): Illuminate\\Database\\Connection->getPdoForSelect(true)
#9 C:\\xampp\\htdocs\\vizsga_backend\\vendor\\laravel\\framework\\src\\Illuminate\\Database\\Connection.php(810): Illuminate\\Database\\Connection->Illuminate\\Database\\{closure}('select * from `...', Array)
#10 C:\\xampp\\htdocs\\vizsga_backend\\vendor\\laravel\\framework\\src\\Illuminate\\Database\\Connection.php(777): Illuminate\\Database\\Connection->runQueryCallback('select * from `...', Array, Object(Closure))
#11 C:\\xampp\\htdocs\\vizsga_backend\\vendor\\laravel\\framework\\src\\Illuminate\\Database\\Connection.php(396): Illuminate\\Database\\Connection->run('select * from `...', Array, Object(Closure))
#12 C:\\xampp\\htdocs\\vizsga_backend\\vendor\\laravel\\framework\\src\\Illuminate\\Database\\Query\\Builder.php(3105): Illuminate\\Database\\Connection->select('select * from `...', Array, true)
#13 C:\\xampp\\htdocs\\vizsga_backend\\vendor\\laravel\\framework\\src\\Illuminate\\Database\\Query\\Builder.php(3090): Illuminate\\Database\\Query\\Builder->runSelect()
#14 C:\\xampp\\htdocs\\vizsga_backend\\vendor\\laravel\\framework\\src\\Illuminate\\Database\\Query\\Builder.php(3677): Illuminate\\Database\\Query\\Builder->Illuminate\\Database\\Query\\{closure}()
#15 C:\\xampp\\htdocs\\vizsga_backend\\vendor\\laravel\\framework\\src\\Illuminate\\Database\\Query\\Builder.php(3089): Illuminate\\Database\\Query\\Builder->onceWithColumns(Array, Object(Closure))
#16 C:\\xampp\\htdocs\\vizsga_backend\\vendor\\laravel\\framework\\src\\Illuminate\\Database\\Eloquent\\Builder.php(811): Illuminate\\Database\\Query\\Builder->get(Array)
#17 C:\\xampp\\htdocs\\vizsga_backend\\vendor\\laravel\\framework\\src\\Illuminate\\Database\\Eloquent\\Builder.php(793): Illuminate\\Database\\Eloquent\\Builder->getModels(Array)
#18 C:\\xampp\\htdocs\\vizsga_backend\\vendor\\laravel\\framework\\src\\Illuminate\\Database\\Eloquent\\Model.php(694): Illuminate\\Database\\Eloquent\\Builder->get(Array)
#19 C:\\xampp\\htdocs\\vizsga_backend\\app\\Http\\Controllers\\BookController.php(12): Illuminate\\Database\\Eloquent\\Model::all()
#20 C:\\xampp\\htdocs\\vizsga_backend\\vendor\\laravel\\framework\\src\\Illuminate\\Routing\\ControllerDispatcher.php(47): App\\Http\\Controllers\\BookController->index()
#21 C:\\xampp\\htdocs\\vizsga_backend\\vendor\\laravel\\framework\\src\\Illuminate\\Routing\\Route.php(266): Illuminate\\Routing\\ControllerDispatcher->dispatch(Object(Illuminate\\Routing\\Route), Object(App\\Http\\Controllers\\BookController), 'index')
#22 C:\\xampp\\htdocs\\vizsga_backend\\vendor\\laravel\\framework\\src\\Illuminate\\Routing\\Route.php(212): Illuminate\\Routing\\Route->runController()
#23 C:\\xampp\\htdocs\\vizsga_backend\\vendor\\laravel\\framework\\src\\Illuminate\\Routing\\Router.php(809): Illuminate\\Routing\\Route->run()
#24 C:\\xampp\\htdocs\\vizsga_backend\\vendor\\laravel\\framework\\src\\Illuminate\\Pipeline\\Pipeline.php(170): Illuminate\\Routing\\Router->Illuminate\\Routing\\{closure}(Object(Illuminate\\Http\\Request))
#25 C:\\xampp\\htdocs\\vizsga_backend\\vendor\\laravel\\framework\\src\\Illuminate\\Routing\\Middleware\\SubstituteBindings.php(51): Illuminate\\Pipeline\\Pipeline->Illuminate\\Pipeline\\{closure}(Object(Illuminate\\Http\\Request))
#26 C:\\xampp\\htdocs\\vizsga_backend\\vendor\\laravel\\framework\\src\\Illuminate\\Pipeline\\Pipeline.php(209): Illuminate\\Routing\\Middleware\\SubstituteBindings->handle(Object(Illuminate\\Http\\Request), Object(Closure))
#27 C:\\xampp\\htdocs\\vizsga_backend\\vendor\\laravel\\framework\\src\\Illuminate\\Foundation\\Http\\Middleware\\VerifyCsrfToken.php(88): Illuminate\\Pipeline\\Pipeline->Illuminate\\Pipeline\\{closure}(Object(Illuminate\\Http\\Request))
#28 C:\\xampp\\htdocs\\vizsga_backend\\vendor\\laravel\\framework\\src\\Illuminate\\Pipeline\\Pipeline.php(209): Illuminate\\Foundation\\Http\\Middleware\\VerifyCsrfToken->handle(Object(Illuminate\\Http\\Request), Object(Closure))
#29 C:\\xampp\\htdocs\\vizsga_backend\\vendor\\laravel\\framework\\src\\Illuminate\\View\\Middleware\\ShareErrorsFromSession.php(49): Illuminate\\Pipeline\\Pipeline->Illuminate\\Pipeline\\{closure}(Object(Illuminate\\Http\\Request))
#30 C:\\xampp\\htdocs\\vizsga_backend\\vendor\\laravel\\framework\\src\\Illuminate\\Pipeline\\Pipeline.php(209): Illuminate\\View\\Middleware\\ShareErrorsFromSession->handle(Object(Illuminate\\Http\\Request), Object(Closure))
#31 C:\\xampp\\htdocs\\vizsga_backend\\vendor\\laravel\\framework\\src\\Illuminate\\Session\\Middleware\\StartSession.php(121): Illuminate\\Pipeline\\Pipeline->Illuminate\\Pipeline\\{closure}(Object(Illuminate\\Http\\Request))
#32 C:\\xampp\\htdocs\\vizsga_backend\\vendor\\laravel\\framework\\src\\Illuminate\\Session\\Middleware\\StartSession.php(64): Illuminate\\Session\\Middleware\\StartSession->handleStatefulRequest(Object(Illuminate\\Http\\Request), Object(Illuminate\\Session\\Store), Object(Closure))
#33 C:\\xampp\\htdocs\\vizsga_backend\\vendor\\laravel\\framework\\src\\Illuminate\\Pipeline\\Pipeline.php(209): Illuminate\\Session\\Middleware\\StartSession->handle(Object(Illuminate\\Http\\Request), Object(Closure))
#34 C:\\xampp\\htdocs\\vizsga_backend\\vendor\\laravel\\framework\\src\\Illuminate\\Cookie\\Middleware\\AddQueuedCookiesToResponse.php(37): Illuminate\\Pipeline\\Pipeline->Illuminate\\Pipeline\\{closure}(Object(Illuminate\\Http\\Request))
#35 C:\\xampp\\htdocs\\vizsga_backend\\vendor\\laravel\\framework\\src\\Illuminate\\Pipeline\\Pipeline.php(209): Illuminate\\Cookie\\Middleware\\AddQueuedCookiesToResponse->handle(Object(Illuminate\\Http\\Request), Object(Closure))
#36 C:\\xampp\\htdocs\\vizsga_backend\\vendor\\laravel\\framework\\src\\Illuminate\\Cookie\\Middleware\\EncryptCookies.php(75): Illuminate\\Pipeline\\Pipeline->Illuminate\\Pipeline\\{closure}(Object(Illuminate\\Http\\Request))
#37 C:\\xampp\\htdocs\\vizsga_backend\\vendor\\laravel\\framework\\src\\Illuminate\\Pipeline\\Pipeline.php(209): Illuminate\\Cookie\\Middleware\\EncryptCookies->handle(Object(Illuminate\\Http\\Request), Object(Closure))
#38 C:\\xampp\\htdocs\\vizsga_backend\\vendor\\laravel\\framework\\src\\Illuminate\\Pipeline\\Pipeline.php(127): Illuminate\\Pipeline\\Pipeline->Illuminate\\Pipeline\\{closure}(Object(Illuminate\\Http\\Request))
#39 C:\\xampp\\htdocs\\vizsga_backend\\vendor\\laravel\\framework\\src\\Illuminate\\Routing\\Router.php(808): Illuminate\\Pipeline\\Pipeline->then(Object(Closure))
#40 C:\\xampp\\htdocs\\vizsga_backend\\vendor\\laravel\\framework\\src\\Illuminate\\Routing\\Router.php(787): Illuminate\\Routing\\Router->runRouteWithinStack(Object(Illuminate\\Routing\\Route), Object(Illuminate\\Http\\Request))
#41 C:\\xampp\\htdocs\\vizsga_backend\\vendor\\laravel\\framework\\src\\Illuminate\\Routing\\Router.php(751): Illuminate\\Routing\\Router->runRoute(Object(Illuminate\\Http\\Request), Object(Illuminate\\Routing\\Route))
#42 C:\\xampp\\htdocs\\vizsga_backend\\vendor\\laravel\\framework\\src\\Illuminate\\Routing\\Router.php(740): Illuminate\\Routing\\Router->dispatchToRoute(Object(Illuminate\\Http\\Request))
#43 C:\\xampp\\htdocs\\vizsga_backend\\vendor\\laravel\\framework\\src\\Illuminate\\Foundation\\Http\\Kernel.php(201): Illuminate\\Routing\\Router->dispatch(Object(Illuminate\\Http\\Request))
#44 C:\\xampp\\htdocs\\vizsga_backend\\vendor\\laravel\\framework\\src\\Illuminate\\Pipeline\\Pipeline.php(170): Illuminate\\Foundation\\Http\\Kernel->Illuminate\\Foundation\\Http\\{closure}(Object(Illuminate\\Http\\Request))
#45 C:\\xampp\\htdocs\\vizsga_backend\\vendor\\laravel\\framework\\src\\Illuminate\\Foundation\\Http\\Middleware\\TransformsRequest.php(21): Illuminate\\Pipeline\\Pipeline->Illuminate\\Pipeline\\{closure}(Object(Illuminate\\Http\\Request))
#46 C:\\xampp\\htdocs\\vizsga_backend\\vendor\\laravel\\framework\\src\\Illuminate\\Foundation\\Http\\Middleware\\ConvertEmptyStringsToNull.php(31): Illuminate\\Foundation\\Http\\Middleware\\TransformsRequest->handle(Object(Illuminate\\Http\\Request), Object(Closure))
#47 C:\\xampp\\htdocs\\vizsga_backend\\vendor\\laravel\\framework\\src\\Illuminate\\Pipeline\\Pipeline.php(209): Illuminate\\Foundation\\Http\\Middleware\\ConvertEmptyStringsToNull->handle(Object(Illuminate\\Http\\Request), Object(Closure))
#48 C:\\xampp\\htdocs\\vizsga_backend\\vendor\\laravel\\framework\\src\\Illuminate\\Foundation\\Http\\Middleware\\TransformsRequest.php(21): Illuminate\\Pipeline\\Pipeline->Illuminate\\Pipeline\\{closure}(Object(Illuminate\\Http\\Request))
#49 C:\\xampp\\htdocs\\vizsga_backend\\vendor\\laravel\\framework\\src\\Illuminate\\Foundation\\Http\\Middleware\\TrimStrings.php(51): Illuminate\\Foundation\\Http\\Middleware\\TransformsRequest->handle(Object(Illuminate\\Http\\Request), Object(Closure))
#50 C:\\xampp\\htdocs\\vizsga_backend\\vendor\\laravel\\framework\\src\\Illuminate\\Pipeline\\Pipeline.php(209): Illuminate\\Foundation\\Http\\Middleware\\TrimStrings->handle(Object(Illuminate\\Http\\Request), Object(Closure))
#51 C:\\xampp\\htdocs\\vizsga_backend\\vendor\\laravel\\framework\\src\\Illuminate\\Http\\Middleware\\ValidatePostSize.php(27): Illuminate\\Pipeline\\Pipeline->Illuminate\\Pipeline\\{closure}(Object(Illuminate\\Http\\Request))
#52 C:\\xampp\\htdocs\\vizsga_backend\\vendor\\laravel\\framework\\src\\Illuminate\\Pipeline\\Pipeline.php(209): Illuminate\\Http\\Middleware\\ValidatePostSize->handle(Object(Illuminate\\Http\\Request), Object(Closure))
#53 C:\\xampp\\htdocs\\vizsga_backend\\vendor\\laravel\\framework\\src\\Illuminate\\Foundation\\Http\\Middleware\\PreventRequestsDuringMaintenance.php(110): Illuminate\\Pipeline\\Pipeline->Illuminate\\Pipeline\\{closure}(Object(Illuminate\\Http\\Request))
#54 C:\\xampp\\htdocs\\vizsga_backend\\vendor\\laravel\\framework\\src\\Illuminate\\Pipeline\\Pipeline.php(209): Illuminate\\Foundation\\Http\\Middleware\\PreventRequestsDuringMaintenance->handle(Object(Illuminate\\Http\\Request), Object(Closure))
#55 C:\\xampp\\htdocs\\vizsga_backend\\vendor\\laravel\\framework\\src\\Illuminate\\Http\\Middleware\\HandleCors.php(62): Illuminate\\Pipeline\\Pipeline->Illuminate\\Pipeline\\{closure}(Object(Illuminate\\Http\\Request))
#56 C:\\xampp\\htdocs\\vizsga_backend\\vendor\\laravel\\framework\\src\\Illuminate\\Pipeline\\Pipeline.php(209): Illuminate\\Http\\Middleware\\HandleCors->handle(Object(Illuminate\\Http\\Request), Object(Closure))
#57 C:\\xampp\\htdocs\\vizsga_backend\\vendor\\laravel\\framework\\src\\Illuminate\\Http\\Middleware\\TrustProxies.php(58): Illuminate\\Pipeline\\Pipeline->Illuminate\\Pipeline\\{closure}(Object(Illuminate\\Http\\Request))
#58 C:\\xampp\\htdocs\\vizsga_backend\\vendor\\laravel\\framework\\src\\Illuminate\\Pipeline\\Pipeline.php(209): Illuminate\\Http\\Middleware\\TrustProxies->handle(Object(Illuminate\\Http\\Request), Object(Closure))
#59 C:\\xampp\\htdocs\\vizsga_backend\\vendor\\laravel\\framework\\src\\Illuminate\\Foundation\\Http\\Middleware\\InvokeDeferredCallbacks.php(22): Illuminate\\Pipeline\\Pipeline->Illuminate\\Pipeline\\{closure}(Object(Illuminate\\Http\\Request))
#60 C:\\xampp\\htdocs\\vizsga_backend\\vendor\\laravel\\framework\\src\\Illuminate\\Pipeline\\Pipeline.php(209): Illuminate\\Foundation\\Http\\Middleware\\InvokeDeferredCallbacks->handle(Object(Illuminate\\Http\\Request), Object(Closure))
#61 C:\\xampp\\htdocs\\vizsga_backend\\vendor\\laravel\\framework\\src\\Illuminate\\Http\\Middleware\\ValidatePathEncoding.php(26): Illuminate\\Pipeline\\Pipeline->Illuminate\\Pipeline\\{closure}(Object(Illuminate\\Http\\Request))
#62 C:\\xampp\\htdocs\\vizsga_backend\\vendor\\laravel\\framework\\src\\Illuminate\\Pipeline\\Pipeline.php(209): Illuminate\\Http\\Middleware\\ValidatePathEncoding->handle(Object(Illuminate\\Http\\Request), Object(Closure))
#63 C:\\xampp\\htdocs\\vizsga_backend\\vendor\\laravel\\framework\\src\\Illuminate\\Pipeline\\Pipeline.php(127): Illuminate\\Pipeline\\Pipeline->Illuminate\\Pipeline\\{closure}(Object(Illuminate\\Http\\Request))
#64 C:\\xampp\\htdocs\\vizsga_backend\\vendor\\laravel\\framework\\src\\Illuminate\\Foundation\\Http\\Kernel.php(176): Illuminate\\Pipeline\\Pipeline->then(Object(Closure))
#65 C:\\xampp\\htdocs\\vizsga_backend\\vendor\\laravel\\framework\\src\\Illuminate\\Foundation\\Http\\Kernel.php(145): Illuminate\\Foundation\\Http\\Kernel->sendRequestThroughRouter(Object(Illuminate\\Http\\Request))
#66 C:\\xampp\\htdocs\\vizsga_backend\\vendor\\laravel\\framework\\src\\Illuminate\\Foundation\\Application.php(1220): Illuminate\\Foundation\\Http\\Kernel->handle(Object(Illuminate\\Http\\Request))
#67 C:\\xampp\\htdocs\\vizsga_backend\\public\\index.php(20): Illuminate\\Foundation\\Application->handleRequest(Object(Illuminate\\Http\\Request))
#68 C:\\xampp\\htdocs\\vizsga_backend\\vendor\\laravel\\framework\\src\\Illuminate\\Foundation\\resources\\server.php(23): require_once('C:\\\\xampp\\\\htdocs...')
#69 {main}
"} 
[2025-03-26 17:45:58] local.ERROR: SQLSTATE[HY000] [2002] Nem hozható létre kapcsolat, mert a célszámítógép már visszautasította a kapcsolatot (Connection: mysql, SQL: select * from `books`) {"exception":"[object] (Illuminate\\Database\\QueryException(code: 2002): SQLSTATE[HY000] [2002] Nem hozható létre kapcsolat, mert a célszámítógép már visszautasította a kapcsolatot (Connection: mysql, SQL: select * from `books`) at C:\\xampp\\htdocs\\vizsga_backend\\vendor\\laravel\\framework\\src\\Illuminate\\Database\\Connection.php:823)
[stacktrace]
#0 C:\\xampp\\htdocs\\vizsga_backend\\vendor\\laravel\\framework\\src\\Illuminate\\Database\\Connection.php(777): Illuminate\\Database\\Connection->runQueryCallback('select * from `...', Array, Object(Closure))
#1 C:\\xampp\\htdocs\\vizsga_backend\\vendor\\laravel\\framework\\src\\Illuminate\\Database\\Connection.php(396): Illuminate\\Database\\Connection->run('select * from `...', Array, Object(Closure))
#2 C:\\xampp\\htdocs\\vizsga_backend\\vendor\\laravel\\framework\\src\\Illuminate\\Database\\Query\\Builder.php(3105): Illuminate\\Database\\Connection->select('select * from `...', Array, true)
#3 C:\\xampp\\htdocs\\vizsga_backend\\vendor\\laravel\\framework\\src\\Illuminate\\Database\\Query\\Builder.php(3090): Illuminate\\Database\\Query\\Builder->runSelect()
#4 C:\\xampp\\htdocs\\vizsga_backend\\vendor\\laravel\\framework\\src\\Illuminate\\Database\\Query\\Builder.php(3677): Illuminate\\Database\\Query\\Builder->Illuminate\\Database\\Query\\{closure}()
#5 C:\\xampp\\htdocs\\vizsga_backend\\vendor\\laravel\\framework\\src\\Illuminate\\Database\\Query\\Builder.php(3089): Illuminate\\Database\\Query\\Builder->onceWithColumns(Array, Object(Closure))
#6 C:\\xampp\\htdocs\\vizsga_backend\\vendor\\laravel\\framework\\src\\Illuminate\\Database\\Eloquent\\Builder.php(811): Illuminate\\Database\\Query\\Builder->get(Array)
#7 C:\\xampp\\htdocs\\vizsga_backend\\vendor\\laravel\\framework\\src\\Illuminate\\Database\\Eloquent\\Builder.php(793): Illuminate\\Database\\Eloquent\\Builder->getModels(Array)
#8 C:\\xampp\\htdocs\\vizsga_backend\\vendor\\laravel\\framework\\src\\Illuminate\\Database\\Eloquent\\Model.php(694): Illuminate\\Database\\Eloquent\\Builder->get(Array)
#9 C:\\xampp\\htdocs\\vizsga_backend\\app\\Http\\Controllers\\BookController.php(12): Illuminate\\Database\\Eloquent\\Model::all()
#10 C:\\xampp\\htdocs\\vizsga_backend\\vendor\\laravel\\framework\\src\\Illuminate\\Routing\\ControllerDispatcher.php(47): App\\Http\\Controllers\\BookController->index()
#11 C:\\xampp\\htdocs\\vizsga_backend\\vendor\\laravel\\framework\\src\\Illuminate\\Routing\\Route.php(266): Illuminate\\Routing\\ControllerDispatcher->dispatch(Object(Illuminate\\Routing\\Route), Object(App\\Http\\Controllers\\BookController), 'index')
#12 C:\\xampp\\htdocs\\vizsga_backend\\vendor\\laravel\\framework\\src\\Illuminate\\Routing\\Route.php(212): Illuminate\\Routing\\Route->runController()
#13 C:\\xampp\\htdocs\\vizsga_backend\\vendor\\laravel\\framework\\src\\Illuminate\\Routing\\Router.php(809): Illuminate\\Routing\\Route->run()
#14 C:\\xampp\\htdocs\\vizsga_backend\\vendor\\laravel\\framework\\src\\Illuminate\\Pipeline\\Pipeline.php(170): Illuminate\\Routing\\Router->Illuminate\\Routing\\{closure}(Object(Illuminate\\Http\\Request))
#15 C:\\xampp\\htdocs\\vizsga_backend\\vendor\\laravel\\framework\\src\\Illuminate\\Routing\\Middleware\\SubstituteBindings.php(51): Illuminate\\Pipeline\\Pipeline->Illuminate\\Pipeline\\{closure}(Object(Illuminate\\Http\\Request))
#16 C:\\xampp\\htdocs\\vizsga_backend\\vendor\\laravel\\framework\\src\\Illuminate\\Pipeline\\Pipeline.php(209): Illuminate\\Routing\\Middleware\\SubstituteBindings->handle(Object(Illuminate\\Http\\Request), Object(Closure))
#17 C:\\xampp\\htdocs\\vizsga_backend\\vendor\\laravel\\framework\\src\\Illuminate\\Foundation\\Http\\Middleware\\VerifyCsrfToken.php(88): Illuminate\\Pipeline\\Pipeline->Illuminate\\Pipeline\\{closure}(Object(Illuminate\\Http\\Request))
#18 C:\\xampp\\htdocs\\vizsga_backend\\vendor\\laravel\\framework\\src\\Illuminate\\Pipeline\\Pipeline.php(209): Illuminate\\Foundation\\Http\\Middleware\\VerifyCsrfToken->handle(Object(Illuminate\\Http\\Request), Object(Closure))
#19 C:\\xampp\\htdocs\\vizsga_backend\\vendor\\laravel\\framework\\src\\Illuminate\\View\\Middleware\\ShareErrorsFromSession.php(49): Illuminate\\Pipeline\\Pipeline->Illuminate\\Pipeline\\{closure}(Object(Illuminate\\Http\\Request))
#20 C:\\xampp\\htdocs\\vizsga_backend\\vendor\\laravel\\framework\\src\\Illuminate\\Pipeline\\Pipeline.php(209): Illuminate\\View\\Middleware\\ShareErrorsFromSession->handle(Object(Illuminate\\Http\\Request), Object(Closure))
#21 C:\\xampp\\htdocs\\vizsga_backend\\vendor\\laravel\\framework\\src\\Illuminate\\Session\\Middleware\\StartSession.php(121): Illuminate\\Pipeline\\Pipeline->Illuminate\\Pipeline\\{closure}(Object(Illuminate\\Http\\Request))
#22 C:\\xampp\\htdocs\\vizsga_backend\\vendor\\laravel\\framework\\src\\Illuminate\\Session\\Middleware\\StartSession.php(64): Illuminate\\Session\\Middleware\\StartSession->handleStatefulRequest(Object(Illuminate\\Http\\Request), Object(Illuminate\\Session\\Store), Object(Closure))
#23 C:\\xampp\\htdocs\\vizsga_backend\\vendor\\laravel\\framework\\src\\Illuminate\\Pipeline\\Pipeline.php(209): Illuminate\\Session\\Middleware\\StartSession->handle(Object(Illuminate\\Http\\Request), Object(Closure))
#24 C:\\xampp\\htdocs\\vizsga_backend\\vendor\\laravel\\framework\\src\\Illuminate\\Cookie\\Middleware\\AddQueuedCookiesToResponse.php(37): Illuminate\\Pipeline\\Pipeline->Illuminate\\Pipeline\\{closure}(Object(Illuminate\\Http\\Request))
#25 C:\\xampp\\htdocs\\vizsga_backend\\vendor\\laravel\\framework\\src\\Illuminate\\Pipeline\\Pipeline.php(209): Illuminate\\Cookie\\Middleware\\AddQueuedCookiesToResponse->handle(Object(Illuminate\\Http\\Request), Object(Closure))
#26 C:\\xampp\\htdocs\\vizsga_backend\\vendor\\laravel\\framework\\src\\Illuminate\\Cookie\\Middleware\\EncryptCookies.php(75): Illuminate\\Pipeline\\Pipeline->Illuminate\\Pipeline\\{closure}(Object(Illuminate\\Http\\Request))
#27 C:\\xampp\\htdocs\\vizsga_backend\\vendor\\laravel\\framework\\src\\Illuminate\\Pipeline\\Pipeline.php(209): Illuminate\\Cookie\\Middleware\\EncryptCookies->handle(Object(Illuminate\\Http\\Request), Object(Closure))
#28 C:\\xampp\\htdocs\\vizsga_backend\\vendor\\laravel\\framework\\src\\Illuminate\\Pipeline\\Pipeline.php(127): Illuminate\\Pipeline\\Pipeline->Illuminate\\Pipeline\\{closure}(Object(Illuminate\\Http\\Request))
#29 C:\\xampp\\htdocs\\vizsga_backend\\vendor\\laravel\\framework\\src\\Illuminate\\Routing\\Router.php(808): Illuminate\\Pipeline\\Pipeline->then(Object(Closure))
#30 C:\\xampp\\htdocs\\vizsga_backend\\vendor\\laravel\\framework\\src\\Illuminate\\Routing\\Router.php(787): Illuminate\\Routing\\Router->runRouteWithinStack(Object(Illuminate\\Routing\\Route), Object(Illuminate\\Http\\Request))
#31 C:\\xampp\\htdocs\\vizsga_backend\\vendor\\laravel\\framework\\src\\Illuminate\\Routing\\Router.php(751): Illuminate\\Routing\\Router->runRoute(Object(Illuminate\\Http\\Request), Object(Illuminate\\Routing\\Route))
#32 C:\\xampp\\htdocs\\vizsga_backend\\vendor\\laravel\\framework\\src\\Illuminate\\Routing\\Router.php(740): Illuminate\\Routing\\Router->dispatchToRoute(Object(Illuminate\\Http\\Request))
#33 C:\\xampp\\htdocs\\vizsga_backend\\vendor\\laravel\\framework\\src\\Illuminate\\Foundation\\Http\\Kernel.php(201): Illuminate\\Routing\\Router->dispatch(Object(Illuminate\\Http\\Request))
#34 C:\\xampp\\htdocs\\vizsga_backend\\vendor\\laravel\\framework\\src\\Illuminate\\Pipeline\\Pipeline.php(170): Illuminate\\Foundation\\Http\\Kernel->Illuminate\\Foundation\\Http\\{closure}(Object(Illuminate\\Http\\Request))
#35 C:\\xampp\\htdocs\\vizsga_backend\\vendor\\laravel\\framework\\src\\Illuminate\\Foundation\\Http\\Middleware\\TransformsRequest.php(21): Illuminate\\Pipeline\\Pipeline->Illuminate\\Pipeline\\{closure}(Object(Illuminate\\Http\\Request))
#36 C:\\xampp\\htdocs\\vizsga_backend\\vendor\\laravel\\framework\\src\\Illuminate\\Foundation\\Http\\Middleware\\ConvertEmptyStringsToNull.php(31): Illuminate\\Foundation\\Http\\Middleware\\TransformsRequest->handle(Object(Illuminate\\Http\\Request), Object(Closure))
#37 C:\\xampp\\htdocs\\vizsga_backend\\vendor\\laravel\\framework\\src\\Illuminate\\Pipeline\\Pipeline.php(209): Illuminate\\Foundation\\Http\\Middleware\\ConvertEmptyStringsToNull->handle(Object(Illuminate\\Http\\Request), Object(Closure))
#38 C:\\xampp\\htdocs\\vizsga_backend\\vendor\\laravel\\framework\\src\\Illuminate\\Foundation\\Http\\Middleware\\TransformsRequest.php(21): Illuminate\\Pipeline\\Pipeline->Illuminate\\Pipeline\\{closure}(Object(Illuminate\\Http\\Request))
#39 C:\\xampp\\htdocs\\vizsga_backend\\vendor\\laravel\\framework\\src\\Illuminate\\Foundation\\Http\\Middleware\\TrimStrings.php(51): Illuminate\\Foundation\\Http\\Middleware\\TransformsRequest->handle(Object(Illuminate\\Http\\Request), Object(Closure))
#40 C:\\xampp\\htdocs\\vizsga_backend\\vendor\\laravel\\framework\\src\\Illuminate\\Pipeline\\Pipeline.php(209): Illuminate\\Foundation\\Http\\Middleware\\TrimStrings->handle(Object(Illuminate\\Http\\Request), Object(Closure))
#41 C:\\xampp\\htdocs\\vizsga_backend\\vendor\\laravel\\framework\\src\\Illuminate\\Http\\Middleware\\ValidatePostSize.php(27): Illuminate\\Pipeline\\Pipeline->Illuminate\\Pipeline\\{closure}(Object(Illuminate\\Http\\Request))
#42 C:\\xampp\\htdocs\\vizsga_backend\\vendor\\laravel\\framework\\src\\Illuminate\\Pipeline\\Pipeline.php(209): Illuminate\\Http\\Middleware\\ValidatePostSize->handle(Object(Illuminate\\Http\\Request), Object(Closure))
#43 C:\\xampp\\htdocs\\vizsga_backend\\vendor\\laravel\\framework\\src\\Illuminate\\Foundation\\Http\\Middleware\\PreventRequestsDuringMaintenance.php(110): Illuminate\\Pipeline\\Pipeline->Illuminate\\Pipeline\\{closure}(Object(Illuminate\\Http\\Request))
#44 C:\\xampp\\htdocs\\vizsga_backend\\vendor\\laravel\\framework\\src\\Illuminate\\Pipeline\\Pipeline.php(209): Illuminate\\Foundation\\Http\\Middleware\\PreventRequestsDuringMaintenance->handle(Object(Illuminate\\Http\\Request), Object(Closure))
#45 C:\\xampp\\htdocs\\vizsga_backend\\vendor\\laravel\\framework\\src\\Illuminate\\Http\\Middleware\\HandleCors.php(62): Illuminate\\Pipeline\\Pipeline->Illuminate\\Pipeline\\{closure}(Object(Illuminate\\Http\\Request))
#46 C:\\xampp\\htdocs\\vizsga_backend\\vendor\\laravel\\framework\\src\\Illuminate\\Pipeline\\Pipeline.php(209): Illuminate\\Http\\Middleware\\HandleCors->handle(Object(Illuminate\\Http\\Request), Object(Closure))
#47 C:\\xampp\\htdocs\\vizsga_backend\\vendor\\laravel\\framework\\src\\Illuminate\\Http\\Middleware\\TrustProxies.php(58): Illuminate\\Pipeline\\Pipeline->Illuminate\\Pipeline\\{closure}(Object(Illuminate\\Http\\Request))
#48 C:\\xampp\\htdocs\\vizsga_backend\\vendor\\laravel\\framework\\src\\Illuminate\\Pipeline\\Pipeline.php(209): Illuminate\\Http\\Middleware\\TrustProxies->handle(Object(Illuminate\\Http\\Request), Object(Closure))
#49 C:\\xampp\\htdocs\\vizsga_backend\\vendor\\laravel\\framework\\src\\Illuminate\\Foundation\\Http\\Middleware\\InvokeDeferredCallbacks.php(22): Illuminate\\Pipeline\\Pipeline->Illuminate\\Pipeline\\{closure}(Object(Illuminate\\Http\\Request))
#50 C:\\xampp\\htdocs\\vizsga_backend\\vendor\\laravel\\framework\\src\\Illuminate\\Pipeline\\Pipeline.php(209): Illuminate\\Foundation\\Http\\Middleware\\InvokeDeferredCallbacks->handle(Object(Illuminate\\Http\\Request), Object(Closure))
#51 C:\\xampp\\htdocs\\vizsga_backend\\vendor\\laravel\\framework\\src\\Illuminate\\Http\\Middleware\\ValidatePathEncoding.php(26): Illuminate\\Pipeline\\Pipeline->Illuminate\\Pipeline\\{closure}(Object(Illuminate\\Http\\Request))
#52 C:\\xampp\\htdocs\\vizsga_backend\\vendor\\laravel\\framework\\src\\Illuminate\\Pipeline\\Pipeline.php(209): Illuminate\\Http\\Middleware\\ValidatePathEncoding->handle(Object(Illuminate\\Http\\Request), Object(Closure))
#53 C:\\xampp\\htdocs\\vizsga_backend\\vendor\\laravel\\framework\\src\\Illuminate\\Pipeline\\Pipeline.php(127): Illuminate\\Pipeline\\Pipeline->Illuminate\\Pipeline\\{closure}(Object(Illuminate\\Http\\Request))
#54 C:\\xampp\\htdocs\\vizsga_backend\\vendor\\laravel\\framework\\src\\Illuminate\\Foundation\\Http\\Kernel.php(176): Illuminate\\Pipeline\\Pipeline->then(Object(Closure))
#55 C:\\xampp\\htdocs\\vizsga_backend\\vendor\\laravel\\framework\\src\\Illuminate\\Foundation\\Http\\Kernel.php(145): Illuminate\\Foundation\\Http\\Kernel->sendRequestThroughRouter(Object(Illuminate\\Http\\Request))
#56 C:\\xampp\\htdocs\\vizsga_backend\\vendor\\laravel\\framework\\src\\Illuminate\\Foundation\\Application.php(1220): Illuminate\\Foundation\\Http\\Kernel->handle(Object(Illuminate\\Http\\Request))
#57 C:\\xampp\\htdocs\\vizsga_backend\\public\\index.php(20): Illuminate\\Foundation\\Application->handleRequest(Object(Illuminate\\Http\\Request))
#58 C:\\xampp\\htdocs\\vizsga_backend\\vendor\\laravel\\framework\\src\\Illuminate\\Foundation\\resources\\server.php(23): require_once('C:\\\\xampp\\\\htdocs...')
#59 {main}

[previous exception] [object] (PDOException(code: 2002): SQLSTATE[HY000] [2002] Nem hozható létre kapcsolat, mert a célszámítógép már visszautasította a kapcsolatot at C:\\xampp\\htdocs\\vizsga_backend\\vendor\\laravel\\framework\\src\\Illuminate\\Database\\Connectors\\Connector.php:66)
[stacktrace]
#0 C:\\xampp\\htdocs\\vizsga_backend\\vendor\\laravel\\framework\\src\\Illuminate\\Database\\Connectors\\Connector.php(66): PDO->__construct('mysql:host=127....', 'root', Object(SensitiveParameterValue), Array)
#1 C:\\xampp\\htdocs\\vizsga_backend\\vendor\\laravel\\framework\\src\\Illuminate\\Database\\Connectors\\Connector.php(44): Illuminate\\Database\\Connectors\\Connector->createPdoConnection('mysql:host=127....', 'root', Object(SensitiveParameterValue), Array)
#2 C:\\xampp\\htdocs\\vizsga_backend\\vendor\\laravel\\framework\\src\\Illuminate\\Database\\Connectors\\MySqlConnector.php(24): Illuminate\\Database\\Connectors\\Connector->createConnection('mysql:host=127....', Array, Array)
#3 C:\\xampp\\htdocs\\vizsga_backend\\vendor\\laravel\\framework\\src\\Illuminate\\Database\\Connectors\\ConnectionFactory.php(185): Illuminate\\Database\\Connectors\\MySqlConnector->connect(Array)
#4 [internal function]: Illuminate\\Database\\Connectors\\ConnectionFactory->Illuminate\\Database\\Connectors\\{closure}()
#5 C:\\xampp\\htdocs\\vizsga_backend\\vendor\\laravel\\framework\\src\\Illuminate\\Database\\Connection.php(1229): call_user_func(Object(Closure))
#6 C:\\xampp\\htdocs\\vizsga_backend\\vendor\\laravel\\framework\\src\\Illuminate\\Database\\Connection.php(1265): Illuminate\\Database\\Connection->getPdo()
#7 C:\\xampp\\htdocs\\vizsga_backend\\vendor\\laravel\\framework\\src\\Illuminate\\Database\\Connection.php(510): Illuminate\\Database\\Connection->getReadPdo()
#8 C:\\xampp\\htdocs\\vizsga_backend\\vendor\\laravel\\framework\\src\\Illuminate\\Database\\Connection.php(405): Illuminate\\Database\\Connection->getPdoForSelect(true)
#9 C:\\xampp\\htdocs\\vizsga_backend\\vendor\\laravel\\framework\\src\\Illuminate\\Database\\Connection.php(810): Illuminate\\Database\\Connection->Illuminate\\Database\\{closure}('select * from `...', Array)
#10 C:\\xampp\\htdocs\\vizsga_backend\\vendor\\laravel\\framework\\src\\Illuminate\\Database\\Connection.php(777): Illuminate\\Database\\Connection->runQueryCallback('select * from `...', Array, Object(Closure))
#11 C:\\xampp\\htdocs\\vizsga_backend\\vendor\\laravel\\framework\\src\\Illuminate\\Database\\Connection.php(396): Illuminate\\Database\\Connection->run('select * from `...', Array, Object(Closure))
#12 C:\\xampp\\htdocs\\vizsga_backend\\vendor\\laravel\\framework\\src\\Illuminate\\Database\\Query\\Builder.php(3105): Illuminate\\Database\\Connection->select('select * from `...', Array, true)
#13 C:\\xampp\\htdocs\\vizsga_backend\\vendor\\laravel\\framework\\src\\Illuminate\\Database\\Query\\Builder.php(3090): Illuminate\\Database\\Query\\Builder->runSelect()
#14 C:\\xampp\\htdocs\\vizsga_backend\\vendor\\laravel\\framework\\src\\Illuminate\\Database\\Query\\Builder.php(3677): Illuminate\\Database\\Query\\Builder->Illuminate\\Database\\Query\\{closure}()
#15 C:\\xampp\\htdocs\\vizsga_backend\\vendor\\laravel\\framework\\src\\Illuminate\\Database\\Query\\Builder.php(3089): Illuminate\\Database\\Query\\Builder->onceWithColumns(Array, Object(Closure))
#16 C:\\xampp\\htdocs\\vizsga_backend\\vendor\\laravel\\framework\\src\\Illuminate\\Database\\Eloquent\\Builder.php(811): Illuminate\\Database\\Query\\Builder->get(Array)
#17 C:\\xampp\\htdocs\\vizsga_backend\\vendor\\laravel\\framework\\src\\Illuminate\\Database\\Eloquent\\Builder.php(793): Illuminate\\Database\\Eloquent\\Builder->getModels(Array)
#18 C:\\xampp\\htdocs\\vizsga_backend\\vendor\\laravel\\framework\\src\\Illuminate\\Database\\Eloquent\\Model.php(694): Illuminate\\Database\\Eloquent\\Builder->get(Array)
#19 C:\\xampp\\htdocs\\vizsga_backend\\app\\Http\\Controllers\\BookController.php(12): Illuminate\\Database\\Eloquent\\Model::all()
#20 C:\\xampp\\htdocs\\vizsga_backend\\vendor\\laravel\\framework\\src\\Illuminate\\Routing\\ControllerDispatcher.php(47): App\\Http\\Controllers\\BookController->index()
#21 C:\\xampp\\htdocs\\vizsga_backend\\vendor\\laravel\\framework\\src\\Illuminate\\Routing\\Route.php(266): Illuminate\\Routing\\ControllerDispatcher->dispatch(Object(Illuminate\\Routing\\Route), Object(App\\Http\\Controllers\\BookController), 'index')
#22 C:\\xampp\\htdocs\\vizsga_backend\\vendor\\laravel\\framework\\src\\Illuminate\\Routing\\Route.php(212): Illuminate\\Routing\\Route->runController()
#23 C:\\xampp\\htdocs\\vizsga_backend\\vendor\\laravel\\framework\\src\\Illuminate\\Routing\\Router.php(809): Illuminate\\Routing\\Route->run()
#24 C:\\xampp\\htdocs\\vizsga_backend\\vendor\\laravel\\framework\\src\\Illuminate\\Pipeline\\Pipeline.php(170): Illuminate\\Routing\\Router->Illuminate\\Routing\\{closure}(Object(Illuminate\\Http\\Request))
#25 C:\\xampp\\htdocs\\vizsga_backend\\vendor\\laravel\\framework\\src\\Illuminate\\Routing\\Middleware\\SubstituteBindings.php(51): Illuminate\\Pipeline\\Pipeline->Illuminate\\Pipeline\\{closure}(Object(Illuminate\\Http\\Request))
#26 C:\\xampp\\htdocs\\vizsga_backend\\vendor\\laravel\\framework\\src\\Illuminate\\Pipeline\\Pipeline.php(209): Illuminate\\Routing\\Middleware\\SubstituteBindings->handle(Object(Illuminate\\Http\\Request), Object(Closure))
#27 C:\\xampp\\htdocs\\vizsga_backend\\vendor\\laravel\\framework\\src\\Illuminate\\Foundation\\Http\\Middleware\\VerifyCsrfToken.php(88): Illuminate\\Pipeline\\Pipeline->Illuminate\\Pipeline\\{closure}(Object(Illuminate\\Http\\Request))
#28 C:\\xampp\\htdocs\\vizsga_backend\\vendor\\laravel\\framework\\src\\Illuminate\\Pipeline\\Pipeline.php(209): Illuminate\\Foundation\\Http\\Middleware\\VerifyCsrfToken->handle(Object(Illuminate\\Http\\Request), Object(Closure))
#29 C:\\xampp\\htdocs\\vizsga_backend\\vendor\\laravel\\framework\\src\\Illuminate\\View\\Middleware\\ShareErrorsFromSession.php(49): Illuminate\\Pipeline\\Pipeline->Illuminate\\Pipeline\\{closure}(Object(Illuminate\\Http\\Request))
#30 C:\\xampp\\htdocs\\vizsga_backend\\vendor\\laravel\\framework\\src\\Illuminate\\Pipeline\\Pipeline.php(209): Illuminate\\View\\Middleware\\ShareErrorsFromSession->handle(Object(Illuminate\\Http\\Request), Object(Closure))
#31 C:\\xampp\\htdocs\\vizsga_backend\\vendor\\laravel\\framework\\src\\Illuminate\\Session\\Middleware\\StartSession.php(121): Illuminate\\Pipeline\\Pipeline->Illuminate\\Pipeline\\{closure}(Object(Illuminate\\Http\\Request))
#32 C:\\xampp\\htdocs\\vizsga_backend\\vendor\\laravel\\framework\\src\\Illuminate\\Session\\Middleware\\StartSession.php(64): Illuminate\\Session\\Middleware\\StartSession->handleStatefulRequest(Object(Illuminate\\Http\\Request), Object(Illuminate\\Session\\Store), Object(Closure))
#33 C:\\xampp\\htdocs\\vizsga_backend\\vendor\\laravel\\framework\\src\\Illuminate\\Pipeline\\Pipeline.php(209): Illuminate\\Session\\Middleware\\StartSession->handle(Object(Illuminate\\Http\\Request), Object(Closure))
#34 C:\\xampp\\htdocs\\vizsga_backend\\vendor\\laravel\\framework\\src\\Illuminate\\Cookie\\Middleware\\AddQueuedCookiesToResponse.php(37): Illuminate\\Pipeline\\Pipeline->Illuminate\\Pipeline\\{closure}(Object(Illuminate\\Http\\Request))
#35 C:\\xampp\\htdocs\\vizsga_backend\\vendor\\laravel\\framework\\src\\Illuminate\\Pipeline\\Pipeline.php(209): Illuminate\\Cookie\\Middleware\\AddQueuedCookiesToResponse->handle(Object(Illuminate\\Http\\Request), Object(Closure))
#36 C:\\xampp\\htdocs\\vizsga_backend\\vendor\\laravel\\framework\\src\\Illuminate\\Cookie\\Middleware\\EncryptCookies.php(75): Illuminate\\Pipeline\\Pipeline->Illuminate\\Pipeline\\{closure}(Object(Illuminate\\Http\\Request))
#37 C:\\xampp\\htdocs\\vizsga_backend\\vendor\\laravel\\framework\\src\\Illuminate\\Pipeline\\Pipeline.php(209): Illuminate\\Cookie\\Middleware\\EncryptCookies->handle(Object(Illuminate\\Http\\Request), Object(Closure))
#38 C:\\xampp\\htdocs\\vizsga_backend\\vendor\\laravel\\framework\\src\\Illuminate\\Pipeline\\Pipeline.php(127): Illuminate\\Pipeline\\Pipeline->Illuminate\\Pipeline\\{closure}(Object(Illuminate\\Http\\Request))
#39 C:\\xampp\\htdocs\\vizsga_backend\\vendor\\laravel\\framework\\src\\Illuminate\\Routing\\Router.php(808): Illuminate\\Pipeline\\Pipeline->then(Object(Closure))
#40 C:\\xampp\\htdocs\\vizsga_backend\\vendor\\laravel\\framework\\src\\Illuminate\\Routing\\Router.php(787): Illuminate\\Routing\\Router->runRouteWithinStack(Object(Illuminate\\Routing\\Route), Object(Illuminate\\Http\\Request))
#41 C:\\xampp\\htdocs\\vizsga_backend\\vendor\\laravel\\framework\\src\\Illuminate\\Routing\\Router.php(751): Illuminate\\Routing\\Router->runRoute(Object(Illuminate\\Http\\Request), Object(Illuminate\\Routing\\Route))
#42 C:\\xampp\\htdocs\\vizsga_backend\\vendor\\laravel\\framework\\src\\Illuminate\\Routing\\Router.php(740): Illuminate\\Routing\\Router->dispatchToRoute(Object(Illuminate\\Http\\Request))
#43 C:\\xampp\\htdocs\\vizsga_backend\\vendor\\laravel\\framework\\src\\Illuminate\\Foundation\\Http\\Kernel.php(201): Illuminate\\Routing\\Router->dispatch(Object(Illuminate\\Http\\Request))
#44 C:\\xampp\\htdocs\\vizsga_backend\\vendor\\laravel\\framework\\src\\Illuminate\\Pipeline\\Pipeline.php(170): Illuminate\\Foundation\\Http\\Kernel->Illuminate\\Foundation\\Http\\{closure}(Object(Illuminate\\Http\\Request))
#45 C:\\xampp\\htdocs\\vizsga_backend\\vendor\\laravel\\framework\\src\\Illuminate\\Foundation\\Http\\Middleware\\TransformsRequest.php(21): Illuminate\\Pipeline\\Pipeline->Illuminate\\Pipeline\\{closure}(Object(Illuminate\\Http\\Request))
#46 C:\\xampp\\htdocs\\vizsga_backend\\vendor\\laravel\\framework\\src\\Illuminate\\Foundation\\Http\\Middleware\\ConvertEmptyStringsToNull.php(31): Illuminate\\Foundation\\Http\\Middleware\\TransformsRequest->handle(Object(Illuminate\\Http\\Request), Object(Closure))
#47 C:\\xampp\\htdocs\\vizsga_backend\\vendor\\laravel\\framework\\src\\Illuminate\\Pipeline\\Pipeline.php(209): Illuminate\\Foundation\\Http\\Middleware\\ConvertEmptyStringsToNull->handle(Object(Illuminate\\Http\\Request), Object(Closure))
#48 C:\\xampp\\htdocs\\vizsga_backend\\vendor\\laravel\\framework\\src\\Illuminate\\Foundation\\Http\\Middleware\\TransformsRequest.php(21): Illuminate\\Pipeline\\Pipeline->Illuminate\\Pipeline\\{closure}(Object(Illuminate\\Http\\Request))
#49 C:\\xampp\\htdocs\\vizsga_backend\\vendor\\laravel\\framework\\src\\Illuminate\\Foundation\\Http\\Middleware\\TrimStrings.php(51): Illuminate\\Foundation\\Http\\Middleware\\TransformsRequest->handle(Object(Illuminate\\Http\\Request), Object(Closure))
#50 C:\\xampp\\htdocs\\vizsga_backend\\vendor\\laravel\\framework\\src\\Illuminate\\Pipeline\\Pipeline.php(209): Illuminate\\Foundation\\Http\\Middleware\\TrimStrings->handle(Object(Illuminate\\Http\\Request), Object(Closure))
#51 C:\\xampp\\htdocs\\vizsga_backend\\vendor\\laravel\\framework\\src\\Illuminate\\Http\\Middleware\\ValidatePostSize.php(27): Illuminate\\Pipeline\\Pipeline->Illuminate\\Pipeline\\{closure}(Object(Illuminate\\Http\\Request))
#52 C:\\xampp\\htdocs\\vizsga_backend\\vendor\\laravel\\framework\\src\\Illuminate\\Pipeline\\Pipeline.php(209): Illuminate\\Http\\Middleware\\ValidatePostSize->handle(Object(Illuminate\\Http\\Request), Object(Closure))
#53 C:\\xampp\\htdocs\\vizsga_backend\\vendor\\laravel\\framework\\src\\Illuminate\\Foundation\\Http\\Middleware\\PreventRequestsDuringMaintenance.php(110): Illuminate\\Pipeline\\Pipeline->Illuminate\\Pipeline\\{closure}(Object(Illuminate\\Http\\Request))
#54 C:\\xampp\\htdocs\\vizsga_backend\\vendor\\laravel\\framework\\src\\Illuminate\\Pipeline\\Pipeline.php(209): Illuminate\\Foundation\\Http\\Middleware\\PreventRequestsDuringMaintenance->handle(Object(Illuminate\\Http\\Request), Object(Closure))
#55 C:\\xampp\\htdocs\\vizsga_backend\\vendor\\laravel\\framework\\src\\Illuminate\\Http\\Middleware\\HandleCors.php(62): Illuminate\\Pipeline\\Pipeline->Illuminate\\Pipeline\\{closure}(Object(Illuminate\\Http\\Request))
#56 C:\\xampp\\htdocs\\vizsga_backend\\vendor\\laravel\\framework\\src\\Illuminate\\Pipeline\\Pipeline.php(209): Illuminate\\Http\\Middleware\\HandleCors->handle(Object(Illuminate\\Http\\Request), Object(Closure))
#57 C:\\xampp\\htdocs\\vizsga_backend\\vendor\\laravel\\framework\\src\\Illuminate\\Http\\Middleware\\TrustProxies.php(58): Illuminate\\Pipeline\\Pipeline->Illuminate\\Pipeline\\{closure}(Object(Illuminate\\Http\\Request))
#58 C:\\xampp\\htdocs\\vizsga_backend\\vendor\\laravel\\framework\\src\\Illuminate\\Pipeline\\Pipeline.php(209): Illuminate\\Http\\Middleware\\TrustProxies->handle(Object(Illuminate\\Http\\Request), Object(Closure))
#59 C:\\xampp\\htdocs\\vizsga_backend\\vendor\\laravel\\framework\\src\\Illuminate\\Foundation\\Http\\Middleware\\InvokeDeferredCallbacks.php(22): Illuminate\\Pipeline\\Pipeline->Illuminate\\Pipeline\\{closure}(Object(Illuminate\\Http\\Request))
#60 C:\\xampp\\htdocs\\vizsga_backend\\vendor\\laravel\\framework\\src\\Illuminate\\Pipeline\\Pipeline.php(209): Illuminate\\Foundation\\Http\\Middleware\\InvokeDeferredCallbacks->handle(Object(Illuminate\\Http\\Request), Object(Closure))
#61 C:\\xampp\\htdocs\\vizsga_backend\\vendor\\laravel\\framework\\src\\Illuminate\\Http\\Middleware\\ValidatePathEncoding.php(26): Illuminate\\Pipeline\\Pipeline->Illuminate\\Pipeline\\{closure}(Object(Illuminate\\Http\\Request))
#62 C:\\xampp\\htdocs\\vizsga_backend\\vendor\\laravel\\framework\\src\\Illuminate\\Pipeline\\Pipeline.php(209): Illuminate\\Http\\Middleware\\ValidatePathEncoding->handle(Object(Illuminate\\Http\\Request), Object(Closure))
#63 C:\\xampp\\htdocs\\vizsga_backend\\vendor\\laravel\\framework\\src\\Illuminate\\Pipeline\\Pipeline.php(127): Illuminate\\Pipeline\\Pipeline->Illuminate\\Pipeline\\{closure}(Object(Illuminate\\Http\\Request))
#64 C:\\xampp\\htdocs\\vizsga_backend\\vendor\\laravel\\framework\\src\\Illuminate\\Foundation\\Http\\Kernel.php(176): Illuminate\\Pipeline\\Pipeline->then(Object(Closure))
#65 C:\\xampp\\htdocs\\vizsga_backend\\vendor\\laravel\\framework\\src\\Illuminate\\Foundation\\Http\\Kernel.php(145): Illuminate\\Foundation\\Http\\Kernel->sendRequestThroughRouter(Object(Illuminate\\Http\\Request))
#66 C:\\xampp\\htdocs\\vizsga_backend\\vendor\\laravel\\framework\\src\\Illuminate\\Foundation\\Application.php(1220): Illuminate\\Foundation\\Http\\Kernel->handle(Object(Illuminate\\Http\\Request))
#67 C:\\xampp\\htdocs\\vizsga_backend\\public\\index.php(20): Illuminate\\Foundation\\Application->handleRequest(Object(Illuminate\\Http\\Request))
#68 C:\\xampp\\htdocs\\vizsga_backend\\vendor\\laravel\\framework\\src\\Illuminate\\Foundation\\resources\\server.php(23): require_once('C:\\\\xampp\\\\htdocs...')
#69 {main}
"} 
[2025-03-26 17:46:02] local.ERROR: SQLSTATE[HY000] [2002] Nem hozható létre kapcsolat, mert a célszámítógép már visszautasította a kapcsolatot (Connection: mysql, SQL: select * from `books`) {"exception":"[object] (Illuminate\\Database\\QueryException(code: 2002): SQLSTATE[HY000] [2002] Nem hozható létre kapcsolat, mert a célszámítógép már visszautasította a kapcsolatot (Connection: mysql, SQL: select * from `books`) at C:\\xampp\\htdocs\\vizsga_backend\\vendor\\laravel\\framework\\src\\Illuminate\\Database\\Connection.php:823)
[stacktrace]
#0 C:\\xampp\\htdocs\\vizsga_backend\\vendor\\laravel\\framework\\src\\Illuminate\\Database\\Connection.php(777): Illuminate\\Database\\Connection->runQueryCallback('select * from `...', Array, Object(Closure))
#1 C:\\xampp\\htdocs\\vizsga_backend\\vendor\\laravel\\framework\\src\\Illuminate\\Database\\Connection.php(396): Illuminate\\Database\\Connection->run('select * from `...', Array, Object(Closure))
#2 C:\\xampp\\htdocs\\vizsga_backend\\vendor\\laravel\\framework\\src\\Illuminate\\Database\\Query\\Builder.php(3105): Illuminate\\Database\\Connection->select('select * from `...', Array, true)
#3 C:\\xampp\\htdocs\\vizsga_backend\\vendor\\laravel\\framework\\src\\Illuminate\\Database\\Query\\Builder.php(3090): Illuminate\\Database\\Query\\Builder->runSelect()
#4 C:\\xampp\\htdocs\\vizsga_backend\\vendor\\laravel\\framework\\src\\Illuminate\\Database\\Query\\Builder.php(3677): Illuminate\\Database\\Query\\Builder->Illuminate\\Database\\Query\\{closure}()
#5 C:\\xampp\\htdocs\\vizsga_backend\\vendor\\laravel\\framework\\src\\Illuminate\\Database\\Query\\Builder.php(3089): Illuminate\\Database\\Query\\Builder->onceWithColumns(Array, Object(Closure))
#6 C:\\xampp\\htdocs\\vizsga_backend\\vendor\\laravel\\framework\\src\\Illuminate\\Database\\Eloquent\\Builder.php(811): Illuminate\\Database\\Query\\Builder->get(Array)
#7 C:\\xampp\\htdocs\\vizsga_backend\\vendor\\laravel\\framework\\src\\Illuminate\\Database\\Eloquent\\Builder.php(793): Illuminate\\Database\\Eloquent\\Builder->getModels(Array)
#8 C:\\xampp\\htdocs\\vizsga_backend\\vendor\\laravel\\framework\\src\\Illuminate\\Database\\Eloquent\\Model.php(694): Illuminate\\Database\\Eloquent\\Builder->get(Array)
#9 C:\\xampp\\htdocs\\vizsga_backend\\app\\Http\\Controllers\\BookController.php(12): Illuminate\\Database\\Eloquent\\Model::all()
#10 C:\\xampp\\htdocs\\vizsga_backend\\vendor\\laravel\\framework\\src\\Illuminate\\Routing\\ControllerDispatcher.php(47): App\\Http\\Controllers\\BookController->index()
#11 C:\\xampp\\htdocs\\vizsga_backend\\vendor\\laravel\\framework\\src\\Illuminate\\Routing\\Route.php(266): Illuminate\\Routing\\ControllerDispatcher->dispatch(Object(Illuminate\\Routing\\Route), Object(App\\Http\\Controllers\\BookController), 'index')
#12 C:\\xampp\\htdocs\\vizsga_backend\\vendor\\laravel\\framework\\src\\Illuminate\\Routing\\Route.php(212): Illuminate\\Routing\\Route->runController()
#13 C:\\xampp\\htdocs\\vizsga_backend\\vendor\\laravel\\framework\\src\\Illuminate\\Routing\\Router.php(809): Illuminate\\Routing\\Route->run()
#14 C:\\xampp\\htdocs\\vizsga_backend\\vendor\\laravel\\framework\\src\\Illuminate\\Pipeline\\Pipeline.php(170): Illuminate\\Routing\\Router->Illuminate\\Routing\\{closure}(Object(Illuminate\\Http\\Request))
#15 C:\\xampp\\htdocs\\vizsga_backend\\vendor\\laravel\\framework\\src\\Illuminate\\Routing\\Middleware\\SubstituteBindings.php(51): Illuminate\\Pipeline\\Pipeline->Illuminate\\Pipeline\\{closure}(Object(Illuminate\\Http\\Request))
#16 C:\\xampp\\htdocs\\vizsga_backend\\vendor\\laravel\\framework\\src\\Illuminate\\Pipeline\\Pipeline.php(209): Illuminate\\Routing\\Middleware\\SubstituteBindings->handle(Object(Illuminate\\Http\\Request), Object(Closure))
#17 C:\\xampp\\htdocs\\vizsga_backend\\vendor\\laravel\\framework\\src\\Illuminate\\Foundation\\Http\\Middleware\\VerifyCsrfToken.php(88): Illuminate\\Pipeline\\Pipeline->Illuminate\\Pipeline\\{closure}(Object(Illuminate\\Http\\Request))
#18 C:\\xampp\\htdocs\\vizsga_backend\\vendor\\laravel\\framework\\src\\Illuminate\\Pipeline\\Pipeline.php(209): Illuminate\\Foundation\\Http\\Middleware\\VerifyCsrfToken->handle(Object(Illuminate\\Http\\Request), Object(Closure))
#19 C:\\xampp\\htdocs\\vizsga_backend\\vendor\\laravel\\framework\\src\\Illuminate\\View\\Middleware\\ShareErrorsFromSession.php(49): Illuminate\\Pipeline\\Pipeline->Illuminate\\Pipeline\\{closure}(Object(Illuminate\\Http\\Request))
#20 C:\\xampp\\htdocs\\vizsga_backend\\vendor\\laravel\\framework\\src\\Illuminate\\Pipeline\\Pipeline.php(209): Illuminate\\View\\Middleware\\ShareErrorsFromSession->handle(Object(Illuminate\\Http\\Request), Object(Closure))
#21 C:\\xampp\\htdocs\\vizsga_backend\\vendor\\laravel\\framework\\src\\Illuminate\\Session\\Middleware\\StartSession.php(121): Illuminate\\Pipeline\\Pipeline->Illuminate\\Pipeline\\{closure}(Object(Illuminate\\Http\\Request))
#22 C:\\xampp\\htdocs\\vizsga_backend\\vendor\\laravel\\framework\\src\\Illuminate\\Session\\Middleware\\StartSession.php(64): Illuminate\\Session\\Middleware\\StartSession->handleStatefulRequest(Object(Illuminate\\Http\\Request), Object(Illuminate\\Session\\Store), Object(Closure))
#23 C:\\xampp\\htdocs\\vizsga_backend\\vendor\\laravel\\framework\\src\\Illuminate\\Pipeline\\Pipeline.php(209): Illuminate\\Session\\Middleware\\StartSession->handle(Object(Illuminate\\Http\\Request), Object(Closure))
#24 C:\\xampp\\htdocs\\vizsga_backend\\vendor\\laravel\\framework\\src\\Illuminate\\Cookie\\Middleware\\AddQueuedCookiesToResponse.php(37): Illuminate\\Pipeline\\Pipeline->Illuminate\\Pipeline\\{closure}(Object(Illuminate\\Http\\Request))
#25 C:\\xampp\\htdocs\\vizsga_backend\\vendor\\laravel\\framework\\src\\Illuminate\\Pipeline\\Pipeline.php(209): Illuminate\\Cookie\\Middleware\\AddQueuedCookiesToResponse->handle(Object(Illuminate\\Http\\Request), Object(Closure))
#26 C:\\xampp\\htdocs\\vizsga_backend\\vendor\\laravel\\framework\\src\\Illuminate\\Cookie\\Middleware\\EncryptCookies.php(75): Illuminate\\Pipeline\\Pipeline->Illuminate\\Pipeline\\{closure}(Object(Illuminate\\Http\\Request))
#27 C:\\xampp\\htdocs\\vizsga_backend\\vendor\\laravel\\framework\\src\\Illuminate\\Pipeline\\Pipeline.php(209): Illuminate\\Cookie\\Middleware\\EncryptCookies->handle(Object(Illuminate\\Http\\Request), Object(Closure))
#28 C:\\xampp\\htdocs\\vizsga_backend\\vendor\\laravel\\framework\\src\\Illuminate\\Pipeline\\Pipeline.php(127): Illuminate\\Pipeline\\Pipeline->Illuminate\\Pipeline\\{closure}(Object(Illuminate\\Http\\Request))
#29 C:\\xampp\\htdocs\\vizsga_backend\\vendor\\laravel\\framework\\src\\Illuminate\\Routing\\Router.php(808): Illuminate\\Pipeline\\Pipeline->then(Object(Closure))
#30 C:\\xampp\\htdocs\\vizsga_backend\\vendor\\laravel\\framework\\src\\Illuminate\\Routing\\Router.php(787): Illuminate\\Routing\\Router->runRouteWithinStack(Object(Illuminate\\Routing\\Route), Object(Illuminate\\Http\\Request))
#31 C:\\xampp\\htdocs\\vizsga_backend\\vendor\\laravel\\framework\\src\\Illuminate\\Routing\\Router.php(751): Illuminate\\Routing\\Router->runRoute(Object(Illuminate\\Http\\Request), Object(Illuminate\\Routing\\Route))
#32 C:\\xampp\\htdocs\\vizsga_backend\\vendor\\laravel\\framework\\src\\Illuminate\\Routing\\Router.php(740): Illuminate\\Routing\\Router->dispatchToRoute(Object(Illuminate\\Http\\Request))
#33 C:\\xampp\\htdocs\\vizsga_backend\\vendor\\laravel\\framework\\src\\Illuminate\\Foundation\\Http\\Kernel.php(201): Illuminate\\Routing\\Router->dispatch(Object(Illuminate\\Http\\Request))
#34 C:\\xampp\\htdocs\\vizsga_backend\\vendor\\laravel\\framework\\src\\Illuminate\\Pipeline\\Pipeline.php(170): Illuminate\\Foundation\\Http\\Kernel->Illuminate\\Foundation\\Http\\{closure}(Object(Illuminate\\Http\\Request))
#35 C:\\xampp\\htdocs\\vizsga_backend\\vendor\\laravel\\framework\\src\\Illuminate\\Foundation\\Http\\Middleware\\TransformsRequest.php(21): Illuminate\\Pipeline\\Pipeline->Illuminate\\Pipeline\\{closure}(Object(Illuminate\\Http\\Request))
#36 C:\\xampp\\htdocs\\vizsga_backend\\vendor\\laravel\\framework\\src\\Illuminate\\Foundation\\Http\\Middleware\\ConvertEmptyStringsToNull.php(31): Illuminate\\Foundation\\Http\\Middleware\\TransformsRequest->handle(Object(Illuminate\\Http\\Request), Object(Closure))
#37 C:\\xampp\\htdocs\\vizsga_backend\\vendor\\laravel\\framework\\src\\Illuminate\\Pipeline\\Pipeline.php(209): Illuminate\\Foundation\\Http\\Middleware\\ConvertEmptyStringsToNull->handle(Object(Illuminate\\Http\\Request), Object(Closure))
#38 C:\\xampp\\htdocs\\vizsga_backend\\vendor\\laravel\\framework\\src\\Illuminate\\Foundation\\Http\\Middleware\\TransformsRequest.php(21): Illuminate\\Pipeline\\Pipeline->Illuminate\\Pipeline\\{closure}(Object(Illuminate\\Http\\Request))
#39 C:\\xampp\\htdocs\\vizsga_backend\\vendor\\laravel\\framework\\src\\Illuminate\\Foundation\\Http\\Middleware\\TrimStrings.php(51): Illuminate\\Foundation\\Http\\Middleware\\TransformsRequest->handle(Object(Illuminate\\Http\\Request), Object(Closure))
#40 C:\\xampp\\htdocs\\vizsga_backend\\vendor\\laravel\\framework\\src\\Illuminate\\Pipeline\\Pipeline.php(209): Illuminate\\Foundation\\Http\\Middleware\\TrimStrings->handle(Object(Illuminate\\Http\\Request), Object(Closure))
#41 C:\\xampp\\htdocs\\vizsga_backend\\vendor\\laravel\\framework\\src\\Illuminate\\Http\\Middleware\\ValidatePostSize.php(27): Illuminate\\Pipeline\\Pipeline->Illuminate\\Pipeline\\{closure}(Object(Illuminate\\Http\\Request))
#42 C:\\xampp\\htdocs\\vizsga_backend\\vendor\\laravel\\framework\\src\\Illuminate\\Pipeline\\Pipeline.php(209): Illuminate\\Http\\Middleware\\ValidatePostSize->handle(Object(Illuminate\\Http\\Request), Object(Closure))
#43 C:\\xampp\\htdocs\\vizsga_backend\\vendor\\laravel\\framework\\src\\Illuminate\\Foundation\\Http\\Middleware\\PreventRequestsDuringMaintenance.php(110): Illuminate\\Pipeline\\Pipeline->Illuminate\\Pipeline\\{closure}(Object(Illuminate\\Http\\Request))
#44 C:\\xampp\\htdocs\\vizsga_backend\\vendor\\laravel\\framework\\src\\Illuminate\\Pipeline\\Pipeline.php(209): Illuminate\\Foundation\\Http\\Middleware\\PreventRequestsDuringMaintenance->handle(Object(Illuminate\\Http\\Request), Object(Closure))
#45 C:\\xampp\\htdocs\\vizsga_backend\\vendor\\laravel\\framework\\src\\Illuminate\\Http\\Middleware\\HandleCors.php(62): Illuminate\\Pipeline\\Pipeline->Illuminate\\Pipeline\\{closure}(Object(Illuminate\\Http\\Request))
#46 C:\\xampp\\htdocs\\vizsga_backend\\vendor\\laravel\\framework\\src\\Illuminate\\Pipeline\\Pipeline.php(209): Illuminate\\Http\\Middleware\\HandleCors->handle(Object(Illuminate\\Http\\Request), Object(Closure))
#47 C:\\xampp\\htdocs\\vizsga_backend\\vendor\\laravel\\framework\\src\\Illuminate\\Http\\Middleware\\TrustProxies.php(58): Illuminate\\Pipeline\\Pipeline->Illuminate\\Pipeline\\{closure}(Object(Illuminate\\Http\\Request))
#48 C:\\xampp\\htdocs\\vizsga_backend\\vendor\\laravel\\framework\\src\\Illuminate\\Pipeline\\Pipeline.php(209): Illuminate\\Http\\Middleware\\TrustProxies->handle(Object(Illuminate\\Http\\Request), Object(Closure))
#49 C:\\xampp\\htdocs\\vizsga_backend\\vendor\\laravel\\framework\\src\\Illuminate\\Foundation\\Http\\Middleware\\InvokeDeferredCallbacks.php(22): Illuminate\\Pipeline\\Pipeline->Illuminate\\Pipeline\\{closure}(Object(Illuminate\\Http\\Request))
#50 C:\\xampp\\htdocs\\vizsga_backend\\vendor\\laravel\\framework\\src\\Illuminate\\Pipeline\\Pipeline.php(209): Illuminate\\Foundation\\Http\\Middleware\\InvokeDeferredCallbacks->handle(Object(Illuminate\\Http\\Request), Object(Closure))
#51 C:\\xampp\\htdocs\\vizsga_backend\\vendor\\laravel\\framework\\src\\Illuminate\\Http\\Middleware\\ValidatePathEncoding.php(26): Illuminate\\Pipeline\\Pipeline->Illuminate\\Pipeline\\{closure}(Object(Illuminate\\Http\\Request))
#52 C:\\xampp\\htdocs\\vizsga_backend\\vendor\\laravel\\framework\\src\\Illuminate\\Pipeline\\Pipeline.php(209): Illuminate\\Http\\Middleware\\ValidatePathEncoding->handle(Object(Illuminate\\Http\\Request), Object(Closure))
#53 C:\\xampp\\htdocs\\vizsga_backend\\vendor\\laravel\\framework\\src\\Illuminate\\Pipeline\\Pipeline.php(127): Illuminate\\Pipeline\\Pipeline->Illuminate\\Pipeline\\{closure}(Object(Illuminate\\Http\\Request))
#54 C:\\xampp\\htdocs\\vizsga_backend\\vendor\\laravel\\framework\\src\\Illuminate\\Foundation\\Http\\Kernel.php(176): Illuminate\\Pipeline\\Pipeline->then(Object(Closure))
#55 C:\\xampp\\htdocs\\vizsga_backend\\vendor\\laravel\\framework\\src\\Illuminate\\Foundation\\Http\\Kernel.php(145): Illuminate\\Foundation\\Http\\Kernel->sendRequestThroughRouter(Object(Illuminate\\Http\\Request))
#56 C:\\xampp\\htdocs\\vizsga_backend\\vendor\\laravel\\framework\\src\\Illuminate\\Foundation\\Application.php(1220): Illuminate\\Foundation\\Http\\Kernel->handle(Object(Illuminate\\Http\\Request))
#57 C:\\xampp\\htdocs\\vizsga_backend\\public\\index.php(20): Illuminate\\Foundation\\Application->handleRequest(Object(Illuminate\\Http\\Request))
#58 C:\\xampp\\htdocs\\vizsga_backend\\vendor\\laravel\\framework\\src\\Illuminate\\Foundation\\resources\\server.php(23): require_once('C:\\\\xampp\\\\htdocs...')
#59 {main}

[previous exception] [object] (PDOException(code: 2002): SQLSTATE[HY000] [2002] Nem hozható létre kapcsolat, mert a célszámítógép már visszautasította a kapcsolatot at C:\\xampp\\htdocs\\vizsga_backend\\vendor\\laravel\\framework\\src\\Illuminate\\Database\\Connectors\\Connector.php:66)
[stacktrace]
#0 C:\\xampp\\htdocs\\vizsga_backend\\vendor\\laravel\\framework\\src\\Illuminate\\Database\\Connectors\\Connector.php(66): PDO->__construct('mysql:host=127....', 'root', Object(SensitiveParameterValue), Array)
#1 C:\\xampp\\htdocs\\vizsga_backend\\vendor\\laravel\\framework\\src\\Illuminate\\Database\\Connectors\\Connector.php(44): Illuminate\\Database\\Connectors\\Connector->createPdoConnection('mysql:host=127....', 'root', Object(SensitiveParameterValue), Array)
#2 C:\\xampp\\htdocs\\vizsga_backend\\vendor\\laravel\\framework\\src\\Illuminate\\Database\\Connectors\\MySqlConnector.php(24): Illuminate\\Database\\Connectors\\Connector->createConnection('mysql:host=127....', Array, Array)
#3 C:\\xampp\\htdocs\\vizsga_backend\\vendor\\laravel\\framework\\src\\Illuminate\\Database\\Connectors\\ConnectionFactory.php(185): Illuminate\\Database\\Connectors\\MySqlConnector->connect(Array)
#4 [internal function]: Illuminate\\Database\\Connectors\\ConnectionFactory->Illuminate\\Database\\Connectors\\{closure}()
#5 C:\\xampp\\htdocs\\vizsga_backend\\vendor\\laravel\\framework\\src\\Illuminate\\Database\\Connection.php(1229): call_user_func(Object(Closure))
#6 C:\\xampp\\htdocs\\vizsga_backend\\vendor\\laravel\\framework\\src\\Illuminate\\Database\\Connection.php(1265): Illuminate\\Database\\Connection->getPdo()
#7 C:\\xampp\\htdocs\\vizsga_backend\\vendor\\laravel\\framework\\src\\Illuminate\\Database\\Connection.php(510): Illuminate\\Database\\Connection->getReadPdo()
#8 C:\\xampp\\htdocs\\vizsga_backend\\vendor\\laravel\\framework\\src\\Illuminate\\Database\\Connection.php(405): Illuminate\\Database\\Connection->getPdoForSelect(true)
#9 C:\\xampp\\htdocs\\vizsga_backend\\vendor\\laravel\\framework\\src\\Illuminate\\Database\\Connection.php(810): Illuminate\\Database\\Connection->Illuminate\\Database\\{closure}('select * from `...', Array)
#10 C:\\xampp\\htdocs\\vizsga_backend\\vendor\\laravel\\framework\\src\\Illuminate\\Database\\Connection.php(777): Illuminate\\Database\\Connection->runQueryCallback('select * from `...', Array, Object(Closure))
#11 C:\\xampp\\htdocs\\vizsga_backend\\vendor\\laravel\\framework\\src\\Illuminate\\Database\\Connection.php(396): Illuminate\\Database\\Connection->run('select * from `...', Array, Object(Closure))
#12 C:\\xampp\\htdocs\\vizsga_backend\\vendor\\laravel\\framework\\src\\Illuminate\\Database\\Query\\Builder.php(3105): Illuminate\\Database\\Connection->select('select * from `...', Array, true)
#13 C:\\xampp\\htdocs\\vizsga_backend\\vendor\\laravel\\framework\\src\\Illuminate\\Database\\Query\\Builder.php(3090): Illuminate\\Database\\Query\\Builder->runSelect()
#14 C:\\xampp\\htdocs\\vizsga_backend\\vendor\\laravel\\framework\\src\\Illuminate\\Database\\Query\\Builder.php(3677): Illuminate\\Database\\Query\\Builder->Illuminate\\Database\\Query\\{closure}()
#15 C:\\xampp\\htdocs\\vizsga_backend\\vendor\\laravel\\framework\\src\\Illuminate\\Database\\Query\\Builder.php(3089): Illuminate\\Database\\Query\\Builder->onceWithColumns(Array, Object(Closure))
#16 C:\\xampp\\htdocs\\vizsga_backend\\vendor\\laravel\\framework\\src\\Illuminate\\Database\\Eloquent\\Builder.php(811): Illuminate\\Database\\Query\\Builder->get(Array)
#17 C:\\xampp\\htdocs\\vizsga_backend\\vendor\\laravel\\framework\\src\\Illuminate\\Database\\Eloquent\\Builder.php(793): Illuminate\\Database\\Eloquent\\Builder->getModels(Array)
#18 C:\\xampp\\htdocs\\vizsga_backend\\vendor\\laravel\\framework\\src\\Illuminate\\Database\\Eloquent\\Model.php(694): Illuminate\\Database\\Eloquent\\Builder->get(Array)
#19 C:\\xampp\\htdocs\\vizsga_backend\\app\\Http\\Controllers\\BookController.php(12): Illuminate\\Database\\Eloquent\\Model::all()
#20 C:\\xampp\\htdocs\\vizsga_backend\\vendor\\laravel\\framework\\src\\Illuminate\\Routing\\ControllerDispatcher.php(47): App\\Http\\Controllers\\BookController->index()
#21 C:\\xampp\\htdocs\\vizsga_backend\\vendor\\laravel\\framework\\src\\Illuminate\\Routing\\Route.php(266): Illuminate\\Routing\\ControllerDispatcher->dispatch(Object(Illuminate\\Routing\\Route), Object(App\\Http\\Controllers\\BookController), 'index')
#22 C:\\xampp\\htdocs\\vizsga_backend\\vendor\\laravel\\framework\\src\\Illuminate\\Routing\\Route.php(212): Illuminate\\Routing\\Route->runController()
#23 C:\\xampp\\htdocs\\vizsga_backend\\vendor\\laravel\\framework\\src\\Illuminate\\Routing\\Router.php(809): Illuminate\\Routing\\Route->run()
#24 C:\\xampp\\htdocs\\vizsga_backend\\vendor\\laravel\\framework\\src\\Illuminate\\Pipeline\\Pipeline.php(170): Illuminate\\Routing\\Router->Illuminate\\Routing\\{closure}(Object(Illuminate\\Http\\Request))
#25 C:\\xampp\\htdocs\\vizsga_backend\\vendor\\laravel\\framework\\src\\Illuminate\\Routing\\Middleware\\SubstituteBindings.php(51): Illuminate\\Pipeline\\Pipeline->Illuminate\\Pipeline\\{closure}(Object(Illuminate\\Http\\Request))
#26 C:\\xampp\\htdocs\\vizsga_backend\\vendor\\laravel\\framework\\src\\Illuminate\\Pipeline\\Pipeline.php(209): Illuminate\\Routing\\Middleware\\SubstituteBindings->handle(Object(Illuminate\\Http\\Request), Object(Closure))
#27 C:\\xampp\\htdocs\\vizsga_backend\\vendor\\laravel\\framework\\src\\Illuminate\\Foundation\\Http\\Middleware\\VerifyCsrfToken.php(88): Illuminate\\Pipeline\\Pipeline->Illuminate\\Pipeline\\{closure}(Object(Illuminate\\Http\\Request))
#28 C:\\xampp\\htdocs\\vizsga_backend\\vendor\\laravel\\framework\\src\\Illuminate\\Pipeline\\Pipeline.php(209): Illuminate\\Foundation\\Http\\Middleware\\VerifyCsrfToken->handle(Object(Illuminate\\Http\\Request), Object(Closure))
#29 C:\\xampp\\htdocs\\vizsga_backend\\vendor\\laravel\\framework\\src\\Illuminate\\View\\Middleware\\ShareErrorsFromSession.php(49): Illuminate\\Pipeline\\Pipeline->Illuminate\\Pipeline\\{closure}(Object(Illuminate\\Http\\Request))
#30 C:\\xampp\\htdocs\\vizsga_backend\\vendor\\laravel\\framework\\src\\Illuminate\\Pipeline\\Pipeline.php(209): Illuminate\\View\\Middleware\\ShareErrorsFromSession->handle(Object(Illuminate\\Http\\Request), Object(Closure))
#31 C:\\xampp\\htdocs\\vizsga_backend\\vendor\\laravel\\framework\\src\\Illuminate\\Session\\Middleware\\StartSession.php(121): Illuminate\\Pipeline\\Pipeline->Illuminate\\Pipeline\\{closure}(Object(Illuminate\\Http\\Request))
#32 C:\\xampp\\htdocs\\vizsga_backend\\vendor\\laravel\\framework\\src\\Illuminate\\Session\\Middleware\\StartSession.php(64): Illuminate\\Session\\Middleware\\StartSession->handleStatefulRequest(Object(Illuminate\\Http\\Request), Object(Illuminate\\Session\\Store), Object(Closure))
#33 C:\\xampp\\htdocs\\vizsga_backend\\vendor\\laravel\\framework\\src\\Illuminate\\Pipeline\\Pipeline.php(209): Illuminate\\Session\\Middleware\\StartSession->handle(Object(Illuminate\\Http\\Request), Object(Closure))
#34 C:\\xampp\\htdocs\\vizsga_backend\\vendor\\laravel\\framework\\src\\Illuminate\\Cookie\\Middleware\\AddQueuedCookiesToResponse.php(37): Illuminate\\Pipeline\\Pipeline->Illuminate\\Pipeline\\{closure}(Object(Illuminate\\Http\\Request))
#35 C:\\xampp\\htdocs\\vizsga_backend\\vendor\\laravel\\framework\\src\\Illuminate\\Pipeline\\Pipeline.php(209): Illuminate\\Cookie\\Middleware\\AddQueuedCookiesToResponse->handle(Object(Illuminate\\Http\\Request), Object(Closure))
#36 C:\\xampp\\htdocs\\vizsga_backend\\vendor\\laravel\\framework\\src\\Illuminate\\Cookie\\Middleware\\EncryptCookies.php(75): Illuminate\\Pipeline\\Pipeline->Illuminate\\Pipeline\\{closure}(Object(Illuminate\\Http\\Request))
#37 C:\\xampp\\htdocs\\vizsga_backend\\vendor\\laravel\\framework\\src\\Illuminate\\Pipeline\\Pipeline.php(209): Illuminate\\Cookie\\Middleware\\EncryptCookies->handle(Object(Illuminate\\Http\\Request), Object(Closure))
#38 C:\\xampp\\htdocs\\vizsga_backend\\vendor\\laravel\\framework\\src\\Illuminate\\Pipeline\\Pipeline.php(127): Illuminate\\Pipeline\\Pipeline->Illuminate\\Pipeline\\{closure}(Object(Illuminate\\Http\\Request))
#39 C:\\xampp\\htdocs\\vizsga_backend\\vendor\\laravel\\framework\\src\\Illuminate\\Routing\\Router.php(808): Illuminate\\Pipeline\\Pipeline->then(Object(Closure))
#40 C:\\xampp\\htdocs\\vizsga_backend\\vendor\\laravel\\framework\\src\\Illuminate\\Routing\\Router.php(787): Illuminate\\Routing\\Router->runRouteWithinStack(Object(Illuminate\\Routing\\Route), Object(Illuminate\\Http\\Request))
#41 C:\\xampp\\htdocs\\vizsga_backend\\vendor\\laravel\\framework\\src\\Illuminate\\Routing\\Router.php(751): Illuminate\\Routing\\Router->runRoute(Object(Illuminate\\Http\\Request), Object(Illuminate\\Routing\\Route))
#42 C:\\xampp\\htdocs\\vizsga_backend\\vendor\\laravel\\framework\\src\\Illuminate\\Routing\\Router.php(740): Illuminate\\Routing\\Router->dispatchToRoute(Object(Illuminate\\Http\\Request))
#43 C:\\xampp\\htdocs\\vizsga_backend\\vendor\\laravel\\framework\\src\\Illuminate\\Foundation\\Http\\Kernel.php(201): Illuminate\\Routing\\Router->dispatch(Object(Illuminate\\Http\\Request))
#44 C:\\xampp\\htdocs\\vizsga_backend\\vendor\\laravel\\framework\\src\\Illuminate\\Pipeline\\Pipeline.php(170): Illuminate\\Foundation\\Http\\Kernel->Illuminate\\Foundation\\Http\\{closure}(Object(Illuminate\\Http\\Request))
#45 C:\\xampp\\htdocs\\vizsga_backend\\vendor\\laravel\\framework\\src\\Illuminate\\Foundation\\Http\\Middleware\\TransformsRequest.php(21): Illuminate\\Pipeline\\Pipeline->Illuminate\\Pipeline\\{closure}(Object(Illuminate\\Http\\Request))
#46 C:\\xampp\\htdocs\\vizsga_backend\\vendor\\laravel\\framework\\src\\Illuminate\\Foundation\\Http\\Middleware\\ConvertEmptyStringsToNull.php(31): Illuminate\\Foundation\\Http\\Middleware\\TransformsRequest->handle(Object(Illuminate\\Http\\Request), Object(Closure))
#47 C:\\xampp\\htdocs\\vizsga_backend\\vendor\\laravel\\framework\\src\\Illuminate\\Pipeline\\Pipeline.php(209): Illuminate\\Foundation\\Http\\Middleware\\ConvertEmptyStringsToNull->handle(Object(Illuminate\\Http\\Request), Object(Closure))
#48 C:\\xampp\\htdocs\\vizsga_backend\\vendor\\laravel\\framework\\src\\Illuminate\\Foundation\\Http\\Middleware\\TransformsRequest.php(21): Illuminate\\Pipeline\\Pipeline->Illuminate\\Pipeline\\{closure}(Object(Illuminate\\Http\\Request))
#49 C:\\xampp\\htdocs\\vizsga_backend\\vendor\\laravel\\framework\\src\\Illuminate\\Foundation\\Http\\Middleware\\TrimStrings.php(51): Illuminate\\Foundation\\Http\\Middleware\\TransformsRequest->handle(Object(Illuminate\\Http\\Request), Object(Closure))
#50 C:\\xampp\\htdocs\\vizsga_backend\\vendor\\laravel\\framework\\src\\Illuminate\\Pipeline\\Pipeline.php(209): Illuminate\\Foundation\\Http\\Middleware\\TrimStrings->handle(Object(Illuminate\\Http\\Request), Object(Closure))
#51 C:\\xampp\\htdocs\\vizsga_backend\\vendor\\laravel\\framework\\src\\Illuminate\\Http\\Middleware\\ValidatePostSize.php(27): Illuminate\\Pipeline\\Pipeline->Illuminate\\Pipeline\\{closure}(Object(Illuminate\\Http\\Request))
#52 C:\\xampp\\htdocs\\vizsga_backend\\vendor\\laravel\\framework\\src\\Illuminate\\Pipeline\\Pipeline.php(209): Illuminate\\Http\\Middleware\\ValidatePostSize->handle(Object(Illuminate\\Http\\Request), Object(Closure))
#53 C:\\xampp\\htdocs\\vizsga_backend\\vendor\\laravel\\framework\\src\\Illuminate\\Foundation\\Http\\Middleware\\PreventRequestsDuringMaintenance.php(110): Illuminate\\Pipeline\\Pipeline->Illuminate\\Pipeline\\{closure}(Object(Illuminate\\Http\\Request))
#54 C:\\xampp\\htdocs\\vizsga_backend\\vendor\\laravel\\framework\\src\\Illuminate\\Pipeline\\Pipeline.php(209): Illuminate\\Foundation\\Http\\Middleware\\PreventRequestsDuringMaintenance->handle(Object(Illuminate\\Http\\Request), Object(Closure))
#55 C:\\xampp\\htdocs\\vizsga_backend\\vendor\\laravel\\framework\\src\\Illuminate\\Http\\Middleware\\HandleCors.php(62): Illuminate\\Pipeline\\Pipeline->Illuminate\\Pipeline\\{closure}(Object(Illuminate\\Http\\Request))
#56 C:\\xampp\\htdocs\\vizsga_backend\\vendor\\laravel\\framework\\src\\Illuminate\\Pipeline\\Pipeline.php(209): Illuminate\\Http\\Middleware\\HandleCors->handle(Object(Illuminate\\Http\\Request), Object(Closure))
#57 C:\\xampp\\htdocs\\vizsga_backend\\vendor\\laravel\\framework\\src\\Illuminate\\Http\\Middleware\\TrustProxies.php(58): Illuminate\\Pipeline\\Pipeline->Illuminate\\Pipeline\\{closure}(Object(Illuminate\\Http\\Request))
#58 C:\\xampp\\htdocs\\vizsga_backend\\vendor\\laravel\\framework\\src\\Illuminate\\Pipeline\\Pipeline.php(209): Illuminate\\Http\\Middleware\\TrustProxies->handle(Object(Illuminate\\Http\\Request), Object(Closure))
#59 C:\\xampp\\htdocs\\vizsga_backend\\vendor\\laravel\\framework\\src\\Illuminate\\Foundation\\Http\\Middleware\\InvokeDeferredCallbacks.php(22): Illuminate\\Pipeline\\Pipeline->Illuminate\\Pipeline\\{closure}(Object(Illuminate\\Http\\Request))
#60 C:\\xampp\\htdocs\\vizsga_backend\\vendor\\laravel\\framework\\src\\Illuminate\\Pipeline\\Pipeline.php(209): Illuminate\\Foundation\\Http\\Middleware\\InvokeDeferredCallbacks->handle(Object(Illuminate\\Http\\Request), Object(Closure))
#61 C:\\xampp\\htdocs\\vizsga_backend\\vendor\\laravel\\framework\\src\\Illuminate\\Http\\Middleware\\ValidatePathEncoding.php(26): Illuminate\\Pipeline\\Pipeline->Illuminate\\Pipeline\\{closure}(Object(Illuminate\\Http\\Request))
#62 C:\\xampp\\htdocs\\vizsga_backend\\vendor\\laravel\\framework\\src\\Illuminate\\Pipeline\\Pipeline.php(209): Illuminate\\Http\\Middleware\\ValidatePathEncoding->handle(Object(Illuminate\\Http\\Request), Object(Closure))
#63 C:\\xampp\\htdocs\\vizsga_backend\\vendor\\laravel\\framework\\src\\Illuminate\\Pipeline\\Pipeline.php(127): Illuminate\\Pipeline\\Pipeline->Illuminate\\Pipeline\\{closure}(Object(Illuminate\\Http\\Request))
#64 C:\\xampp\\htdocs\\vizsga_backend\\vendor\\laravel\\framework\\src\\Illuminate\\Foundation\\Http\\Kernel.php(176): Illuminate\\Pipeline\\Pipeline->then(Object(Closure))
#65 C:\\xampp\\htdocs\\vizsga_backend\\vendor\\laravel\\framework\\src\\Illuminate\\Foundation\\Http\\Kernel.php(145): Illuminate\\Foundation\\Http\\Kernel->sendRequestThroughRouter(Object(Illuminate\\Http\\Request))
#66 C:\\xampp\\htdocs\\vizsga_backend\\vendor\\laravel\\framework\\src\\Illuminate\\Foundation\\Application.php(1220): Illuminate\\Foundation\\Http\\Kernel->handle(Object(Illuminate\\Http\\Request))
#67 C:\\xampp\\htdocs\\vizsga_backend\\public\\index.php(20): Illuminate\\Foundation\\Application->handleRequest(Object(Illuminate\\Http\\Request))
#68 C:\\xampp\\htdocs\\vizsga_backend\\vendor\\laravel\\framework\\src\\Illuminate\\Foundation\\resources\\server.php(23): require_once('C:\\\\xampp\\\\htdocs...')
#69 {main}
"} 
[2025-03-26 18:10:20] local.ERROR: SQLSTATE[HY000] [2002] Nem hozható létre kapcsolat, mert a célszámítógép már visszautasította a kapcsolatot (Connection: mysql, SQL: select * from `books`) {"exception":"[object] (Illuminate\\Database\\QueryException(code: 2002): SQLSTATE[HY000] [2002] Nem hozható létre kapcsolat, mert a célszámítógép már visszautasította a kapcsolatot (Connection: mysql, SQL: select * from `books`) at C:\\xampp\\htdocs\\vizsga_backend\\vendor\\laravel\\framework\\src\\Illuminate\\Database\\Connection.php:823)
[stacktrace]
#0 C:\\xampp\\htdocs\\vizsga_backend\\vendor\\laravel\\framework\\src\\Illuminate\\Database\\Connection.php(777): Illuminate\\Database\\Connection->runQueryCallback('select * from `...', Array, Object(Closure))
#1 C:\\xampp\\htdocs\\vizsga_backend\\vendor\\laravel\\framework\\src\\Illuminate\\Database\\Connection.php(396): Illuminate\\Database\\Connection->run('select * from `...', Array, Object(Closure))
#2 C:\\xampp\\htdocs\\vizsga_backend\\vendor\\laravel\\framework\\src\\Illuminate\\Database\\Query\\Builder.php(3105): Illuminate\\Database\\Connection->select('select * from `...', Array, true)
#3 C:\\xampp\\htdocs\\vizsga_backend\\vendor\\laravel\\framework\\src\\Illuminate\\Database\\Query\\Builder.php(3090): Illuminate\\Database\\Query\\Builder->runSelect()
#4 C:\\xampp\\htdocs\\vizsga_backend\\vendor\\laravel\\framework\\src\\Illuminate\\Database\\Query\\Builder.php(3677): Illuminate\\Database\\Query\\Builder->Illuminate\\Database\\Query\\{closure}()
#5 C:\\xampp\\htdocs\\vizsga_backend\\vendor\\laravel\\framework\\src\\Illuminate\\Database\\Query\\Builder.php(3089): Illuminate\\Database\\Query\\Builder->onceWithColumns(Array, Object(Closure))
#6 C:\\xampp\\htdocs\\vizsga_backend\\vendor\\laravel\\framework\\src\\Illuminate\\Database\\Eloquent\\Builder.php(811): Illuminate\\Database\\Query\\Builder->get(Array)
#7 C:\\xampp\\htdocs\\vizsga_backend\\vendor\\laravel\\framework\\src\\Illuminate\\Database\\Eloquent\\Builder.php(793): Illuminate\\Database\\Eloquent\\Builder->getModels(Array)
#8 C:\\xampp\\htdocs\\vizsga_backend\\vendor\\laravel\\framework\\src\\Illuminate\\Database\\Eloquent\\Model.php(694): Illuminate\\Database\\Eloquent\\Builder->get(Array)
#9 C:\\xampp\\htdocs\\vizsga_backend\\app\\Http\\Controllers\\BookController.php(12): Illuminate\\Database\\Eloquent\\Model::all()
#10 C:\\xampp\\htdocs\\vizsga_backend\\vendor\\laravel\\framework\\src\\Illuminate\\Routing\\ControllerDispatcher.php(47): App\\Http\\Controllers\\BookController->index()
#11 C:\\xampp\\htdocs\\vizsga_backend\\vendor\\laravel\\framework\\src\\Illuminate\\Routing\\Route.php(266): Illuminate\\Routing\\ControllerDispatcher->dispatch(Object(Illuminate\\Routing\\Route), Object(App\\Http\\Controllers\\BookController), 'index')
#12 C:\\xampp\\htdocs\\vizsga_backend\\vendor\\laravel\\framework\\src\\Illuminate\\Routing\\Route.php(212): Illuminate\\Routing\\Route->runController()
#13 C:\\xampp\\htdocs\\vizsga_backend\\vendor\\laravel\\framework\\src\\Illuminate\\Routing\\Router.php(809): Illuminate\\Routing\\Route->run()
#14 C:\\xampp\\htdocs\\vizsga_backend\\vendor\\laravel\\framework\\src\\Illuminate\\Pipeline\\Pipeline.php(170): Illuminate\\Routing\\Router->Illuminate\\Routing\\{closure}(Object(Illuminate\\Http\\Request))
#15 C:\\xampp\\htdocs\\vizsga_backend\\vendor\\laravel\\framework\\src\\Illuminate\\Routing\\Middleware\\SubstituteBindings.php(51): Illuminate\\Pipeline\\Pipeline->Illuminate\\Pipeline\\{closure}(Object(Illuminate\\Http\\Request))
#16 C:\\xampp\\htdocs\\vizsga_backend\\vendor\\laravel\\framework\\src\\Illuminate\\Pipeline\\Pipeline.php(209): Illuminate\\Routing\\Middleware\\SubstituteBindings->handle(Object(Illuminate\\Http\\Request), Object(Closure))
#17 C:\\xampp\\htdocs\\vizsga_backend\\vendor\\laravel\\framework\\src\\Illuminate\\Foundation\\Http\\Middleware\\VerifyCsrfToken.php(88): Illuminate\\Pipeline\\Pipeline->Illuminate\\Pipeline\\{closure}(Object(Illuminate\\Http\\Request))
#18 C:\\xampp\\htdocs\\vizsga_backend\\vendor\\laravel\\framework\\src\\Illuminate\\Pipeline\\Pipeline.php(209): Illuminate\\Foundation\\Http\\Middleware\\VerifyCsrfToken->handle(Object(Illuminate\\Http\\Request), Object(Closure))
#19 C:\\xampp\\htdocs\\vizsga_backend\\vendor\\laravel\\framework\\src\\Illuminate\\View\\Middleware\\ShareErrorsFromSession.php(49): Illuminate\\Pipeline\\Pipeline->Illuminate\\Pipeline\\{closure}(Object(Illuminate\\Http\\Request))
#20 C:\\xampp\\htdocs\\vizsga_backend\\vendor\\laravel\\framework\\src\\Illuminate\\Pipeline\\Pipeline.php(209): Illuminate\\View\\Middleware\\ShareErrorsFromSession->handle(Object(Illuminate\\Http\\Request), Object(Closure))
#21 C:\\xampp\\htdocs\\vizsga_backend\\vendor\\laravel\\framework\\src\\Illuminate\\Session\\Middleware\\StartSession.php(121): Illuminate\\Pipeline\\Pipeline->Illuminate\\Pipeline\\{closure}(Object(Illuminate\\Http\\Request))
#22 C:\\xampp\\htdocs\\vizsga_backend\\vendor\\laravel\\framework\\src\\Illuminate\\Session\\Middleware\\StartSession.php(64): Illuminate\\Session\\Middleware\\StartSession->handleStatefulRequest(Object(Illuminate\\Http\\Request), Object(Illuminate\\Session\\Store), Object(Closure))
#23 C:\\xampp\\htdocs\\vizsga_backend\\vendor\\laravel\\framework\\src\\Illuminate\\Pipeline\\Pipeline.php(209): Illuminate\\Session\\Middleware\\StartSession->handle(Object(Illuminate\\Http\\Request), Object(Closure))
#24 C:\\xampp\\htdocs\\vizsga_backend\\vendor\\laravel\\framework\\src\\Illuminate\\Cookie\\Middleware\\AddQueuedCookiesToResponse.php(37): Illuminate\\Pipeline\\Pipeline->Illuminate\\Pipeline\\{closure}(Object(Illuminate\\Http\\Request))
#25 C:\\xampp\\htdocs\\vizsga_backend\\vendor\\laravel\\framework\\src\\Illuminate\\Pipeline\\Pipeline.php(209): Illuminate\\Cookie\\Middleware\\AddQueuedCookiesToResponse->handle(Object(Illuminate\\Http\\Request), Object(Closure))
#26 C:\\xampp\\htdocs\\vizsga_backend\\vendor\\laravel\\framework\\src\\Illuminate\\Cookie\\Middleware\\EncryptCookies.php(75): Illuminate\\Pipeline\\Pipeline->Illuminate\\Pipeline\\{closure}(Object(Illuminate\\Http\\Request))
#27 C:\\xampp\\htdocs\\vizsga_backend\\vendor\\laravel\\framework\\src\\Illuminate\\Pipeline\\Pipeline.php(209): Illuminate\\Cookie\\Middleware\\EncryptCookies->handle(Object(Illuminate\\Http\\Request), Object(Closure))
#28 C:\\xampp\\htdocs\\vizsga_backend\\vendor\\laravel\\framework\\src\\Illuminate\\Pipeline\\Pipeline.php(127): Illuminate\\Pipeline\\Pipeline->Illuminate\\Pipeline\\{closure}(Object(Illuminate\\Http\\Request))
#29 C:\\xampp\\htdocs\\vizsga_backend\\vendor\\laravel\\framework\\src\\Illuminate\\Routing\\Router.php(808): Illuminate\\Pipeline\\Pipeline->then(Object(Closure))
#30 C:\\xampp\\htdocs\\vizsga_backend\\vendor\\laravel\\framework\\src\\Illuminate\\Routing\\Router.php(787): Illuminate\\Routing\\Router->runRouteWithinStack(Object(Illuminate\\Routing\\Route), Object(Illuminate\\Http\\Request))
#31 C:\\xampp\\htdocs\\vizsga_backend\\vendor\\laravel\\framework\\src\\Illuminate\\Routing\\Router.php(751): Illuminate\\Routing\\Router->runRoute(Object(Illuminate\\Http\\Request), Object(Illuminate\\Routing\\Route))
#32 C:\\xampp\\htdocs\\vizsga_backend\\vendor\\laravel\\framework\\src\\Illuminate\\Routing\\Router.php(740): Illuminate\\Routing\\Router->dispatchToRoute(Object(Illuminate\\Http\\Request))
#33 C:\\xampp\\htdocs\\vizsga_backend\\vendor\\laravel\\framework\\src\\Illuminate\\Foundation\\Http\\Kernel.php(201): Illuminate\\Routing\\Router->dispatch(Object(Illuminate\\Http\\Request))
#34 C:\\xampp\\htdocs\\vizsga_backend\\vendor\\laravel\\framework\\src\\Illuminate\\Pipeline\\Pipeline.php(170): Illuminate\\Foundation\\Http\\Kernel->Illuminate\\Foundation\\Http\\{closure}(Object(Illuminate\\Http\\Request))
#35 C:\\xampp\\htdocs\\vizsga_backend\\vendor\\laravel\\framework\\src\\Illuminate\\Foundation\\Http\\Middleware\\TransformsRequest.php(21): Illuminate\\Pipeline\\Pipeline->Illuminate\\Pipeline\\{closure}(Object(Illuminate\\Http\\Request))
#36 C:\\xampp\\htdocs\\vizsga_backend\\vendor\\laravel\\framework\\src\\Illuminate\\Foundation\\Http\\Middleware\\ConvertEmptyStringsToNull.php(31): Illuminate\\Foundation\\Http\\Middleware\\TransformsRequest->handle(Object(Illuminate\\Http\\Request), Object(Closure))
#37 C:\\xampp\\htdocs\\vizsga_backend\\vendor\\laravel\\framework\\src\\Illuminate\\Pipeline\\Pipeline.php(209): Illuminate\\Foundation\\Http\\Middleware\\ConvertEmptyStringsToNull->handle(Object(Illuminate\\Http\\Request), Object(Closure))
#38 C:\\xampp\\htdocs\\vizsga_backend\\vendor\\laravel\\framework\\src\\Illuminate\\Foundation\\Http\\Middleware\\TransformsRequest.php(21): Illuminate\\Pipeline\\Pipeline->Illuminate\\Pipeline\\{closure}(Object(Illuminate\\Http\\Request))
#39 C:\\xampp\\htdocs\\vizsga_backend\\vendor\\laravel\\framework\\src\\Illuminate\\Foundation\\Http\\Middleware\\TrimStrings.php(51): Illuminate\\Foundation\\Http\\Middleware\\TransformsRequest->handle(Object(Illuminate\\Http\\Request), Object(Closure))
#40 C:\\xampp\\htdocs\\vizsga_backend\\vendor\\laravel\\framework\\src\\Illuminate\\Pipeline\\Pipeline.php(209): Illuminate\\Foundation\\Http\\Middleware\\TrimStrings->handle(Object(Illuminate\\Http\\Request), Object(Closure))
#41 C:\\xampp\\htdocs\\vizsga_backend\\vendor\\laravel\\framework\\src\\Illuminate\\Http\\Middleware\\ValidatePostSize.php(27): Illuminate\\Pipeline\\Pipeline->Illuminate\\Pipeline\\{closure}(Object(Illuminate\\Http\\Request))
#42 C:\\xampp\\htdocs\\vizsga_backend\\vendor\\laravel\\framework\\src\\Illuminate\\Pipeline\\Pipeline.php(209): Illuminate\\Http\\Middleware\\ValidatePostSize->handle(Object(Illuminate\\Http\\Request), Object(Closure))
#43 C:\\xampp\\htdocs\\vizsga_backend\\vendor\\laravel\\framework\\src\\Illuminate\\Foundation\\Http\\Middleware\\PreventRequestsDuringMaintenance.php(110): Illuminate\\Pipeline\\Pipeline->Illuminate\\Pipeline\\{closure}(Object(Illuminate\\Http\\Request))
#44 C:\\xampp\\htdocs\\vizsga_backend\\vendor\\laravel\\framework\\src\\Illuminate\\Pipeline\\Pipeline.php(209): Illuminate\\Foundation\\Http\\Middleware\\PreventRequestsDuringMaintenance->handle(Object(Illuminate\\Http\\Request), Object(Closure))
#45 C:\\xampp\\htdocs\\vizsga_backend\\vendor\\laravel\\framework\\src\\Illuminate\\Http\\Middleware\\HandleCors.php(62): Illuminate\\Pipeline\\Pipeline->Illuminate\\Pipeline\\{closure}(Object(Illuminate\\Http\\Request))
#46 C:\\xampp\\htdocs\\vizsga_backend\\vendor\\laravel\\framework\\src\\Illuminate\\Pipeline\\Pipeline.php(209): Illuminate\\Http\\Middleware\\HandleCors->handle(Object(Illuminate\\Http\\Request), Object(Closure))
#47 C:\\xampp\\htdocs\\vizsga_backend\\vendor\\laravel\\framework\\src\\Illuminate\\Http\\Middleware\\TrustProxies.php(58): Illuminate\\Pipeline\\Pipeline->Illuminate\\Pipeline\\{closure}(Object(Illuminate\\Http\\Request))
#48 C:\\xampp\\htdocs\\vizsga_backend\\vendor\\laravel\\framework\\src\\Illuminate\\Pipeline\\Pipeline.php(209): Illuminate\\Http\\Middleware\\TrustProxies->handle(Object(Illuminate\\Http\\Request), Object(Closure))
#49 C:\\xampp\\htdocs\\vizsga_backend\\vendor\\laravel\\framework\\src\\Illuminate\\Foundation\\Http\\Middleware\\InvokeDeferredCallbacks.php(22): Illuminate\\Pipeline\\Pipeline->Illuminate\\Pipeline\\{closure}(Object(Illuminate\\Http\\Request))
#50 C:\\xampp\\htdocs\\vizsga_backend\\vendor\\laravel\\framework\\src\\Illuminate\\Pipeline\\Pipeline.php(209): Illuminate\\Foundation\\Http\\Middleware\\InvokeDeferredCallbacks->handle(Object(Illuminate\\Http\\Request), Object(Closure))
#51 C:\\xampp\\htdocs\\vizsga_backend\\vendor\\laravel\\framework\\src\\Illuminate\\Http\\Middleware\\ValidatePathEncoding.php(26): Illuminate\\Pipeline\\Pipeline->Illuminate\\Pipeline\\{closure}(Object(Illuminate\\Http\\Request))
#52 C:\\xampp\\htdocs\\vizsga_backend\\vendor\\laravel\\framework\\src\\Illuminate\\Pipeline\\Pipeline.php(209): Illuminate\\Http\\Middleware\\ValidatePathEncoding->handle(Object(Illuminate\\Http\\Request), Object(Closure))
#53 C:\\xampp\\htdocs\\vizsga_backend\\vendor\\laravel\\framework\\src\\Illuminate\\Pipeline\\Pipeline.php(127): Illuminate\\Pipeline\\Pipeline->Illuminate\\Pipeline\\{closure}(Object(Illuminate\\Http\\Request))
#54 C:\\xampp\\htdocs\\vizsga_backend\\vendor\\laravel\\framework\\src\\Illuminate\\Foundation\\Http\\Kernel.php(176): Illuminate\\Pipeline\\Pipeline->then(Object(Closure))
#55 C:\\xampp\\htdocs\\vizsga_backend\\vendor\\laravel\\framework\\src\\Illuminate\\Foundation\\Http\\Kernel.php(145): Illuminate\\Foundation\\Http\\Kernel->sendRequestThroughRouter(Object(Illuminate\\Http\\Request))
#56 C:\\xampp\\htdocs\\vizsga_backend\\vendor\\laravel\\framework\\src\\Illuminate\\Foundation\\Application.php(1220): Illuminate\\Foundation\\Http\\Kernel->handle(Object(Illuminate\\Http\\Request))
#57 C:\\xampp\\htdocs\\vizsga_backend\\public\\index.php(20): Illuminate\\Foundation\\Application->handleRequest(Object(Illuminate\\Http\\Request))
#58 C:\\xampp\\htdocs\\vizsga_backend\\vendor\\laravel\\framework\\src\\Illuminate\\Foundation\\resources\\server.php(23): require_once('C:\\\\xampp\\\\htdocs...')
#59 {main}

[previous exception] [object] (PDOException(code: 2002): SQLSTATE[HY000] [2002] Nem hozható létre kapcsolat, mert a célszámítógép már visszautasította a kapcsolatot at C:\\xampp\\htdocs\\vizsga_backend\\vendor\\laravel\\framework\\src\\Illuminate\\Database\\Connectors\\Connector.php:66)
[stacktrace]
#0 C:\\xampp\\htdocs\\vizsga_backend\\vendor\\laravel\\framework\\src\\Illuminate\\Database\\Connectors\\Connector.php(66): PDO->__construct('mysql:host=127....', 'root', Object(SensitiveParameterValue), Array)
#1 C:\\xampp\\htdocs\\vizsga_backend\\vendor\\laravel\\framework\\src\\Illuminate\\Database\\Connectors\\Connector.php(44): Illuminate\\Database\\Connectors\\Connector->createPdoConnection('mysql:host=127....', 'root', Object(SensitiveParameterValue), Array)
#2 C:\\xampp\\htdocs\\vizsga_backend\\vendor\\laravel\\framework\\src\\Illuminate\\Database\\Connectors\\MySqlConnector.php(24): Illuminate\\Database\\Connectors\\Connector->createConnection('mysql:host=127....', Array, Array)
#3 C:\\xampp\\htdocs\\vizsga_backend\\vendor\\laravel\\framework\\src\\Illuminate\\Database\\Connectors\\ConnectionFactory.php(185): Illuminate\\Database\\Connectors\\MySqlConnector->connect(Array)
#4 [internal function]: Illuminate\\Database\\Connectors\\ConnectionFactory->Illuminate\\Database\\Connectors\\{closure}()
#5 C:\\xampp\\htdocs\\vizsga_backend\\vendor\\laravel\\framework\\src\\Illuminate\\Database\\Connection.php(1229): call_user_func(Object(Closure))
#6 C:\\xampp\\htdocs\\vizsga_backend\\vendor\\laravel\\framework\\src\\Illuminate\\Database\\Connection.php(1265): Illuminate\\Database\\Connection->getPdo()
#7 C:\\xampp\\htdocs\\vizsga_backend\\vendor\\laravel\\framework\\src\\Illuminate\\Database\\Connection.php(510): Illuminate\\Database\\Connection->getReadPdo()
#8 C:\\xampp\\htdocs\\vizsga_backend\\vendor\\laravel\\framework\\src\\Illuminate\\Database\\Connection.php(405): Illuminate\\Database\\Connection->getPdoForSelect(true)
#9 C:\\xampp\\htdocs\\vizsga_backend\\vendor\\laravel\\framework\\src\\Illuminate\\Database\\Connection.php(810): Illuminate\\Database\\Connection->Illuminate\\Database\\{closure}('select * from `...', Array)
#10 C:\\xampp\\htdocs\\vizsga_backend\\vendor\\laravel\\framework\\src\\Illuminate\\Database\\Connection.php(777): Illuminate\\Database\\Connection->runQueryCallback('select * from `...', Array, Object(Closure))
#11 C:\\xampp\\htdocs\\vizsga_backend\\vendor\\laravel\\framework\\src\\Illuminate\\Database\\Connection.php(396): Illuminate\\Database\\Connection->run('select * from `...', Array, Object(Closure))
#12 C:\\xampp\\htdocs\\vizsga_backend\\vendor\\laravel\\framework\\src\\Illuminate\\Database\\Query\\Builder.php(3105): Illuminate\\Database\\Connection->select('select * from `...', Array, true)
#13 C:\\xampp\\htdocs\\vizsga_backend\\vendor\\laravel\\framework\\src\\Illuminate\\Database\\Query\\Builder.php(3090): Illuminate\\Database\\Query\\Builder->runSelect()
#14 C:\\xampp\\htdocs\\vizsga_backend\\vendor\\laravel\\framework\\src\\Illuminate\\Database\\Query\\Builder.php(3677): Illuminate\\Database\\Query\\Builder->Illuminate\\Database\\Query\\{closure}()
#15 C:\\xampp\\htdocs\\vizsga_backend\\vendor\\laravel\\framework\\src\\Illuminate\\Database\\Query\\Builder.php(3089): Illuminate\\Database\\Query\\Builder->onceWithColumns(Array, Object(Closure))
#16 C:\\xampp\\htdocs\\vizsga_backend\\vendor\\laravel\\framework\\src\\Illuminate\\Database\\Eloquent\\Builder.php(811): Illuminate\\Database\\Query\\Builder->get(Array)
#17 C:\\xampp\\htdocs\\vizsga_backend\\vendor\\laravel\\framework\\src\\Illuminate\\Database\\Eloquent\\Builder.php(793): Illuminate\\Database\\Eloquent\\Builder->getModels(Array)
#18 C:\\xampp\\htdocs\\vizsga_backend\\vendor\\laravel\\framework\\src\\Illuminate\\Database\\Eloquent\\Model.php(694): Illuminate\\Database\\Eloquent\\Builder->get(Array)
#19 C:\\xampp\\htdocs\\vizsga_backend\\app\\Http\\Controllers\\BookController.php(12): Illuminate\\Database\\Eloquent\\Model::all()
#20 C:\\xampp\\htdocs\\vizsga_backend\\vendor\\laravel\\framework\\src\\Illuminate\\Routing\\ControllerDispatcher.php(47): App\\Http\\Controllers\\BookController->index()
#21 C:\\xampp\\htdocs\\vizsga_backend\\vendor\\laravel\\framework\\src\\Illuminate\\Routing\\Route.php(266): Illuminate\\Routing\\ControllerDispatcher->dispatch(Object(Illuminate\\Routing\\Route), Object(App\\Http\\Controllers\\BookController), 'index')
#22 C:\\xampp\\htdocs\\vizsga_backend\\vendor\\laravel\\framework\\src\\Illuminate\\Routing\\Route.php(212): Illuminate\\Routing\\Route->runController()
#23 C:\\xampp\\htdocs\\vizsga_backend\\vendor\\laravel\\framework\\src\\Illuminate\\Routing\\Router.php(809): Illuminate\\Routing\\Route->run()
#24 C:\\xampp\\htdocs\\vizsga_backend\\vendor\\laravel\\framework\\src\\Illuminate\\Pipeline\\Pipeline.php(170): Illuminate\\Routing\\Router->Illuminate\\Routing\\{closure}(Object(Illuminate\\Http\\Request))
#25 C:\\xampp\\htdocs\\vizsga_backend\\vendor\\laravel\\framework\\src\\Illuminate\\Routing\\Middleware\\SubstituteBindings.php(51): Illuminate\\Pipeline\\Pipeline->Illuminate\\Pipeline\\{closure}(Object(Illuminate\\Http\\Request))
#26 C:\\xampp\\htdocs\\vizsga_backend\\vendor\\laravel\\framework\\src\\Illuminate\\Pipeline\\Pipeline.php(209): Illuminate\\Routing\\Middleware\\SubstituteBindings->handle(Object(Illuminate\\Http\\Request), Object(Closure))
#27 C:\\xampp\\htdocs\\vizsga_backend\\vendor\\laravel\\framework\\src\\Illuminate\\Foundation\\Http\\Middleware\\VerifyCsrfToken.php(88): Illuminate\\Pipeline\\Pipeline->Illuminate\\Pipeline\\{closure}(Object(Illuminate\\Http\\Request))
#28 C:\\xampp\\htdocs\\vizsga_backend\\vendor\\laravel\\framework\\src\\Illuminate\\Pipeline\\Pipeline.php(209): Illuminate\\Foundation\\Http\\Middleware\\VerifyCsrfToken->handle(Object(Illuminate\\Http\\Request), Object(Closure))
#29 C:\\xampp\\htdocs\\vizsga_backend\\vendor\\laravel\\framework\\src\\Illuminate\\View\\Middleware\\ShareErrorsFromSession.php(49): Illuminate\\Pipeline\\Pipeline->Illuminate\\Pipeline\\{closure}(Object(Illuminate\\Http\\Request))
#30 C:\\xampp\\htdocs\\vizsga_backend\\vendor\\laravel\\framework\\src\\Illuminate\\Pipeline\\Pipeline.php(209): Illuminate\\View\\Middleware\\ShareErrorsFromSession->handle(Object(Illuminate\\Http\\Request), Object(Closure))
#31 C:\\xampp\\htdocs\\vizsga_backend\\vendor\\laravel\\framework\\src\\Illuminate\\Session\\Middleware\\StartSession.php(121): Illuminate\\Pipeline\\Pipeline->Illuminate\\Pipeline\\{closure}(Object(Illuminate\\Http\\Request))
#32 C:\\xampp\\htdocs\\vizsga_backend\\vendor\\laravel\\framework\\src\\Illuminate\\Session\\Middleware\\StartSession.php(64): Illuminate\\Session\\Middleware\\StartSession->handleStatefulRequest(Object(Illuminate\\Http\\Request), Object(Illuminate\\Session\\Store), Object(Closure))
#33 C:\\xampp\\htdocs\\vizsga_backend\\vendor\\laravel\\framework\\src\\Illuminate\\Pipeline\\Pipeline.php(209): Illuminate\\Session\\Middleware\\StartSession->handle(Object(Illuminate\\Http\\Request), Object(Closure))
#34 C:\\xampp\\htdocs\\vizsga_backend\\vendor\\laravel\\framework\\src\\Illuminate\\Cookie\\Middleware\\AddQueuedCookiesToResponse.php(37): Illuminate\\Pipeline\\Pipeline->Illuminate\\Pipeline\\{closure}(Object(Illuminate\\Http\\Request))
#35 C:\\xampp\\htdocs\\vizsga_backend\\vendor\\laravel\\framework\\src\\Illuminate\\Pipeline\\Pipeline.php(209): Illuminate\\Cookie\\Middleware\\AddQueuedCookiesToResponse->handle(Object(Illuminate\\Http\\Request), Object(Closure))
#36 C:\\xampp\\htdocs\\vizsga_backend\\vendor\\laravel\\framework\\src\\Illuminate\\Cookie\\Middleware\\EncryptCookies.php(75): Illuminate\\Pipeline\\Pipeline->Illuminate\\Pipeline\\{closure}(Object(Illuminate\\Http\\Request))
#37 C:\\xampp\\htdocs\\vizsga_backend\\vendor\\laravel\\framework\\src\\Illuminate\\Pipeline\\Pipeline.php(209): Illuminate\\Cookie\\Middleware\\EncryptCookies->handle(Object(Illuminate\\Http\\Request), Object(Closure))
#38 C:\\xampp\\htdocs\\vizsga_backend\\vendor\\laravel\\framework\\src\\Illuminate\\Pipeline\\Pipeline.php(127): Illuminate\\Pipeline\\Pipeline->Illuminate\\Pipeline\\{closure}(Object(Illuminate\\Http\\Request))
#39 C:\\xampp\\htdocs\\vizsga_backend\\vendor\\laravel\\framework\\src\\Illuminate\\Routing\\Router.php(808): Illuminate\\Pipeline\\Pipeline->then(Object(Closure))
#40 C:\\xampp\\htdocs\\vizsga_backend\\vendor\\laravel\\framework\\src\\Illuminate\\Routing\\Router.php(787): Illuminate\\Routing\\Router->runRouteWithinStack(Object(Illuminate\\Routing\\Route), Object(Illuminate\\Http\\Request))
#41 C:\\xampp\\htdocs\\vizsga_backend\\vendor\\laravel\\framework\\src\\Illuminate\\Routing\\Router.php(751): Illuminate\\Routing\\Router->runRoute(Object(Illuminate\\Http\\Request), Object(Illuminate\\Routing\\Route))
#42 C:\\xampp\\htdocs\\vizsga_backend\\vendor\\laravel\\framework\\src\\Illuminate\\Routing\\Router.php(740): Illuminate\\Routing\\Router->dispatchToRoute(Object(Illuminate\\Http\\Request))
#43 C:\\xampp\\htdocs\\vizsga_backend\\vendor\\laravel\\framework\\src\\Illuminate\\Foundation\\Http\\Kernel.php(201): Illuminate\\Routing\\Router->dispatch(Object(Illuminate\\Http\\Request))
#44 C:\\xampp\\htdocs\\vizsga_backend\\vendor\\laravel\\framework\\src\\Illuminate\\Pipeline\\Pipeline.php(170): Illuminate\\Foundation\\Http\\Kernel->Illuminate\\Foundation\\Http\\{closure}(Object(Illuminate\\Http\\Request))
#45 C:\\xampp\\htdocs\\vizsga_backend\\vendor\\laravel\\framework\\src\\Illuminate\\Foundation\\Http\\Middleware\\TransformsRequest.php(21): Illuminate\\Pipeline\\Pipeline->Illuminate\\Pipeline\\{closure}(Object(Illuminate\\Http\\Request))
#46 C:\\xampp\\htdocs\\vizsga_backend\\vendor\\laravel\\framework\\src\\Illuminate\\Foundation\\Http\\Middleware\\ConvertEmptyStringsToNull.php(31): Illuminate\\Foundation\\Http\\Middleware\\TransformsRequest->handle(Object(Illuminate\\Http\\Request), Object(Closure))
#47 C:\\xampp\\htdocs\\vizsga_backend\\vendor\\laravel\\framework\\src\\Illuminate\\Pipeline\\Pipeline.php(209): Illuminate\\Foundation\\Http\\Middleware\\ConvertEmptyStringsToNull->handle(Object(Illuminate\\Http\\Request), Object(Closure))
#48 C:\\xampp\\htdocs\\vizsga_backend\\vendor\\laravel\\framework\\src\\Illuminate\\Foundation\\Http\\Middleware\\TransformsRequest.php(21): Illuminate\\Pipeline\\Pipeline->Illuminate\\Pipeline\\{closure}(Object(Illuminate\\Http\\Request))
#49 C:\\xampp\\htdocs\\vizsga_backend\\vendor\\laravel\\framework\\src\\Illuminate\\Foundation\\Http\\Middleware\\TrimStrings.php(51): Illuminate\\Foundation\\Http\\Middleware\\TransformsRequest->handle(Object(Illuminate\\Http\\Request), Object(Closure))
#50 C:\\xampp\\htdocs\\vizsga_backend\\vendor\\laravel\\framework\\src\\Illuminate\\Pipeline\\Pipeline.php(209): Illuminate\\Foundation\\Http\\Middleware\\TrimStrings->handle(Object(Illuminate\\Http\\Request), Object(Closure))
#51 C:\\xampp\\htdocs\\vizsga_backend\\vendor\\laravel\\framework\\src\\Illuminate\\Http\\Middleware\\ValidatePostSize.php(27): Illuminate\\Pipeline\\Pipeline->Illuminate\\Pipeline\\{closure}(Object(Illuminate\\Http\\Request))
#52 C:\\xampp\\htdocs\\vizsga_backend\\vendor\\laravel\\framework\\src\\Illuminate\\Pipeline\\Pipeline.php(209): Illuminate\\Http\\Middleware\\ValidatePostSize->handle(Object(Illuminate\\Http\\Request), Object(Closure))
#53 C:\\xampp\\htdocs\\vizsga_backend\\vendor\\laravel\\framework\\src\\Illuminate\\Foundation\\Http\\Middleware\\PreventRequestsDuringMaintenance.php(110): Illuminate\\Pipeline\\Pipeline->Illuminate\\Pipeline\\{closure}(Object(Illuminate\\Http\\Request))
#54 C:\\xampp\\htdocs\\vizsga_backend\\vendor\\laravel\\framework\\src\\Illuminate\\Pipeline\\Pipeline.php(209): Illuminate\\Foundation\\Http\\Middleware\\PreventRequestsDuringMaintenance->handle(Object(Illuminate\\Http\\Request), Object(Closure))
#55 C:\\xampp\\htdocs\\vizsga_backend\\vendor\\laravel\\framework\\src\\Illuminate\\Http\\Middleware\\HandleCors.php(62): Illuminate\\Pipeline\\Pipeline->Illuminate\\Pipeline\\{closure}(Object(Illuminate\\Http\\Request))
#56 C:\\xampp\\htdocs\\vizsga_backend\\vendor\\laravel\\framework\\src\\Illuminate\\Pipeline\\Pipeline.php(209): Illuminate\\Http\\Middleware\\HandleCors->handle(Object(Illuminate\\Http\\Request), Object(Closure))
#57 C:\\xampp\\htdocs\\vizsga_backend\\vendor\\laravel\\framework\\src\\Illuminate\\Http\\Middleware\\TrustProxies.php(58): Illuminate\\Pipeline\\Pipeline->Illuminate\\Pipeline\\{closure}(Object(Illuminate\\Http\\Request))
#58 C:\\xampp\\htdocs\\vizsga_backend\\vendor\\laravel\\framework\\src\\Illuminate\\Pipeline\\Pipeline.php(209): Illuminate\\Http\\Middleware\\TrustProxies->handle(Object(Illuminate\\Http\\Request), Object(Closure))
#59 C:\\xampp\\htdocs\\vizsga_backend\\vendor\\laravel\\framework\\src\\Illuminate\\Foundation\\Http\\Middleware\\InvokeDeferredCallbacks.php(22): Illuminate\\Pipeline\\Pipeline->Illuminate\\Pipeline\\{closure}(Object(Illuminate\\Http\\Request))
#60 C:\\xampp\\htdocs\\vizsga_backend\\vendor\\laravel\\framework\\src\\Illuminate\\Pipeline\\Pipeline.php(209): Illuminate\\Foundation\\Http\\Middleware\\InvokeDeferredCallbacks->handle(Object(Illuminate\\Http\\Request), Object(Closure))
#61 C:\\xampp\\htdocs\\vizsga_backend\\vendor\\laravel\\framework\\src\\Illuminate\\Http\\Middleware\\ValidatePathEncoding.php(26): Illuminate\\Pipeline\\Pipeline->Illuminate\\Pipeline\\{closure}(Object(Illuminate\\Http\\Request))
#62 C:\\xampp\\htdocs\\vizsga_backend\\vendor\\laravel\\framework\\src\\Illuminate\\Pipeline\\Pipeline.php(209): Illuminate\\Http\\Middleware\\ValidatePathEncoding->handle(Object(Illuminate\\Http\\Request), Object(Closure))
#63 C:\\xampp\\htdocs\\vizsga_backend\\vendor\\laravel\\framework\\src\\Illuminate\\Pipeline\\Pipeline.php(127): Illuminate\\Pipeline\\Pipeline->Illuminate\\Pipeline\\{closure}(Object(Illuminate\\Http\\Request))
#64 C:\\xampp\\htdocs\\vizsga_backend\\vendor\\laravel\\framework\\src\\Illuminate\\Foundation\\Http\\Kernel.php(176): Illuminate\\Pipeline\\Pipeline->then(Object(Closure))
#65 C:\\xampp\\htdocs\\vizsga_backend\\vendor\\laravel\\framework\\src\\Illuminate\\Foundation\\Http\\Kernel.php(145): Illuminate\\Foundation\\Http\\Kernel->sendRequestThroughRouter(Object(Illuminate\\Http\\Request))
#66 C:\\xampp\\htdocs\\vizsga_backend\\vendor\\laravel\\framework\\src\\Illuminate\\Foundation\\Application.php(1220): Illuminate\\Foundation\\Http\\Kernel->handle(Object(Illuminate\\Http\\Request))
#67 C:\\xampp\\htdocs\\vizsga_backend\\public\\index.php(20): Illuminate\\Foundation\\Application->handleRequest(Object(Illuminate\\Http\\Request))
#68 C:\\xampp\\htdocs\\vizsga_backend\\vendor\\laravel\\framework\\src\\Illuminate\\Foundation\\resources\\server.php(23): require_once('C:\\\\xampp\\\\htdocs...')
#69 {main}
"} 
[2025-03-26 18:10:23] local.ERROR: SQLSTATE[HY000] [2002] Nem hozható létre kapcsolat, mert a célszámítógép már visszautasította a kapcsolatot (Connection: mysql, SQL: select * from `books`) {"exception":"[object] (Illuminate\\Database\\QueryException(code: 2002): SQLSTATE[HY000] [2002] Nem hozható létre kapcsolat, mert a célszámítógép már visszautasította a kapcsolatot (Connection: mysql, SQL: select * from `books`) at C:\\xampp\\htdocs\\vizsga_backend\\vendor\\laravel\\framework\\src\\Illuminate\\Database\\Connection.php:823)
[stacktrace]
#0 C:\\xampp\\htdocs\\vizsga_backend\\vendor\\laravel\\framework\\src\\Illuminate\\Database\\Connection.php(777): Illuminate\\Database\\Connection->runQueryCallback('select * from `...', Array, Object(Closure))
#1 C:\\xampp\\htdocs\\vizsga_backend\\vendor\\laravel\\framework\\src\\Illuminate\\Database\\Connection.php(396): Illuminate\\Database\\Connection->run('select * from `...', Array, Object(Closure))
#2 C:\\xampp\\htdocs\\vizsga_backend\\vendor\\laravel\\framework\\src\\Illuminate\\Database\\Query\\Builder.php(3105): Illuminate\\Database\\Connection->select('select * from `...', Array, true)
#3 C:\\xampp\\htdocs\\vizsga_backend\\vendor\\laravel\\framework\\src\\Illuminate\\Database\\Query\\Builder.php(3090): Illuminate\\Database\\Query\\Builder->runSelect()
#4 C:\\xampp\\htdocs\\vizsga_backend\\vendor\\laravel\\framework\\src\\Illuminate\\Database\\Query\\Builder.php(3677): Illuminate\\Database\\Query\\Builder->Illuminate\\Database\\Query\\{closure}()
#5 C:\\xampp\\htdocs\\vizsga_backend\\vendor\\laravel\\framework\\src\\Illuminate\\Database\\Query\\Builder.php(3089): Illuminate\\Database\\Query\\Builder->onceWithColumns(Array, Object(Closure))
#6 C:\\xampp\\htdocs\\vizsga_backend\\vendor\\laravel\\framework\\src\\Illuminate\\Database\\Eloquent\\Builder.php(811): Illuminate\\Database\\Query\\Builder->get(Array)
#7 C:\\xampp\\htdocs\\vizsga_backend\\vendor\\laravel\\framework\\src\\Illuminate\\Database\\Eloquent\\Builder.php(793): Illuminate\\Database\\Eloquent\\Builder->getModels(Array)
#8 C:\\xampp\\htdocs\\vizsga_backend\\vendor\\laravel\\framework\\src\\Illuminate\\Database\\Eloquent\\Model.php(694): Illuminate\\Database\\Eloquent\\Builder->get(Array)
#9 C:\\xampp\\htdocs\\vizsga_backend\\app\\Http\\Controllers\\BookController.php(12): Illuminate\\Database\\Eloquent\\Model::all()
#10 C:\\xampp\\htdocs\\vizsga_backend\\vendor\\laravel\\framework\\src\\Illuminate\\Routing\\ControllerDispatcher.php(47): App\\Http\\Controllers\\BookController->index()
#11 C:\\xampp\\htdocs\\vizsga_backend\\vendor\\laravel\\framework\\src\\Illuminate\\Routing\\Route.php(266): Illuminate\\Routing\\ControllerDispatcher->dispatch(Object(Illuminate\\Routing\\Route), Object(App\\Http\\Controllers\\BookController), 'index')
#12 C:\\xampp\\htdocs\\vizsga_backend\\vendor\\laravel\\framework\\src\\Illuminate\\Routing\\Route.php(212): Illuminate\\Routing\\Route->runController()
#13 C:\\xampp\\htdocs\\vizsga_backend\\vendor\\laravel\\framework\\src\\Illuminate\\Routing\\Router.php(809): Illuminate\\Routing\\Route->run()
#14 C:\\xampp\\htdocs\\vizsga_backend\\vendor\\laravel\\framework\\src\\Illuminate\\Pipeline\\Pipeline.php(170): Illuminate\\Routing\\Router->Illuminate\\Routing\\{closure}(Object(Illuminate\\Http\\Request))
#15 C:\\xampp\\htdocs\\vizsga_backend\\vendor\\laravel\\framework\\src\\Illuminate\\Routing\\Middleware\\SubstituteBindings.php(51): Illuminate\\Pipeline\\Pipeline->Illuminate\\Pipeline\\{closure}(Object(Illuminate\\Http\\Request))
#16 C:\\xampp\\htdocs\\vizsga_backend\\vendor\\laravel\\framework\\src\\Illuminate\\Pipeline\\Pipeline.php(209): Illuminate\\Routing\\Middleware\\SubstituteBindings->handle(Object(Illuminate\\Http\\Request), Object(Closure))
#17 C:\\xampp\\htdocs\\vizsga_backend\\vendor\\laravel\\framework\\src\\Illuminate\\Foundation\\Http\\Middleware\\VerifyCsrfToken.php(88): Illuminate\\Pipeline\\Pipeline->Illuminate\\Pipeline\\{closure}(Object(Illuminate\\Http\\Request))
#18 C:\\xampp\\htdocs\\vizsga_backend\\vendor\\laravel\\framework\\src\\Illuminate\\Pipeline\\Pipeline.php(209): Illuminate\\Foundation\\Http\\Middleware\\VerifyCsrfToken->handle(Object(Illuminate\\Http\\Request), Object(Closure))
#19 C:\\xampp\\htdocs\\vizsga_backend\\vendor\\laravel\\framework\\src\\Illuminate\\View\\Middleware\\ShareErrorsFromSession.php(49): Illuminate\\Pipeline\\Pipeline->Illuminate\\Pipeline\\{closure}(Object(Illuminate\\Http\\Request))
#20 C:\\xampp\\htdocs\\vizsga_backend\\vendor\\laravel\\framework\\src\\Illuminate\\Pipeline\\Pipeline.php(209): Illuminate\\View\\Middleware\\ShareErrorsFromSession->handle(Object(Illuminate\\Http\\Request), Object(Closure))
#21 C:\\xampp\\htdocs\\vizsga_backend\\vendor\\laravel\\framework\\src\\Illuminate\\Session\\Middleware\\StartSession.php(121): Illuminate\\Pipeline\\Pipeline->Illuminate\\Pipeline\\{closure}(Object(Illuminate\\Http\\Request))
#22 C:\\xampp\\htdocs\\vizsga_backend\\vendor\\laravel\\framework\\src\\Illuminate\\Session\\Middleware\\StartSession.php(64): Illuminate\\Session\\Middleware\\StartSession->handleStatefulRequest(Object(Illuminate\\Http\\Request), Object(Illuminate\\Session\\Store), Object(Closure))
#23 C:\\xampp\\htdocs\\vizsga_backend\\vendor\\laravel\\framework\\src\\Illuminate\\Pipeline\\Pipeline.php(209): Illuminate\\Session\\Middleware\\StartSession->handle(Object(Illuminate\\Http\\Request), Object(Closure))
#24 C:\\xampp\\htdocs\\vizsga_backend\\vendor\\laravel\\framework\\src\\Illuminate\\Cookie\\Middleware\\AddQueuedCookiesToResponse.php(37): Illuminate\\Pipeline\\Pipeline->Illuminate\\Pipeline\\{closure}(Object(Illuminate\\Http\\Request))
#25 C:\\xampp\\htdocs\\vizsga_backend\\vendor\\laravel\\framework\\src\\Illuminate\\Pipeline\\Pipeline.php(209): Illuminate\\Cookie\\Middleware\\AddQueuedCookiesToResponse->handle(Object(Illuminate\\Http\\Request), Object(Closure))
#26 C:\\xampp\\htdocs\\vizsga_backend\\vendor\\laravel\\framework\\src\\Illuminate\\Cookie\\Middleware\\EncryptCookies.php(75): Illuminate\\Pipeline\\Pipeline->Illuminate\\Pipeline\\{closure}(Object(Illuminate\\Http\\Request))
#27 C:\\xampp\\htdocs\\vizsga_backend\\vendor\\laravel\\framework\\src\\Illuminate\\Pipeline\\Pipeline.php(209): Illuminate\\Cookie\\Middleware\\EncryptCookies->handle(Object(Illuminate\\Http\\Request), Object(Closure))
#28 C:\\xampp\\htdocs\\vizsga_backend\\vendor\\laravel\\framework\\src\\Illuminate\\Pipeline\\Pipeline.php(127): Illuminate\\Pipeline\\Pipeline->Illuminate\\Pipeline\\{closure}(Object(Illuminate\\Http\\Request))
#29 C:\\xampp\\htdocs\\vizsga_backend\\vendor\\laravel\\framework\\src\\Illuminate\\Routing\\Router.php(808): Illuminate\\Pipeline\\Pipeline->then(Object(Closure))
#30 C:\\xampp\\htdocs\\vizsga_backend\\vendor\\laravel\\framework\\src\\Illuminate\\Routing\\Router.php(787): Illuminate\\Routing\\Router->runRouteWithinStack(Object(Illuminate\\Routing\\Route), Object(Illuminate\\Http\\Request))
#31 C:\\xampp\\htdocs\\vizsga_backend\\vendor\\laravel\\framework\\src\\Illuminate\\Routing\\Router.php(751): Illuminate\\Routing\\Router->runRoute(Object(Illuminate\\Http\\Request), Object(Illuminate\\Routing\\Route))
#32 C:\\xampp\\htdocs\\vizsga_backend\\vendor\\laravel\\framework\\src\\Illuminate\\Routing\\Router.php(740): Illuminate\\Routing\\Router->dispatchToRoute(Object(Illuminate\\Http\\Request))
#33 C:\\xampp\\htdocs\\vizsga_backend\\vendor\\laravel\\framework\\src\\Illuminate\\Foundation\\Http\\Kernel.php(201): Illuminate\\Routing\\Router->dispatch(Object(Illuminate\\Http\\Request))
#34 C:\\xampp\\htdocs\\vizsga_backend\\vendor\\laravel\\framework\\src\\Illuminate\\Pipeline\\Pipeline.php(170): Illuminate\\Foundation\\Http\\Kernel->Illuminate\\Foundation\\Http\\{closure}(Object(Illuminate\\Http\\Request))
#35 C:\\xampp\\htdocs\\vizsga_backend\\vendor\\laravel\\framework\\src\\Illuminate\\Foundation\\Http\\Middleware\\TransformsRequest.php(21): Illuminate\\Pipeline\\Pipeline->Illuminate\\Pipeline\\{closure}(Object(Illuminate\\Http\\Request))
#36 C:\\xampp\\htdocs\\vizsga_backend\\vendor\\laravel\\framework\\src\\Illuminate\\Foundation\\Http\\Middleware\\ConvertEmptyStringsToNull.php(31): Illuminate\\Foundation\\Http\\Middleware\\TransformsRequest->handle(Object(Illuminate\\Http\\Request), Object(Closure))
#37 C:\\xampp\\htdocs\\vizsga_backend\\vendor\\laravel\\framework\\src\\Illuminate\\Pipeline\\Pipeline.php(209): Illuminate\\Foundation\\Http\\Middleware\\ConvertEmptyStringsToNull->handle(Object(Illuminate\\Http\\Request), Object(Closure))
#38 C:\\xampp\\htdocs\\vizsga_backend\\vendor\\laravel\\framework\\src\\Illuminate\\Foundation\\Http\\Middleware\\TransformsRequest.php(21): Illuminate\\Pipeline\\Pipeline->Illuminate\\Pipeline\\{closure}(Object(Illuminate\\Http\\Request))
#39 C:\\xampp\\htdocs\\vizsga_backend\\vendor\\laravel\\framework\\src\\Illuminate\\Foundation\\Http\\Middleware\\TrimStrings.php(51): Illuminate\\Foundation\\Http\\Middleware\\TransformsRequest->handle(Object(Illuminate\\Http\\Request), Object(Closure))
#40 C:\\xampp\\htdocs\\vizsga_backend\\vendor\\laravel\\framework\\src\\Illuminate\\Pipeline\\Pipeline.php(209): Illuminate\\Foundation\\Http\\Middleware\\TrimStrings->handle(Object(Illuminate\\Http\\Request), Object(Closure))
#41 C:\\xampp\\htdocs\\vizsga_backend\\vendor\\laravel\\framework\\src\\Illuminate\\Http\\Middleware\\ValidatePostSize.php(27): Illuminate\\Pipeline\\Pipeline->Illuminate\\Pipeline\\{closure}(Object(Illuminate\\Http\\Request))
#42 C:\\xampp\\htdocs\\vizsga_backend\\vendor\\laravel\\framework\\src\\Illuminate\\Pipeline\\Pipeline.php(209): Illuminate\\Http\\Middleware\\ValidatePostSize->handle(Object(Illuminate\\Http\\Request), Object(Closure))
#43 C:\\xampp\\htdocs\\vizsga_backend\\vendor\\laravel\\framework\\src\\Illuminate\\Foundation\\Http\\Middleware\\PreventRequestsDuringMaintenance.php(110): Illuminate\\Pipeline\\Pipeline->Illuminate\\Pipeline\\{closure}(Object(Illuminate\\Http\\Request))
#44 C:\\xampp\\htdocs\\vizsga_backend\\vendor\\laravel\\framework\\src\\Illuminate\\Pipeline\\Pipeline.php(209): Illuminate\\Foundation\\Http\\Middleware\\PreventRequestsDuringMaintenance->handle(Object(Illuminate\\Http\\Request), Object(Closure))
#45 C:\\xampp\\htdocs\\vizsga_backend\\vendor\\laravel\\framework\\src\\Illuminate\\Http\\Middleware\\HandleCors.php(62): Illuminate\\Pipeline\\Pipeline->Illuminate\\Pipeline\\{closure}(Object(Illuminate\\Http\\Request))
#46 C:\\xampp\\htdocs\\vizsga_backend\\vendor\\laravel\\framework\\src\\Illuminate\\Pipeline\\Pipeline.php(209): Illuminate\\Http\\Middleware\\HandleCors->handle(Object(Illuminate\\Http\\Request), Object(Closure))
#47 C:\\xampp\\htdocs\\vizsga_backend\\vendor\\laravel\\framework\\src\\Illuminate\\Http\\Middleware\\TrustProxies.php(58): Illuminate\\Pipeline\\Pipeline->Illuminate\\Pipeline\\{closure}(Object(Illuminate\\Http\\Request))
#48 C:\\xampp\\htdocs\\vizsga_backend\\vendor\\laravel\\framework\\src\\Illuminate\\Pipeline\\Pipeline.php(209): Illuminate\\Http\\Middleware\\TrustProxies->handle(Object(Illuminate\\Http\\Request), Object(Closure))
#49 C:\\xampp\\htdocs\\vizsga_backend\\vendor\\laravel\\framework\\src\\Illuminate\\Foundation\\Http\\Middleware\\InvokeDeferredCallbacks.php(22): Illuminate\\Pipeline\\Pipeline->Illuminate\\Pipeline\\{closure}(Object(Illuminate\\Http\\Request))
#50 C:\\xampp\\htdocs\\vizsga_backend\\vendor\\laravel\\framework\\src\\Illuminate\\Pipeline\\Pipeline.php(209): Illuminate\\Foundation\\Http\\Middleware\\InvokeDeferredCallbacks->handle(Object(Illuminate\\Http\\Request), Object(Closure))
#51 C:\\xampp\\htdocs\\vizsga_backend\\vendor\\laravel\\framework\\src\\Illuminate\\Http\\Middleware\\ValidatePathEncoding.php(26): Illuminate\\Pipeline\\Pipeline->Illuminate\\Pipeline\\{closure}(Object(Illuminate\\Http\\Request))
#52 C:\\xampp\\htdocs\\vizsga_backend\\vendor\\laravel\\framework\\src\\Illuminate\\Pipeline\\Pipeline.php(209): Illuminate\\Http\\Middleware\\ValidatePathEncoding->handle(Object(Illuminate\\Http\\Request), Object(Closure))
#53 C:\\xampp\\htdocs\\vizsga_backend\\vendor\\laravel\\framework\\src\\Illuminate\\Pipeline\\Pipeline.php(127): Illuminate\\Pipeline\\Pipeline->Illuminate\\Pipeline\\{closure}(Object(Illuminate\\Http\\Request))
#54 C:\\xampp\\htdocs\\vizsga_backend\\vendor\\laravel\\framework\\src\\Illuminate\\Foundation\\Http\\Kernel.php(176): Illuminate\\Pipeline\\Pipeline->then(Object(Closure))
#55 C:\\xampp\\htdocs\\vizsga_backend\\vendor\\laravel\\framework\\src\\Illuminate\\Foundation\\Http\\Kernel.php(145): Illuminate\\Foundation\\Http\\Kernel->sendRequestThroughRouter(Object(Illuminate\\Http\\Request))
#56 C:\\xampp\\htdocs\\vizsga_backend\\vendor\\laravel\\framework\\src\\Illuminate\\Foundation\\Application.php(1220): Illuminate\\Foundation\\Http\\Kernel->handle(Object(Illuminate\\Http\\Request))
#57 C:\\xampp\\htdocs\\vizsga_backend\\public\\index.php(20): Illuminate\\Foundation\\Application->handleRequest(Object(Illuminate\\Http\\Request))
#58 C:\\xampp\\htdocs\\vizsga_backend\\vendor\\laravel\\framework\\src\\Illuminate\\Foundation\\resources\\server.php(23): require_once('C:\\\\xampp\\\\htdocs...')
#59 {main}

[previous exception] [object] (PDOException(code: 2002): SQLSTATE[HY000] [2002] Nem hozható létre kapcsolat, mert a célszámítógép már visszautasította a kapcsolatot at C:\\xampp\\htdocs\\vizsga_backend\\vendor\\laravel\\framework\\src\\Illuminate\\Database\\Connectors\\Connector.php:66)
[stacktrace]
#0 C:\\xampp\\htdocs\\vizsga_backend\\vendor\\laravel\\framework\\src\\Illuminate\\Database\\Connectors\\Connector.php(66): PDO->__construct('mysql:host=127....', 'root', Object(SensitiveParameterValue), Array)
#1 C:\\xampp\\htdocs\\vizsga_backend\\vendor\\laravel\\framework\\src\\Illuminate\\Database\\Connectors\\Connector.php(44): Illuminate\\Database\\Connectors\\Connector->createPdoConnection('mysql:host=127....', 'root', Object(SensitiveParameterValue), Array)
#2 C:\\xampp\\htdocs\\vizsga_backend\\vendor\\laravel\\framework\\src\\Illuminate\\Database\\Connectors\\MySqlConnector.php(24): Illuminate\\Database\\Connectors\\Connector->createConnection('mysql:host=127....', Array, Array)
#3 C:\\xampp\\htdocs\\vizsga_backend\\vendor\\laravel\\framework\\src\\Illuminate\\Database\\Connectors\\ConnectionFactory.php(185): Illuminate\\Database\\Connectors\\MySqlConnector->connect(Array)
#4 [internal function]: Illuminate\\Database\\Connectors\\ConnectionFactory->Illuminate\\Database\\Connectors\\{closure}()
#5 C:\\xampp\\htdocs\\vizsga_backend\\vendor\\laravel\\framework\\src\\Illuminate\\Database\\Connection.php(1229): call_user_func(Object(Closure))
#6 C:\\xampp\\htdocs\\vizsga_backend\\vendor\\laravel\\framework\\src\\Illuminate\\Database\\Connection.php(1265): Illuminate\\Database\\Connection->getPdo()
#7 C:\\xampp\\htdocs\\vizsga_backend\\vendor\\laravel\\framework\\src\\Illuminate\\Database\\Connection.php(510): Illuminate\\Database\\Connection->getReadPdo()
#8 C:\\xampp\\htdocs\\vizsga_backend\\vendor\\laravel\\framework\\src\\Illuminate\\Database\\Connection.php(405): Illuminate\\Database\\Connection->getPdoForSelect(true)
#9 C:\\xampp\\htdocs\\vizsga_backend\\vendor\\laravel\\framework\\src\\Illuminate\\Database\\Connection.php(810): Illuminate\\Database\\Connection->Illuminate\\Database\\{closure}('select * from `...', Array)
#10 C:\\xampp\\htdocs\\vizsga_backend\\vendor\\laravel\\framework\\src\\Illuminate\\Database\\Connection.php(777): Illuminate\\Database\\Connection->runQueryCallback('select * from `...', Array, Object(Closure))
#11 C:\\xampp\\htdocs\\vizsga_backend\\vendor\\laravel\\framework\\src\\Illuminate\\Database\\Connection.php(396): Illuminate\\Database\\Connection->run('select * from `...', Array, Object(Closure))
#12 C:\\xampp\\htdocs\\vizsga_backend\\vendor\\laravel\\framework\\src\\Illuminate\\Database\\Query\\Builder.php(3105): Illuminate\\Database\\Connection->select('select * from `...', Array, true)
#13 C:\\xampp\\htdocs\\vizsga_backend\\vendor\\laravel\\framework\\src\\Illuminate\\Database\\Query\\Builder.php(3090): Illuminate\\Database\\Query\\Builder->runSelect()
#14 C:\\xampp\\htdocs\\vizsga_backend\\vendor\\laravel\\framework\\src\\Illuminate\\Database\\Query\\Builder.php(3677): Illuminate\\Database\\Query\\Builder->Illuminate\\Database\\Query\\{closure}()
#15 C:\\xampp\\htdocs\\vizsga_backend\\vendor\\laravel\\framework\\src\\Illuminate\\Database\\Query\\Builder.php(3089): Illuminate\\Database\\Query\\Builder->onceWithColumns(Array, Object(Closure))
#16 C:\\xampp\\htdocs\\vizsga_backend\\vendor\\laravel\\framework\\src\\Illuminate\\Database\\Eloquent\\Builder.php(811): Illuminate\\Database\\Query\\Builder->get(Array)
#17 C:\\xampp\\htdocs\\vizsga_backend\\vendor\\laravel\\framework\\src\\Illuminate\\Database\\Eloquent\\Builder.php(793): Illuminate\\Database\\Eloquent\\Builder->getModels(Array)
#18 C:\\xampp\\htdocs\\vizsga_backend\\vendor\\laravel\\framework\\src\\Illuminate\\Database\\Eloquent\\Model.php(694): Illuminate\\Database\\Eloquent\\Builder->get(Array)
#19 C:\\xampp\\htdocs\\vizsga_backend\\app\\Http\\Controllers\\BookController.php(12): Illuminate\\Database\\Eloquent\\Model::all()
#20 C:\\xampp\\htdocs\\vizsga_backend\\vendor\\laravel\\framework\\src\\Illuminate\\Routing\\ControllerDispatcher.php(47): App\\Http\\Controllers\\BookController->index()
#21 C:\\xampp\\htdocs\\vizsga_backend\\vendor\\laravel\\framework\\src\\Illuminate\\Routing\\Route.php(266): Illuminate\\Routing\\ControllerDispatcher->dispatch(Object(Illuminate\\Routing\\Route), Object(App\\Http\\Controllers\\BookController), 'index')
#22 C:\\xampp\\htdocs\\vizsga_backend\\vendor\\laravel\\framework\\src\\Illuminate\\Routing\\Route.php(212): Illuminate\\Routing\\Route->runController()
#23 C:\\xampp\\htdocs\\vizsga_backend\\vendor\\laravel\\framework\\src\\Illuminate\\Routing\\Router.php(809): Illuminate\\Routing\\Route->run()
#24 C:\\xampp\\htdocs\\vizsga_backend\\vendor\\laravel\\framework\\src\\Illuminate\\Pipeline\\Pipeline.php(170): Illuminate\\Routing\\Router->Illuminate\\Routing\\{closure}(Object(Illuminate\\Http\\Request))
#25 C:\\xampp\\htdocs\\vizsga_backend\\vendor\\laravel\\framework\\src\\Illuminate\\Routing\\Middleware\\SubstituteBindings.php(51): Illuminate\\Pipeline\\Pipeline->Illuminate\\Pipeline\\{closure}(Object(Illuminate\\Http\\Request))
#26 C:\\xampp\\htdocs\\vizsga_backend\\vendor\\laravel\\framework\\src\\Illuminate\\Pipeline\\Pipeline.php(209): Illuminate\\Routing\\Middleware\\SubstituteBindings->handle(Object(Illuminate\\Http\\Request), Object(Closure))
#27 C:\\xampp\\htdocs\\vizsga_backend\\vendor\\laravel\\framework\\src\\Illuminate\\Foundation\\Http\\Middleware\\VerifyCsrfToken.php(88): Illuminate\\Pipeline\\Pipeline->Illuminate\\Pipeline\\{closure}(Object(Illuminate\\Http\\Request))
#28 C:\\xampp\\htdocs\\vizsga_backend\\vendor\\laravel\\framework\\src\\Illuminate\\Pipeline\\Pipeline.php(209): Illuminate\\Foundation\\Http\\Middleware\\VerifyCsrfToken->handle(Object(Illuminate\\Http\\Request), Object(Closure))
#29 C:\\xampp\\htdocs\\vizsga_backend\\vendor\\laravel\\framework\\src\\Illuminate\\View\\Middleware\\ShareErrorsFromSession.php(49): Illuminate\\Pipeline\\Pipeline->Illuminate\\Pipeline\\{closure}(Object(Illuminate\\Http\\Request))
#30 C:\\xampp\\htdocs\\vizsga_backend\\vendor\\laravel\\framework\\src\\Illuminate\\Pipeline\\Pipeline.php(209): Illuminate\\View\\Middleware\\ShareErrorsFromSession->handle(Object(Illuminate\\Http\\Request), Object(Closure))
#31 C:\\xampp\\htdocs\\vizsga_backend\\vendor\\laravel\\framework\\src\\Illuminate\\Session\\Middleware\\StartSession.php(121): Illuminate\\Pipeline\\Pipeline->Illuminate\\Pipeline\\{closure}(Object(Illuminate\\Http\\Request))
#32 C:\\xampp\\htdocs\\vizsga_backend\\vendor\\laravel\\framework\\src\\Illuminate\\Session\\Middleware\\StartSession.php(64): Illuminate\\Session\\Middleware\\StartSession->handleStatefulRequest(Object(Illuminate\\Http\\Request), Object(Illuminate\\Session\\Store), Object(Closure))
#33 C:\\xampp\\htdocs\\vizsga_backend\\vendor\\laravel\\framework\\src\\Illuminate\\Pipeline\\Pipeline.php(209): Illuminate\\Session\\Middleware\\StartSession->handle(Object(Illuminate\\Http\\Request), Object(Closure))
#34 C:\\xampp\\htdocs\\vizsga_backend\\vendor\\laravel\\framework\\src\\Illuminate\\Cookie\\Middleware\\AddQueuedCookiesToResponse.php(37): Illuminate\\Pipeline\\Pipeline->Illuminate\\Pipeline\\{closure}(Object(Illuminate\\Http\\Request))
#35 C:\\xampp\\htdocs\\vizsga_backend\\vendor\\laravel\\framework\\src\\Illuminate\\Pipeline\\Pipeline.php(209): Illuminate\\Cookie\\Middleware\\AddQueuedCookiesToResponse->handle(Object(Illuminate\\Http\\Request), Object(Closure))
#36 C:\\xampp\\htdocs\\vizsga_backend\\vendor\\laravel\\framework\\src\\Illuminate\\Cookie\\Middleware\\EncryptCookies.php(75): Illuminate\\Pipeline\\Pipeline->Illuminate\\Pipeline\\{closure}(Object(Illuminate\\Http\\Request))
#37 C:\\xampp\\htdocs\\vizsga_backend\\vendor\\laravel\\framework\\src\\Illuminate\\Pipeline\\Pipeline.php(209): Illuminate\\Cookie\\Middleware\\EncryptCookies->handle(Object(Illuminate\\Http\\Request), Object(Closure))
#38 C:\\xampp\\htdocs\\vizsga_backend\\vendor\\laravel\\framework\\src\\Illuminate\\Pipeline\\Pipeline.php(127): Illuminate\\Pipeline\\Pipeline->Illuminate\\Pipeline\\{closure}(Object(Illuminate\\Http\\Request))
#39 C:\\xampp\\htdocs\\vizsga_backend\\vendor\\laravel\\framework\\src\\Illuminate\\Routing\\Router.php(808): Illuminate\\Pipeline\\Pipeline->then(Object(Closure))
#40 C:\\xampp\\htdocs\\vizsga_backend\\vendor\\laravel\\framework\\src\\Illuminate\\Routing\\Router.php(787): Illuminate\\Routing\\Router->runRouteWithinStack(Object(Illuminate\\Routing\\Route), Object(Illuminate\\Http\\Request))
#41 C:\\xampp\\htdocs\\vizsga_backend\\vendor\\laravel\\framework\\src\\Illuminate\\Routing\\Router.php(751): Illuminate\\Routing\\Router->runRoute(Object(Illuminate\\Http\\Request), Object(Illuminate\\Routing\\Route))
#42 C:\\xampp\\htdocs\\vizsga_backend\\vendor\\laravel\\framework\\src\\Illuminate\\Routing\\Router.php(740): Illuminate\\Routing\\Router->dispatchToRoute(Object(Illuminate\\Http\\Request))
#43 C:\\xampp\\htdocs\\vizsga_backend\\vendor\\laravel\\framework\\src\\Illuminate\\Foundation\\Http\\Kernel.php(201): Illuminate\\Routing\\Router->dispatch(Object(Illuminate\\Http\\Request))
#44 C:\\xampp\\htdocs\\vizsga_backend\\vendor\\laravel\\framework\\src\\Illuminate\\Pipeline\\Pipeline.php(170): Illuminate\\Foundation\\Http\\Kernel->Illuminate\\Foundation\\Http\\{closure}(Object(Illuminate\\Http\\Request))
#45 C:\\xampp\\htdocs\\vizsga_backend\\vendor\\laravel\\framework\\src\\Illuminate\\Foundation\\Http\\Middleware\\TransformsRequest.php(21): Illuminate\\Pipeline\\Pipeline->Illuminate\\Pipeline\\{closure}(Object(Illuminate\\Http\\Request))
#46 C:\\xampp\\htdocs\\vizsga_backend\\vendor\\laravel\\framework\\src\\Illuminate\\Foundation\\Http\\Middleware\\ConvertEmptyStringsToNull.php(31): Illuminate\\Foundation\\Http\\Middleware\\TransformsRequest->handle(Object(Illuminate\\Http\\Request), Object(Closure))
#47 C:\\xampp\\htdocs\\vizsga_backend\\vendor\\laravel\\framework\\src\\Illuminate\\Pipeline\\Pipeline.php(209): Illuminate\\Foundation\\Http\\Middleware\\ConvertEmptyStringsToNull->handle(Object(Illuminate\\Http\\Request), Object(Closure))
#48 C:\\xampp\\htdocs\\vizsga_backend\\vendor\\laravel\\framework\\src\\Illuminate\\Foundation\\Http\\Middleware\\TransformsRequest.php(21): Illuminate\\Pipeline\\Pipeline->Illuminate\\Pipeline\\{closure}(Object(Illuminate\\Http\\Request))
#49 C:\\xampp\\htdocs\\vizsga_backend\\vendor\\laravel\\framework\\src\\Illuminate\\Foundation\\Http\\Middleware\\TrimStrings.php(51): Illuminate\\Foundation\\Http\\Middleware\\TransformsRequest->handle(Object(Illuminate\\Http\\Request), Object(Closure))
#50 C:\\xampp\\htdocs\\vizsga_backend\\vendor\\laravel\\framework\\src\\Illuminate\\Pipeline\\Pipeline.php(209): Illuminate\\Foundation\\Http\\Middleware\\TrimStrings->handle(Object(Illuminate\\Http\\Request), Object(Closure))
#51 C:\\xampp\\htdocs\\vizsga_backend\\vendor\\laravel\\framework\\src\\Illuminate\\Http\\Middleware\\ValidatePostSize.php(27): Illuminate\\Pipeline\\Pipeline->Illuminate\\Pipeline\\{closure}(Object(Illuminate\\Http\\Request))
#52 C:\\xampp\\htdocs\\vizsga_backend\\vendor\\laravel\\framework\\src\\Illuminate\\Pipeline\\Pipeline.php(209): Illuminate\\Http\\Middleware\\ValidatePostSize->handle(Object(Illuminate\\Http\\Request), Object(Closure))
#53 C:\\xampp\\htdocs\\vizsga_backend\\vendor\\laravel\\framework\\src\\Illuminate\\Foundation\\Http\\Middleware\\PreventRequestsDuringMaintenance.php(110): Illuminate\\Pipeline\\Pipeline->Illuminate\\Pipeline\\{closure}(Object(Illuminate\\Http\\Request))
#54 C:\\xampp\\htdocs\\vizsga_backend\\vendor\\laravel\\framework\\src\\Illuminate\\Pipeline\\Pipeline.php(209): Illuminate\\Foundation\\Http\\Middleware\\PreventRequestsDuringMaintenance->handle(Object(Illuminate\\Http\\Request), Object(Closure))
#55 C:\\xampp\\htdocs\\vizsga_backend\\vendor\\laravel\\framework\\src\\Illuminate\\Http\\Middleware\\HandleCors.php(62): Illuminate\\Pipeline\\Pipeline->Illuminate\\Pipeline\\{closure}(Object(Illuminate\\Http\\Request))
#56 C:\\xampp\\htdocs\\vizsga_backend\\vendor\\laravel\\framework\\src\\Illuminate\\Pipeline\\Pipeline.php(209): Illuminate\\Http\\Middleware\\HandleCors->handle(Object(Illuminate\\Http\\Request), Object(Closure))
#57 C:\\xampp\\htdocs\\vizsga_backend\\vendor\\laravel\\framework\\src\\Illuminate\\Http\\Middleware\\TrustProxies.php(58): Illuminate\\Pipeline\\Pipeline->Illuminate\\Pipeline\\{closure}(Object(Illuminate\\Http\\Request))
#58 C:\\xampp\\htdocs\\vizsga_backend\\vendor\\laravel\\framework\\src\\Illuminate\\Pipeline\\Pipeline.php(209): Illuminate\\Http\\Middleware\\TrustProxies->handle(Object(Illuminate\\Http\\Request), Object(Closure))
#59 C:\\xampp\\htdocs\\vizsga_backend\\vendor\\laravel\\framework\\src\\Illuminate\\Foundation\\Http\\Middleware\\InvokeDeferredCallbacks.php(22): Illuminate\\Pipeline\\Pipeline->Illuminate\\Pipeline\\{closure}(Object(Illuminate\\Http\\Request))
#60 C:\\xampp\\htdocs\\vizsga_backend\\vendor\\laravel\\framework\\src\\Illuminate\\Pipeline\\Pipeline.php(209): Illuminate\\Foundation\\Http\\Middleware\\InvokeDeferredCallbacks->handle(Object(Illuminate\\Http\\Request), Object(Closure))
#61 C:\\xampp\\htdocs\\vizsga_backend\\vendor\\laravel\\framework\\src\\Illuminate\\Http\\Middleware\\ValidatePathEncoding.php(26): Illuminate\\Pipeline\\Pipeline->Illuminate\\Pipeline\\{closure}(Object(Illuminate\\Http\\Request))
#62 C:\\xampp\\htdocs\\vizsga_backend\\vendor\\laravel\\framework\\src\\Illuminate\\Pipeline\\Pipeline.php(209): Illuminate\\Http\\Middleware\\ValidatePathEncoding->handle(Object(Illuminate\\Http\\Request), Object(Closure))
#63 C:\\xampp\\htdocs\\vizsga_backend\\vendor\\laravel\\framework\\src\\Illuminate\\Pipeline\\Pipeline.php(127): Illuminate\\Pipeline\\Pipeline->Illuminate\\Pipeline\\{closure}(Object(Illuminate\\Http\\Request))
#64 C:\\xampp\\htdocs\\vizsga_backend\\vendor\\laravel\\framework\\src\\Illuminate\\Foundation\\Http\\Kernel.php(176): Illuminate\\Pipeline\\Pipeline->then(Object(Closure))
#65 C:\\xampp\\htdocs\\vizsga_backend\\vendor\\laravel\\framework\\src\\Illuminate\\Foundation\\Http\\Kernel.php(145): Illuminate\\Foundation\\Http\\Kernel->sendRequestThroughRouter(Object(Illuminate\\Http\\Request))
#66 C:\\xampp\\htdocs\\vizsga_backend\\vendor\\laravel\\framework\\src\\Illuminate\\Foundation\\Application.php(1220): Illuminate\\Foundation\\Http\\Kernel->handle(Object(Illuminate\\Http\\Request))
#67 C:\\xampp\\htdocs\\vizsga_backend\\public\\index.php(20): Illuminate\\Foundation\\Application->handleRequest(Object(Illuminate\\Http\\Request))
#68 C:\\xampp\\htdocs\\vizsga_backend\\vendor\\laravel\\framework\\src\\Illuminate\\Foundation\\resources\\server.php(23): require_once('C:\\\\xampp\\\\htdocs...')
#69 {main}
"} 
[2025-03-26 18:13:48] local.ERROR: SQLSTATE[HY000] [2002] Nem hozható létre kapcsolat, mert a célszámítógép már visszautasította a kapcsolatot (Connection: mysql, SQL: select * from `books`) {"exception":"[object] (Illuminate\\Database\\QueryException(code: 2002): SQLSTATE[HY000] [2002] Nem hozható létre kapcsolat, mert a célszámítógép már visszautasította a kapcsolatot (Connection: mysql, SQL: select * from `books`) at C:\\xampp\\htdocs\\vizsga_backend\\vendor\\laravel\\framework\\src\\Illuminate\\Database\\Connection.php:823)
[stacktrace]
#0 C:\\xampp\\htdocs\\vizsga_backend\\vendor\\laravel\\framework\\src\\Illuminate\\Database\\Connection.php(777): Illuminate\\Database\\Connection->runQueryCallback('select * from `...', Array, Object(Closure))
#1 C:\\xampp\\htdocs\\vizsga_backend\\vendor\\laravel\\framework\\src\\Illuminate\\Database\\Connection.php(396): Illuminate\\Database\\Connection->run('select * from `...', Array, Object(Closure))
#2 C:\\xampp\\htdocs\\vizsga_backend\\vendor\\laravel\\framework\\src\\Illuminate\\Database\\Query\\Builder.php(3105): Illuminate\\Database\\Connection->select('select * from `...', Array, true)
#3 C:\\xampp\\htdocs\\vizsga_backend\\vendor\\laravel\\framework\\src\\Illuminate\\Database\\Query\\Builder.php(3090): Illuminate\\Database\\Query\\Builder->runSelect()
#4 C:\\xampp\\htdocs\\vizsga_backend\\vendor\\laravel\\framework\\src\\Illuminate\\Database\\Query\\Builder.php(3677): Illuminate\\Database\\Query\\Builder->Illuminate\\Database\\Query\\{closure}()
#5 C:\\xampp\\htdocs\\vizsga_backend\\vendor\\laravel\\framework\\src\\Illuminate\\Database\\Query\\Builder.php(3089): Illuminate\\Database\\Query\\Builder->onceWithColumns(Array, Object(Closure))
#6 C:\\xampp\\htdocs\\vizsga_backend\\vendor\\laravel\\framework\\src\\Illuminate\\Database\\Eloquent\\Builder.php(811): Illuminate\\Database\\Query\\Builder->get(Array)
#7 C:\\xampp\\htdocs\\vizsga_backend\\vendor\\laravel\\framework\\src\\Illuminate\\Database\\Eloquent\\Builder.php(793): Illuminate\\Database\\Eloquent\\Builder->getModels(Array)
#8 C:\\xampp\\htdocs\\vizsga_backend\\vendor\\laravel\\framework\\src\\Illuminate\\Database\\Eloquent\\Model.php(694): Illuminate\\Database\\Eloquent\\Builder->get(Array)
#9 C:\\xampp\\htdocs\\vizsga_backend\\app\\Http\\Controllers\\BookController.php(12): Illuminate\\Database\\Eloquent\\Model::all()
#10 C:\\xampp\\htdocs\\vizsga_backend\\vendor\\laravel\\framework\\src\\Illuminate\\Routing\\ControllerDispatcher.php(47): App\\Http\\Controllers\\BookController->index()
#11 C:\\xampp\\htdocs\\vizsga_backend\\vendor\\laravel\\framework\\src\\Illuminate\\Routing\\Route.php(266): Illuminate\\Routing\\ControllerDispatcher->dispatch(Object(Illuminate\\Routing\\Route), Object(App\\Http\\Controllers\\BookController), 'index')
#12 C:\\xampp\\htdocs\\vizsga_backend\\vendor\\laravel\\framework\\src\\Illuminate\\Routing\\Route.php(212): Illuminate\\Routing\\Route->runController()
#13 C:\\xampp\\htdocs\\vizsga_backend\\vendor\\laravel\\framework\\src\\Illuminate\\Routing\\Router.php(809): Illuminate\\Routing\\Route->run()
#14 C:\\xampp\\htdocs\\vizsga_backend\\vendor\\laravel\\framework\\src\\Illuminate\\Pipeline\\Pipeline.php(170): Illuminate\\Routing\\Router->Illuminate\\Routing\\{closure}(Object(Illuminate\\Http\\Request))
#15 C:\\xampp\\htdocs\\vizsga_backend\\vendor\\laravel\\framework\\src\\Illuminate\\Routing\\Middleware\\SubstituteBindings.php(51): Illuminate\\Pipeline\\Pipeline->Illuminate\\Pipeline\\{closure}(Object(Illuminate\\Http\\Request))
#16 C:\\xampp\\htdocs\\vizsga_backend\\vendor\\laravel\\framework\\src\\Illuminate\\Pipeline\\Pipeline.php(209): Illuminate\\Routing\\Middleware\\SubstituteBindings->handle(Object(Illuminate\\Http\\Request), Object(Closure))
#17 C:\\xampp\\htdocs\\vizsga_backend\\vendor\\laravel\\framework\\src\\Illuminate\\Foundation\\Http\\Middleware\\VerifyCsrfToken.php(88): Illuminate\\Pipeline\\Pipeline->Illuminate\\Pipeline\\{closure}(Object(Illuminate\\Http\\Request))
#18 C:\\xampp\\htdocs\\vizsga_backend\\vendor\\laravel\\framework\\src\\Illuminate\\Pipeline\\Pipeline.php(209): Illuminate\\Foundation\\Http\\Middleware\\VerifyCsrfToken->handle(Object(Illuminate\\Http\\Request), Object(Closure))
#19 C:\\xampp\\htdocs\\vizsga_backend\\vendor\\laravel\\framework\\src\\Illuminate\\View\\Middleware\\ShareErrorsFromSession.php(49): Illuminate\\Pipeline\\Pipeline->Illuminate\\Pipeline\\{closure}(Object(Illuminate\\Http\\Request))
#20 C:\\xampp\\htdocs\\vizsga_backend\\vendor\\laravel\\framework\\src\\Illuminate\\Pipeline\\Pipeline.php(209): Illuminate\\View\\Middleware\\ShareErrorsFromSession->handle(Object(Illuminate\\Http\\Request), Object(Closure))
#21 C:\\xampp\\htdocs\\vizsga_backend\\vendor\\laravel\\framework\\src\\Illuminate\\Session\\Middleware\\StartSession.php(121): Illuminate\\Pipeline\\Pipeline->Illuminate\\Pipeline\\{closure}(Object(Illuminate\\Http\\Request))
#22 C:\\xampp\\htdocs\\vizsga_backend\\vendor\\laravel\\framework\\src\\Illuminate\\Session\\Middleware\\StartSession.php(64): Illuminate\\Session\\Middleware\\StartSession->handleStatefulRequest(Object(Illuminate\\Http\\Request), Object(Illuminate\\Session\\Store), Object(Closure))
#23 C:\\xampp\\htdocs\\vizsga_backend\\vendor\\laravel\\framework\\src\\Illuminate\\Pipeline\\Pipeline.php(209): Illuminate\\Session\\Middleware\\StartSession->handle(Object(Illuminate\\Http\\Request), Object(Closure))
#24 C:\\xampp\\htdocs\\vizsga_backend\\vendor\\laravel\\framework\\src\\Illuminate\\Cookie\\Middleware\\AddQueuedCookiesToResponse.php(37): Illuminate\\Pipeline\\Pipeline->Illuminate\\Pipeline\\{closure}(Object(Illuminate\\Http\\Request))
#25 C:\\xampp\\htdocs\\vizsga_backend\\vendor\\laravel\\framework\\src\\Illuminate\\Pipeline\\Pipeline.php(209): Illuminate\\Cookie\\Middleware\\AddQueuedCookiesToResponse->handle(Object(Illuminate\\Http\\Request), Object(Closure))
#26 C:\\xampp\\htdocs\\vizsga_backend\\vendor\\laravel\\framework\\src\\Illuminate\\Cookie\\Middleware\\EncryptCookies.php(75): Illuminate\\Pipeline\\Pipeline->Illuminate\\Pipeline\\{closure}(Object(Illuminate\\Http\\Request))
#27 C:\\xampp\\htdocs\\vizsga_backend\\vendor\\laravel\\framework\\src\\Illuminate\\Pipeline\\Pipeline.php(209): Illuminate\\Cookie\\Middleware\\EncryptCookies->handle(Object(Illuminate\\Http\\Request), Object(Closure))
#28 C:\\xampp\\htdocs\\vizsga_backend\\vendor\\laravel\\framework\\src\\Illuminate\\Pipeline\\Pipeline.php(127): Illuminate\\Pipeline\\Pipeline->Illuminate\\Pipeline\\{closure}(Object(Illuminate\\Http\\Request))
#29 C:\\xampp\\htdocs\\vizsga_backend\\vendor\\laravel\\framework\\src\\Illuminate\\Routing\\Router.php(808): Illuminate\\Pipeline\\Pipeline->then(Object(Closure))
#30 C:\\xampp\\htdocs\\vizsga_backend\\vendor\\laravel\\framework\\src\\Illuminate\\Routing\\Router.php(787): Illuminate\\Routing\\Router->runRouteWithinStack(Object(Illuminate\\Routing\\Route), Object(Illuminate\\Http\\Request))
#31 C:\\xampp\\htdocs\\vizsga_backend\\vendor\\laravel\\framework\\src\\Illuminate\\Routing\\Router.php(751): Illuminate\\Routing\\Router->runRoute(Object(Illuminate\\Http\\Request), Object(Illuminate\\Routing\\Route))
#32 C:\\xampp\\htdocs\\vizsga_backend\\vendor\\laravel\\framework\\src\\Illuminate\\Routing\\Router.php(740): Illuminate\\Routing\\Router->dispatchToRoute(Object(Illuminate\\Http\\Request))
#33 C:\\xampp\\htdocs\\vizsga_backend\\vendor\\laravel\\framework\\src\\Illuminate\\Foundation\\Http\\Kernel.php(201): Illuminate\\Routing\\Router->dispatch(Object(Illuminate\\Http\\Request))
#34 C:\\xampp\\htdocs\\vizsga_backend\\vendor\\laravel\\framework\\src\\Illuminate\\Pipeline\\Pipeline.php(170): Illuminate\\Foundation\\Http\\Kernel->Illuminate\\Foundation\\Http\\{closure}(Object(Illuminate\\Http\\Request))
#35 C:\\xampp\\htdocs\\vizsga_backend\\vendor\\laravel\\framework\\src\\Illuminate\\Foundation\\Http\\Middleware\\TransformsRequest.php(21): Illuminate\\Pipeline\\Pipeline->Illuminate\\Pipeline\\{closure}(Object(Illuminate\\Http\\Request))
#36 C:\\xampp\\htdocs\\vizsga_backend\\vendor\\laravel\\framework\\src\\Illuminate\\Foundation\\Http\\Middleware\\ConvertEmptyStringsToNull.php(31): Illuminate\\Foundation\\Http\\Middleware\\TransformsRequest->handle(Object(Illuminate\\Http\\Request), Object(Closure))
#37 C:\\xampp\\htdocs\\vizsga_backend\\vendor\\laravel\\framework\\src\\Illuminate\\Pipeline\\Pipeline.php(209): Illuminate\\Foundation\\Http\\Middleware\\ConvertEmptyStringsToNull->handle(Object(Illuminate\\Http\\Request), Object(Closure))
#38 C:\\xampp\\htdocs\\vizsga_backend\\vendor\\laravel\\framework\\src\\Illuminate\\Foundation\\Http\\Middleware\\TransformsRequest.php(21): Illuminate\\Pipeline\\Pipeline->Illuminate\\Pipeline\\{closure}(Object(Illuminate\\Http\\Request))
#39 C:\\xampp\\htdocs\\vizsga_backend\\vendor\\laravel\\framework\\src\\Illuminate\\Foundation\\Http\\Middleware\\TrimStrings.php(51): Illuminate\\Foundation\\Http\\Middleware\\TransformsRequest->handle(Object(Illuminate\\Http\\Request), Object(Closure))
#40 C:\\xampp\\htdocs\\vizsga_backend\\vendor\\laravel\\framework\\src\\Illuminate\\Pipeline\\Pipeline.php(209): Illuminate\\Foundation\\Http\\Middleware\\TrimStrings->handle(Object(Illuminate\\Http\\Request), Object(Closure))
#41 C:\\xampp\\htdocs\\vizsga_backend\\vendor\\laravel\\framework\\src\\Illuminate\\Http\\Middleware\\ValidatePostSize.php(27): Illuminate\\Pipeline\\Pipeline->Illuminate\\Pipeline\\{closure}(Object(Illuminate\\Http\\Request))
#42 C:\\xampp\\htdocs\\vizsga_backend\\vendor\\laravel\\framework\\src\\Illuminate\\Pipeline\\Pipeline.php(209): Illuminate\\Http\\Middleware\\ValidatePostSize->handle(Object(Illuminate\\Http\\Request), Object(Closure))
#43 C:\\xampp\\htdocs\\vizsga_backend\\vendor\\laravel\\framework\\src\\Illuminate\\Foundation\\Http\\Middleware\\PreventRequestsDuringMaintenance.php(110): Illuminate\\Pipeline\\Pipeline->Illuminate\\Pipeline\\{closure}(Object(Illuminate\\Http\\Request))
#44 C:\\xampp\\htdocs\\vizsga_backend\\vendor\\laravel\\framework\\src\\Illuminate\\Pipeline\\Pipeline.php(209): Illuminate\\Foundation\\Http\\Middleware\\PreventRequestsDuringMaintenance->handle(Object(Illuminate\\Http\\Request), Object(Closure))
#45 C:\\xampp\\htdocs\\vizsga_backend\\vendor\\laravel\\framework\\src\\Illuminate\\Http\\Middleware\\HandleCors.php(62): Illuminate\\Pipeline\\Pipeline->Illuminate\\Pipeline\\{closure}(Object(Illuminate\\Http\\Request))
#46 C:\\xampp\\htdocs\\vizsga_backend\\vendor\\laravel\\framework\\src\\Illuminate\\Pipeline\\Pipeline.php(209): Illuminate\\Http\\Middleware\\HandleCors->handle(Object(Illuminate\\Http\\Request), Object(Closure))
#47 C:\\xampp\\htdocs\\vizsga_backend\\vendor\\laravel\\framework\\src\\Illuminate\\Http\\Middleware\\TrustProxies.php(58): Illuminate\\Pipeline\\Pipeline->Illuminate\\Pipeline\\{closure}(Object(Illuminate\\Http\\Request))
#48 C:\\xampp\\htdocs\\vizsga_backend\\vendor\\laravel\\framework\\src\\Illuminate\\Pipeline\\Pipeline.php(209): Illuminate\\Http\\Middleware\\TrustProxies->handle(Object(Illuminate\\Http\\Request), Object(Closure))
#49 C:\\xampp\\htdocs\\vizsga_backend\\vendor\\laravel\\framework\\src\\Illuminate\\Foundation\\Http\\Middleware\\InvokeDeferredCallbacks.php(22): Illuminate\\Pipeline\\Pipeline->Illuminate\\Pipeline\\{closure}(Object(Illuminate\\Http\\Request))
#50 C:\\xampp\\htdocs\\vizsga_backend\\vendor\\laravel\\framework\\src\\Illuminate\\Pipeline\\Pipeline.php(209): Illuminate\\Foundation\\Http\\Middleware\\InvokeDeferredCallbacks->handle(Object(Illuminate\\Http\\Request), Object(Closure))
#51 C:\\xampp\\htdocs\\vizsga_backend\\vendor\\laravel\\framework\\src\\Illuminate\\Http\\Middleware\\ValidatePathEncoding.php(26): Illuminate\\Pipeline\\Pipeline->Illuminate\\Pipeline\\{closure}(Object(Illuminate\\Http\\Request))
#52 C:\\xampp\\htdocs\\vizsga_backend\\vendor\\laravel\\framework\\src\\Illuminate\\Pipeline\\Pipeline.php(209): Illuminate\\Http\\Middleware\\ValidatePathEncoding->handle(Object(Illuminate\\Http\\Request), Object(Closure))
#53 C:\\xampp\\htdocs\\vizsga_backend\\vendor\\laravel\\framework\\src\\Illuminate\\Pipeline\\Pipeline.php(127): Illuminate\\Pipeline\\Pipeline->Illuminate\\Pipeline\\{closure}(Object(Illuminate\\Http\\Request))
#54 C:\\xampp\\htdocs\\vizsga_backend\\vendor\\laravel\\framework\\src\\Illuminate\\Foundation\\Http\\Kernel.php(176): Illuminate\\Pipeline\\Pipeline->then(Object(Closure))
#55 C:\\xampp\\htdocs\\vizsga_backend\\vendor\\laravel\\framework\\src\\Illuminate\\Foundation\\Http\\Kernel.php(145): Illuminate\\Foundation\\Http\\Kernel->sendRequestThroughRouter(Object(Illuminate\\Http\\Request))
#56 C:\\xampp\\htdocs\\vizsga_backend\\vendor\\laravel\\framework\\src\\Illuminate\\Foundation\\Application.php(1220): Illuminate\\Foundation\\Http\\Kernel->handle(Object(Illuminate\\Http\\Request))
#57 C:\\xampp\\htdocs\\vizsga_backend\\public\\index.php(20): Illuminate\\Foundation\\Application->handleRequest(Object(Illuminate\\Http\\Request))
#58 C:\\xampp\\htdocs\\vizsga_backend\\vendor\\laravel\\framework\\src\\Illuminate\\Foundation\\resources\\server.php(23): require_once('C:\\\\xampp\\\\htdocs...')
#59 {main}

[previous exception] [object] (PDOException(code: 2002): SQLSTATE[HY000] [2002] Nem hozható létre kapcsolat, mert a célszámítógép már visszautasította a kapcsolatot at C:\\xampp\\htdocs\\vizsga_backend\\vendor\\laravel\\framework\\src\\Illuminate\\Database\\Connectors\\Connector.php:66)
[stacktrace]
#0 C:\\xampp\\htdocs\\vizsga_backend\\vendor\\laravel\\framework\\src\\Illuminate\\Database\\Connectors\\Connector.php(66): PDO->__construct('mysql:host=127....', 'root', Object(SensitiveParameterValue), Array)
#1 C:\\xampp\\htdocs\\vizsga_backend\\vendor\\laravel\\framework\\src\\Illuminate\\Database\\Connectors\\Connector.php(44): Illuminate\\Database\\Connectors\\Connector->createPdoConnection('mysql:host=127....', 'root', Object(SensitiveParameterValue), Array)
#2 C:\\xampp\\htdocs\\vizsga_backend\\vendor\\laravel\\framework\\src\\Illuminate\\Database\\Connectors\\MySqlConnector.php(24): Illuminate\\Database\\Connectors\\Connector->createConnection('mysql:host=127....', Array, Array)
#3 C:\\xampp\\htdocs\\vizsga_backend\\vendor\\laravel\\framework\\src\\Illuminate\\Database\\Connectors\\ConnectionFactory.php(185): Illuminate\\Database\\Connectors\\MySqlConnector->connect(Array)
#4 [internal function]: Illuminate\\Database\\Connectors\\ConnectionFactory->Illuminate\\Database\\Connectors\\{closure}()
#5 C:\\xampp\\htdocs\\vizsga_backend\\vendor\\laravel\\framework\\src\\Illuminate\\Database\\Connection.php(1229): call_user_func(Object(Closure))
#6 C:\\xampp\\htdocs\\vizsga_backend\\vendor\\laravel\\framework\\src\\Illuminate\\Database\\Connection.php(1265): Illuminate\\Database\\Connection->getPdo()
#7 C:\\xampp\\htdocs\\vizsga_backend\\vendor\\laravel\\framework\\src\\Illuminate\\Database\\Connection.php(510): Illuminate\\Database\\Connection->getReadPdo()
#8 C:\\xampp\\htdocs\\vizsga_backend\\vendor\\laravel\\framework\\src\\Illuminate\\Database\\Connection.php(405): Illuminate\\Database\\Connection->getPdoForSelect(true)
#9 C:\\xampp\\htdocs\\vizsga_backend\\vendor\\laravel\\framework\\src\\Illuminate\\Database\\Connection.php(810): Illuminate\\Database\\Connection->Illuminate\\Database\\{closure}('select * from `...', Array)
#10 C:\\xampp\\htdocs\\vizsga_backend\\vendor\\laravel\\framework\\src\\Illuminate\\Database\\Connection.php(777): Illuminate\\Database\\Connection->runQueryCallback('select * from `...', Array, Object(Closure))
#11 C:\\xampp\\htdocs\\vizsga_backend\\vendor\\laravel\\framework\\src\\Illuminate\\Database\\Connection.php(396): Illuminate\\Database\\Connection->run('select * from `...', Array, Object(Closure))
#12 C:\\xampp\\htdocs\\vizsga_backend\\vendor\\laravel\\framework\\src\\Illuminate\\Database\\Query\\Builder.php(3105): Illuminate\\Database\\Connection->select('select * from `...', Array, true)
#13 C:\\xampp\\htdocs\\vizsga_backend\\vendor\\laravel\\framework\\src\\Illuminate\\Database\\Query\\Builder.php(3090): Illuminate\\Database\\Query\\Builder->runSelect()
#14 C:\\xampp\\htdocs\\vizsga_backend\\vendor\\laravel\\framework\\src\\Illuminate\\Database\\Query\\Builder.php(3677): Illuminate\\Database\\Query\\Builder->Illuminate\\Database\\Query\\{closure}()
#15 C:\\xampp\\htdocs\\vizsga_backend\\vendor\\laravel\\framework\\src\\Illuminate\\Database\\Query\\Builder.php(3089): Illuminate\\Database\\Query\\Builder->onceWithColumns(Array, Object(Closure))
#16 C:\\xampp\\htdocs\\vizsga_backend\\vendor\\laravel\\framework\\src\\Illuminate\\Database\\Eloquent\\Builder.php(811): Illuminate\\Database\\Query\\Builder->get(Array)
#17 C:\\xampp\\htdocs\\vizsga_backend\\vendor\\laravel\\framework\\src\\Illuminate\\Database\\Eloquent\\Builder.php(793): Illuminate\\Database\\Eloquent\\Builder->getModels(Array)
#18 C:\\xampp\\htdocs\\vizsga_backend\\vendor\\laravel\\framework\\src\\Illuminate\\Database\\Eloquent\\Model.php(694): Illuminate\\Database\\Eloquent\\Builder->get(Array)
#19 C:\\xampp\\htdocs\\vizsga_backend\\app\\Http\\Controllers\\BookController.php(12): Illuminate\\Database\\Eloquent\\Model::all()
#20 C:\\xampp\\htdocs\\vizsga_backend\\vendor\\laravel\\framework\\src\\Illuminate\\Routing\\ControllerDispatcher.php(47): App\\Http\\Controllers\\BookController->index()
#21 C:\\xampp\\htdocs\\vizsga_backend\\vendor\\laravel\\framework\\src\\Illuminate\\Routing\\Route.php(266): Illuminate\\Routing\\ControllerDispatcher->dispatch(Object(Illuminate\\Routing\\Route), Object(App\\Http\\Controllers\\BookController), 'index')
#22 C:\\xampp\\htdocs\\vizsga_backend\\vendor\\laravel\\framework\\src\\Illuminate\\Routing\\Route.php(212): Illuminate\\Routing\\Route->runController()
#23 C:\\xampp\\htdocs\\vizsga_backend\\vendor\\laravel\\framework\\src\\Illuminate\\Routing\\Router.php(809): Illuminate\\Routing\\Route->run()
#24 C:\\xampp\\htdocs\\vizsga_backend\\vendor\\laravel\\framework\\src\\Illuminate\\Pipeline\\Pipeline.php(170): Illuminate\\Routing\\Router->Illuminate\\Routing\\{closure}(Object(Illuminate\\Http\\Request))
#25 C:\\xampp\\htdocs\\vizsga_backend\\vendor\\laravel\\framework\\src\\Illuminate\\Routing\\Middleware\\SubstituteBindings.php(51): Illuminate\\Pipeline\\Pipeline->Illuminate\\Pipeline\\{closure}(Object(Illuminate\\Http\\Request))
#26 C:\\xampp\\htdocs\\vizsga_backend\\vendor\\laravel\\framework\\src\\Illuminate\\Pipeline\\Pipeline.php(209): Illuminate\\Routing\\Middleware\\SubstituteBindings->handle(Object(Illuminate\\Http\\Request), Object(Closure))
#27 C:\\xampp\\htdocs\\vizsga_backend\\vendor\\laravel\\framework\\src\\Illuminate\\Foundation\\Http\\Middleware\\VerifyCsrfToken.php(88): Illuminate\\Pipeline\\Pipeline->Illuminate\\Pipeline\\{closure}(Object(Illuminate\\Http\\Request))
#28 C:\\xampp\\htdocs\\vizsga_backend\\vendor\\laravel\\framework\\src\\Illuminate\\Pipeline\\Pipeline.php(209): Illuminate\\Foundation\\Http\\Middleware\\VerifyCsrfToken->handle(Object(Illuminate\\Http\\Request), Object(Closure))
#29 C:\\xampp\\htdocs\\vizsga_backend\\vendor\\laravel\\framework\\src\\Illuminate\\View\\Middleware\\ShareErrorsFromSession.php(49): Illuminate\\Pipeline\\Pipeline->Illuminate\\Pipeline\\{closure}(Object(Illuminate\\Http\\Request))
#30 C:\\xampp\\htdocs\\vizsga_backend\\vendor\\laravel\\framework\\src\\Illuminate\\Pipeline\\Pipeline.php(209): Illuminate\\View\\Middleware\\ShareErrorsFromSession->handle(Object(Illuminate\\Http\\Request), Object(Closure))
#31 C:\\xampp\\htdocs\\vizsga_backend\\vendor\\laravel\\framework\\src\\Illuminate\\Session\\Middleware\\StartSession.php(121): Illuminate\\Pipeline\\Pipeline->Illuminate\\Pipeline\\{closure}(Object(Illuminate\\Http\\Request))
#32 C:\\xampp\\htdocs\\vizsga_backend\\vendor\\laravel\\framework\\src\\Illuminate\\Session\\Middleware\\StartSession.php(64): Illuminate\\Session\\Middleware\\StartSession->handleStatefulRequest(Object(Illuminate\\Http\\Request), Object(Illuminate\\Session\\Store), Object(Closure))
#33 C:\\xampp\\htdocs\\vizsga_backend\\vendor\\laravel\\framework\\src\\Illuminate\\Pipeline\\Pipeline.php(209): Illuminate\\Session\\Middleware\\StartSession->handle(Object(Illuminate\\Http\\Request), Object(Closure))
#34 C:\\xampp\\htdocs\\vizsga_backend\\vendor\\laravel\\framework\\src\\Illuminate\\Cookie\\Middleware\\AddQueuedCookiesToResponse.php(37): Illuminate\\Pipeline\\Pipeline->Illuminate\\Pipeline\\{closure}(Object(Illuminate\\Http\\Request))
#35 C:\\xampp\\htdocs\\vizsga_backend\\vendor\\laravel\\framework\\src\\Illuminate\\Pipeline\\Pipeline.php(209): Illuminate\\Cookie\\Middleware\\AddQueuedCookiesToResponse->handle(Object(Illuminate\\Http\\Request), Object(Closure))
#36 C:\\xampp\\htdocs\\vizsga_backend\\vendor\\laravel\\framework\\src\\Illuminate\\Cookie\\Middleware\\EncryptCookies.php(75): Illuminate\\Pipeline\\Pipeline->Illuminate\\Pipeline\\{closure}(Object(Illuminate\\Http\\Request))
#37 C:\\xampp\\htdocs\\vizsga_backend\\vendor\\laravel\\framework\\src\\Illuminate\\Pipeline\\Pipeline.php(209): Illuminate\\Cookie\\Middleware\\EncryptCookies->handle(Object(Illuminate\\Http\\Request), Object(Closure))
#38 C:\\xampp\\htdocs\\vizsga_backend\\vendor\\laravel\\framework\\src\\Illuminate\\Pipeline\\Pipeline.php(127): Illuminate\\Pipeline\\Pipeline->Illuminate\\Pipeline\\{closure}(Object(Illuminate\\Http\\Request))
#39 C:\\xampp\\htdocs\\vizsga_backend\\vendor\\laravel\\framework\\src\\Illuminate\\Routing\\Router.php(808): Illuminate\\Pipeline\\Pipeline->then(Object(Closure))
#40 C:\\xampp\\htdocs\\vizsga_backend\\vendor\\laravel\\framework\\src\\Illuminate\\Routing\\Router.php(787): Illuminate\\Routing\\Router->runRouteWithinStack(Object(Illuminate\\Routing\\Route), Object(Illuminate\\Http\\Request))
#41 C:\\xampp\\htdocs\\vizsga_backend\\vendor\\laravel\\framework\\src\\Illuminate\\Routing\\Router.php(751): Illuminate\\Routing\\Router->runRoute(Object(Illuminate\\Http\\Request), Object(Illuminate\\Routing\\Route))
#42 C:\\xampp\\htdocs\\vizsga_backend\\vendor\\laravel\\framework\\src\\Illuminate\\Routing\\Router.php(740): Illuminate\\Routing\\Router->dispatchToRoute(Object(Illuminate\\Http\\Request))
#43 C:\\xampp\\htdocs\\vizsga_backend\\vendor\\laravel\\framework\\src\\Illuminate\\Foundation\\Http\\Kernel.php(201): Illuminate\\Routing\\Router->dispatch(Object(Illuminate\\Http\\Request))
#44 C:\\xampp\\htdocs\\vizsga_backend\\vendor\\laravel\\framework\\src\\Illuminate\\Pipeline\\Pipeline.php(170): Illuminate\\Foundation\\Http\\Kernel->Illuminate\\Foundation\\Http\\{closure}(Object(Illuminate\\Http\\Request))
#45 C:\\xampp\\htdocs\\vizsga_backend\\vendor\\laravel\\framework\\src\\Illuminate\\Foundation\\Http\\Middleware\\TransformsRequest.php(21): Illuminate\\Pipeline\\Pipeline->Illuminate\\Pipeline\\{closure}(Object(Illuminate\\Http\\Request))
#46 C:\\xampp\\htdocs\\vizsga_backend\\vendor\\laravel\\framework\\src\\Illuminate\\Foundation\\Http\\Middleware\\ConvertEmptyStringsToNull.php(31): Illuminate\\Foundation\\Http\\Middleware\\TransformsRequest->handle(Object(Illuminate\\Http\\Request), Object(Closure))
#47 C:\\xampp\\htdocs\\vizsga_backend\\vendor\\laravel\\framework\\src\\Illuminate\\Pipeline\\Pipeline.php(209): Illuminate\\Foundation\\Http\\Middleware\\ConvertEmptyStringsToNull->handle(Object(Illuminate\\Http\\Request), Object(Closure))
#48 C:\\xampp\\htdocs\\vizsga_backend\\vendor\\laravel\\framework\\src\\Illuminate\\Foundation\\Http\\Middleware\\TransformsRequest.php(21): Illuminate\\Pipeline\\Pipeline->Illuminate\\Pipeline\\{closure}(Object(Illuminate\\Http\\Request))
#49 C:\\xampp\\htdocs\\vizsga_backend\\vendor\\laravel\\framework\\src\\Illuminate\\Foundation\\Http\\Middleware\\TrimStrings.php(51): Illuminate\\Foundation\\Http\\Middleware\\TransformsRequest->handle(Object(Illuminate\\Http\\Request), Object(Closure))
#50 C:\\xampp\\htdocs\\vizsga_backend\\vendor\\laravel\\framework\\src\\Illuminate\\Pipeline\\Pipeline.php(209): Illuminate\\Foundation\\Http\\Middleware\\TrimStrings->handle(Object(Illuminate\\Http\\Request), Object(Closure))
#51 C:\\xampp\\htdocs\\vizsga_backend\\vendor\\laravel\\framework\\src\\Illuminate\\Http\\Middleware\\ValidatePostSize.php(27): Illuminate\\Pipeline\\Pipeline->Illuminate\\Pipeline\\{closure}(Object(Illuminate\\Http\\Request))
#52 C:\\xampp\\htdocs\\vizsga_backend\\vendor\\laravel\\framework\\src\\Illuminate\\Pipeline\\Pipeline.php(209): Illuminate\\Http\\Middleware\\ValidatePostSize->handle(Object(Illuminate\\Http\\Request), Object(Closure))
#53 C:\\xampp\\htdocs\\vizsga_backend\\vendor\\laravel\\framework\\src\\Illuminate\\Foundation\\Http\\Middleware\\PreventRequestsDuringMaintenance.php(110): Illuminate\\Pipeline\\Pipeline->Illuminate\\Pipeline\\{closure}(Object(Illuminate\\Http\\Request))
#54 C:\\xampp\\htdocs\\vizsga_backend\\vendor\\laravel\\framework\\src\\Illuminate\\Pipeline\\Pipeline.php(209): Illuminate\\Foundation\\Http\\Middleware\\PreventRequestsDuringMaintenance->handle(Object(Illuminate\\Http\\Request), Object(Closure))
#55 C:\\xampp\\htdocs\\vizsga_backend\\vendor\\laravel\\framework\\src\\Illuminate\\Http\\Middleware\\HandleCors.php(62): Illuminate\\Pipeline\\Pipeline->Illuminate\\Pipeline\\{closure}(Object(Illuminate\\Http\\Request))
#56 C:\\xampp\\htdocs\\vizsga_backend\\vendor\\laravel\\framework\\src\\Illuminate\\Pipeline\\Pipeline.php(209): Illuminate\\Http\\Middleware\\HandleCors->handle(Object(Illuminate\\Http\\Request), Object(Closure))
#57 C:\\xampp\\htdocs\\vizsga_backend\\vendor\\laravel\\framework\\src\\Illuminate\\Http\\Middleware\\TrustProxies.php(58): Illuminate\\Pipeline\\Pipeline->Illuminate\\Pipeline\\{closure}(Object(Illuminate\\Http\\Request))
#58 C:\\xampp\\htdocs\\vizsga_backend\\vendor\\laravel\\framework\\src\\Illuminate\\Pipeline\\Pipeline.php(209): Illuminate\\Http\\Middleware\\TrustProxies->handle(Object(Illuminate\\Http\\Request), Object(Closure))
#59 C:\\xampp\\htdocs\\vizsga_backend\\vendor\\laravel\\framework\\src\\Illuminate\\Foundation\\Http\\Middleware\\InvokeDeferredCallbacks.php(22): Illuminate\\Pipeline\\Pipeline->Illuminate\\Pipeline\\{closure}(Object(Illuminate\\Http\\Request))
#60 C:\\xampp\\htdocs\\vizsga_backend\\vendor\\laravel\\framework\\src\\Illuminate\\Pipeline\\Pipeline.php(209): Illuminate\\Foundation\\Http\\Middleware\\InvokeDeferredCallbacks->handle(Object(Illuminate\\Http\\Request), Object(Closure))
#61 C:\\xampp\\htdocs\\vizsga_backend\\vendor\\laravel\\framework\\src\\Illuminate\\Http\\Middleware\\ValidatePathEncoding.php(26): Illuminate\\Pipeline\\Pipeline->Illuminate\\Pipeline\\{closure}(Object(Illuminate\\Http\\Request))
#62 C:\\xampp\\htdocs\\vizsga_backend\\vendor\\laravel\\framework\\src\\Illuminate\\Pipeline\\Pipeline.php(209): Illuminate\\Http\\Middleware\\ValidatePathEncoding->handle(Object(Illuminate\\Http\\Request), Object(Closure))
#63 C:\\xampp\\htdocs\\vizsga_backend\\vendor\\laravel\\framework\\src\\Illuminate\\Pipeline\\Pipeline.php(127): Illuminate\\Pipeline\\Pipeline->Illuminate\\Pipeline\\{closure}(Object(Illuminate\\Http\\Request))
#64 C:\\xampp\\htdocs\\vizsga_backend\\vendor\\laravel\\framework\\src\\Illuminate\\Foundation\\Http\\Kernel.php(176): Illuminate\\Pipeline\\Pipeline->then(Object(Closure))
#65 C:\\xampp\\htdocs\\vizsga_backend\\vendor\\laravel\\framework\\src\\Illuminate\\Foundation\\Http\\Kernel.php(145): Illuminate\\Foundation\\Http\\Kernel->sendRequestThroughRouter(Object(Illuminate\\Http\\Request))
#66 C:\\xampp\\htdocs\\vizsga_backend\\vendor\\laravel\\framework\\src\\Illuminate\\Foundation\\Application.php(1220): Illuminate\\Foundation\\Http\\Kernel->handle(Object(Illuminate\\Http\\Request))
#67 C:\\xampp\\htdocs\\vizsga_backend\\public\\index.php(20): Illuminate\\Foundation\\Application->handleRequest(Object(Illuminate\\Http\\Request))
#68 C:\\xampp\\htdocs\\vizsga_backend\\vendor\\laravel\\framework\\src\\Illuminate\\Foundation\\resources\\server.php(23): require_once('C:\\\\xampp\\\\htdocs...')
#69 {main}
"} 
[2025-03-26 18:13:51] local.ERROR: SQLSTATE[HY000] [2002] Nem hozható létre kapcsolat, mert a célszámítógép már visszautasította a kapcsolatot (Connection: mysql, SQL: select * from `books`) {"exception":"[object] (Illuminate\\Database\\QueryException(code: 2002): SQLSTATE[HY000] [2002] Nem hozható létre kapcsolat, mert a célszámítógép már visszautasította a kapcsolatot (Connection: mysql, SQL: select * from `books`) at C:\\xampp\\htdocs\\vizsga_backend\\vendor\\laravel\\framework\\src\\Illuminate\\Database\\Connection.php:823)
[stacktrace]
#0 C:\\xampp\\htdocs\\vizsga_backend\\vendor\\laravel\\framework\\src\\Illuminate\\Database\\Connection.php(777): Illuminate\\Database\\Connection->runQueryCallback('select * from `...', Array, Object(Closure))
#1 C:\\xampp\\htdocs\\vizsga_backend\\vendor\\laravel\\framework\\src\\Illuminate\\Database\\Connection.php(396): Illuminate\\Database\\Connection->run('select * from `...', Array, Object(Closure))
#2 C:\\xampp\\htdocs\\vizsga_backend\\vendor\\laravel\\framework\\src\\Illuminate\\Database\\Query\\Builder.php(3105): Illuminate\\Database\\Connection->select('select * from `...', Array, true)
#3 C:\\xampp\\htdocs\\vizsga_backend\\vendor\\laravel\\framework\\src\\Illuminate\\Database\\Query\\Builder.php(3090): Illuminate\\Database\\Query\\Builder->runSelect()
#4 C:\\xampp\\htdocs\\vizsga_backend\\vendor\\laravel\\framework\\src\\Illuminate\\Database\\Query\\Builder.php(3677): Illuminate\\Database\\Query\\Builder->Illuminate\\Database\\Query\\{closure}()
#5 C:\\xampp\\htdocs\\vizsga_backend\\vendor\\laravel\\framework\\src\\Illuminate\\Database\\Query\\Builder.php(3089): Illuminate\\Database\\Query\\Builder->onceWithColumns(Array, Object(Closure))
#6 C:\\xampp\\htdocs\\vizsga_backend\\vendor\\laravel\\framework\\src\\Illuminate\\Database\\Eloquent\\Builder.php(811): Illuminate\\Database\\Query\\Builder->get(Array)
#7 C:\\xampp\\htdocs\\vizsga_backend\\vendor\\laravel\\framework\\src\\Illuminate\\Database\\Eloquent\\Builder.php(793): Illuminate\\Database\\Eloquent\\Builder->getModels(Array)
#8 C:\\xampp\\htdocs\\vizsga_backend\\vendor\\laravel\\framework\\src\\Illuminate\\Database\\Eloquent\\Model.php(694): Illuminate\\Database\\Eloquent\\Builder->get(Array)
#9 C:\\xampp\\htdocs\\vizsga_backend\\app\\Http\\Controllers\\BookController.php(12): Illuminate\\Database\\Eloquent\\Model::all()
#10 C:\\xampp\\htdocs\\vizsga_backend\\vendor\\laravel\\framework\\src\\Illuminate\\Routing\\ControllerDispatcher.php(47): App\\Http\\Controllers\\BookController->index()
#11 C:\\xampp\\htdocs\\vizsga_backend\\vendor\\laravel\\framework\\src\\Illuminate\\Routing\\Route.php(266): Illuminate\\Routing\\ControllerDispatcher->dispatch(Object(Illuminate\\Routing\\Route), Object(App\\Http\\Controllers\\BookController), 'index')
#12 C:\\xampp\\htdocs\\vizsga_backend\\vendor\\laravel\\framework\\src\\Illuminate\\Routing\\Route.php(212): Illuminate\\Routing\\Route->runController()
#13 C:\\xampp\\htdocs\\vizsga_backend\\vendor\\laravel\\framework\\src\\Illuminate\\Routing\\Router.php(809): Illuminate\\Routing\\Route->run()
#14 C:\\xampp\\htdocs\\vizsga_backend\\vendor\\laravel\\framework\\src\\Illuminate\\Pipeline\\Pipeline.php(170): Illuminate\\Routing\\Router->Illuminate\\Routing\\{closure}(Object(Illuminate\\Http\\Request))
#15 C:\\xampp\\htdocs\\vizsga_backend\\vendor\\laravel\\framework\\src\\Illuminate\\Routing\\Middleware\\SubstituteBindings.php(51): Illuminate\\Pipeline\\Pipeline->Illuminate\\Pipeline\\{closure}(Object(Illuminate\\Http\\Request))
#16 C:\\xampp\\htdocs\\vizsga_backend\\vendor\\laravel\\framework\\src\\Illuminate\\Pipeline\\Pipeline.php(209): Illuminate\\Routing\\Middleware\\SubstituteBindings->handle(Object(Illuminate\\Http\\Request), Object(Closure))
#17 C:\\xampp\\htdocs\\vizsga_backend\\vendor\\laravel\\framework\\src\\Illuminate\\Foundation\\Http\\Middleware\\VerifyCsrfToken.php(88): Illuminate\\Pipeline\\Pipeline->Illuminate\\Pipeline\\{closure}(Object(Illuminate\\Http\\Request))
#18 C:\\xampp\\htdocs\\vizsga_backend\\vendor\\laravel\\framework\\src\\Illuminate\\Pipeline\\Pipeline.php(209): Illuminate\\Foundation\\Http\\Middleware\\VerifyCsrfToken->handle(Object(Illuminate\\Http\\Request), Object(Closure))
#19 C:\\xampp\\htdocs\\vizsga_backend\\vendor\\laravel\\framework\\src\\Illuminate\\View\\Middleware\\ShareErrorsFromSession.php(49): Illuminate\\Pipeline\\Pipeline->Illuminate\\Pipeline\\{closure}(Object(Illuminate\\Http\\Request))
#20 C:\\xampp\\htdocs\\vizsga_backend\\vendor\\laravel\\framework\\src\\Illuminate\\Pipeline\\Pipeline.php(209): Illuminate\\View\\Middleware\\ShareErrorsFromSession->handle(Object(Illuminate\\Http\\Request), Object(Closure))
#21 C:\\xampp\\htdocs\\vizsga_backend\\vendor\\laravel\\framework\\src\\Illuminate\\Session\\Middleware\\StartSession.php(121): Illuminate\\Pipeline\\Pipeline->Illuminate\\Pipeline\\{closure}(Object(Illuminate\\Http\\Request))
#22 C:\\xampp\\htdocs\\vizsga_backend\\vendor\\laravel\\framework\\src\\Illuminate\\Session\\Middleware\\StartSession.php(64): Illuminate\\Session\\Middleware\\StartSession->handleStatefulRequest(Object(Illuminate\\Http\\Request), Object(Illuminate\\Session\\Store), Object(Closure))
#23 C:\\xampp\\htdocs\\vizsga_backend\\vendor\\laravel\\framework\\src\\Illuminate\\Pipeline\\Pipeline.php(209): Illuminate\\Session\\Middleware\\StartSession->handle(Object(Illuminate\\Http\\Request), Object(Closure))
#24 C:\\xampp\\htdocs\\vizsga_backend\\vendor\\laravel\\framework\\src\\Illuminate\\Cookie\\Middleware\\AddQueuedCookiesToResponse.php(37): Illuminate\\Pipeline\\Pipeline->Illuminate\\Pipeline\\{closure}(Object(Illuminate\\Http\\Request))
#25 C:\\xampp\\htdocs\\vizsga_backend\\vendor\\laravel\\framework\\src\\Illuminate\\Pipeline\\Pipeline.php(209): Illuminate\\Cookie\\Middleware\\AddQueuedCookiesToResponse->handle(Object(Illuminate\\Http\\Request), Object(Closure))
#26 C:\\xampp\\htdocs\\vizsga_backend\\vendor\\laravel\\framework\\src\\Illuminate\\Cookie\\Middleware\\EncryptCookies.php(75): Illuminate\\Pipeline\\Pipeline->Illuminate\\Pipeline\\{closure}(Object(Illuminate\\Http\\Request))
#27 C:\\xampp\\htdocs\\vizsga_backend\\vendor\\laravel\\framework\\src\\Illuminate\\Pipeline\\Pipeline.php(209): Illuminate\\Cookie\\Middleware\\EncryptCookies->handle(Object(Illuminate\\Http\\Request), Object(Closure))
#28 C:\\xampp\\htdocs\\vizsga_backend\\vendor\\laravel\\framework\\src\\Illuminate\\Pipeline\\Pipeline.php(127): Illuminate\\Pipeline\\Pipeline->Illuminate\\Pipeline\\{closure}(Object(Illuminate\\Http\\Request))
#29 C:\\xampp\\htdocs\\vizsga_backend\\vendor\\laravel\\framework\\src\\Illuminate\\Routing\\Router.php(808): Illuminate\\Pipeline\\Pipeline->then(Object(Closure))
#30 C:\\xampp\\htdocs\\vizsga_backend\\vendor\\laravel\\framework\\src\\Illuminate\\Routing\\Router.php(787): Illuminate\\Routing\\Router->runRouteWithinStack(Object(Illuminate\\Routing\\Route), Object(Illuminate\\Http\\Request))
#31 C:\\xampp\\htdocs\\vizsga_backend\\vendor\\laravel\\framework\\src\\Illuminate\\Routing\\Router.php(751): Illuminate\\Routing\\Router->runRoute(Object(Illuminate\\Http\\Request), Object(Illuminate\\Routing\\Route))
#32 C:\\xampp\\htdocs\\vizsga_backend\\vendor\\laravel\\framework\\src\\Illuminate\\Routing\\Router.php(740): Illuminate\\Routing\\Router->dispatchToRoute(Object(Illuminate\\Http\\Request))
#33 C:\\xampp\\htdocs\\vizsga_backend\\vendor\\laravel\\framework\\src\\Illuminate\\Foundation\\Http\\Kernel.php(201): Illuminate\\Routing\\Router->dispatch(Object(Illuminate\\Http\\Request))
#34 C:\\xampp\\htdocs\\vizsga_backend\\vendor\\laravel\\framework\\src\\Illuminate\\Pipeline\\Pipeline.php(170): Illuminate\\Foundation\\Http\\Kernel->Illuminate\\Foundation\\Http\\{closure}(Object(Illuminate\\Http\\Request))
#35 C:\\xampp\\htdocs\\vizsga_backend\\vendor\\laravel\\framework\\src\\Illuminate\\Foundation\\Http\\Middleware\\TransformsRequest.php(21): Illuminate\\Pipeline\\Pipeline->Illuminate\\Pipeline\\{closure}(Object(Illuminate\\Http\\Request))
#36 C:\\xampp\\htdocs\\vizsga_backend\\vendor\\laravel\\framework\\src\\Illuminate\\Foundation\\Http\\Middleware\\ConvertEmptyStringsToNull.php(31): Illuminate\\Foundation\\Http\\Middleware\\TransformsRequest->handle(Object(Illuminate\\Http\\Request), Object(Closure))
#37 C:\\xampp\\htdocs\\vizsga_backend\\vendor\\laravel\\framework\\src\\Illuminate\\Pipeline\\Pipeline.php(209): Illuminate\\Foundation\\Http\\Middleware\\ConvertEmptyStringsToNull->handle(Object(Illuminate\\Http\\Request), Object(Closure))
#38 C:\\xampp\\htdocs\\vizsga_backend\\vendor\\laravel\\framework\\src\\Illuminate\\Foundation\\Http\\Middleware\\TransformsRequest.php(21): Illuminate\\Pipeline\\Pipeline->Illuminate\\Pipeline\\{closure}(Object(Illuminate\\Http\\Request))
#39 C:\\xampp\\htdocs\\vizsga_backend\\vendor\\laravel\\framework\\src\\Illuminate\\Foundation\\Http\\Middleware\\TrimStrings.php(51): Illuminate\\Foundation\\Http\\Middleware\\TransformsRequest->handle(Object(Illuminate\\Http\\Request), Object(Closure))
#40 C:\\xampp\\htdocs\\vizsga_backend\\vendor\\laravel\\framework\\src\\Illuminate\\Pipeline\\Pipeline.php(209): Illuminate\\Foundation\\Http\\Middleware\\TrimStrings->handle(Object(Illuminate\\Http\\Request), Object(Closure))
#41 C:\\xampp\\htdocs\\vizsga_backend\\vendor\\laravel\\framework\\src\\Illuminate\\Http\\Middleware\\ValidatePostSize.php(27): Illuminate\\Pipeline\\Pipeline->Illuminate\\Pipeline\\{closure}(Object(Illuminate\\Http\\Request))
#42 C:\\xampp\\htdocs\\vizsga_backend\\vendor\\laravel\\framework\\src\\Illuminate\\Pipeline\\Pipeline.php(209): Illuminate\\Http\\Middleware\\ValidatePostSize->handle(Object(Illuminate\\Http\\Request), Object(Closure))
#43 C:\\xampp\\htdocs\\vizsga_backend\\vendor\\laravel\\framework\\src\\Illuminate\\Foundation\\Http\\Middleware\\PreventRequestsDuringMaintenance.php(110): Illuminate\\Pipeline\\Pipeline->Illuminate\\Pipeline\\{closure}(Object(Illuminate\\Http\\Request))
#44 C:\\xampp\\htdocs\\vizsga_backend\\vendor\\laravel\\framework\\src\\Illuminate\\Pipeline\\Pipeline.php(209): Illuminate\\Foundation\\Http\\Middleware\\PreventRequestsDuringMaintenance->handle(Object(Illuminate\\Http\\Request), Object(Closure))
#45 C:\\xampp\\htdocs\\vizsga_backend\\vendor\\laravel\\framework\\src\\Illuminate\\Http\\Middleware\\HandleCors.php(62): Illuminate\\Pipeline\\Pipeline->Illuminate\\Pipeline\\{closure}(Object(Illuminate\\Http\\Request))
#46 C:\\xampp\\htdocs\\vizsga_backend\\vendor\\laravel\\framework\\src\\Illuminate\\Pipeline\\Pipeline.php(209): Illuminate\\Http\\Middleware\\HandleCors->handle(Object(Illuminate\\Http\\Request), Object(Closure))
#47 C:\\xampp\\htdocs\\vizsga_backend\\vendor\\laravel\\framework\\src\\Illuminate\\Http\\Middleware\\TrustProxies.php(58): Illuminate\\Pipeline\\Pipeline->Illuminate\\Pipeline\\{closure}(Object(Illuminate\\Http\\Request))
#48 C:\\xampp\\htdocs\\vizsga_backend\\vendor\\laravel\\framework\\src\\Illuminate\\Pipeline\\Pipeline.php(209): Illuminate\\Http\\Middleware\\TrustProxies->handle(Object(Illuminate\\Http\\Request), Object(Closure))
#49 C:\\xampp\\htdocs\\vizsga_backend\\vendor\\laravel\\framework\\src\\Illuminate\\Foundation\\Http\\Middleware\\InvokeDeferredCallbacks.php(22): Illuminate\\Pipeline\\Pipeline->Illuminate\\Pipeline\\{closure}(Object(Illuminate\\Http\\Request))
#50 C:\\xampp\\htdocs\\vizsga_backend\\vendor\\laravel\\framework\\src\\Illuminate\\Pipeline\\Pipeline.php(209): Illuminate\\Foundation\\Http\\Middleware\\InvokeDeferredCallbacks->handle(Object(Illuminate\\Http\\Request), Object(Closure))
#51 C:\\xampp\\htdocs\\vizsga_backend\\vendor\\laravel\\framework\\src\\Illuminate\\Http\\Middleware\\ValidatePathEncoding.php(26): Illuminate\\Pipeline\\Pipeline->Illuminate\\Pipeline\\{closure}(Object(Illuminate\\Http\\Request))
#52 C:\\xampp\\htdocs\\vizsga_backend\\vendor\\laravel\\framework\\src\\Illuminate\\Pipeline\\Pipeline.php(209): Illuminate\\Http\\Middleware\\ValidatePathEncoding->handle(Object(Illuminate\\Http\\Request), Object(Closure))
#53 C:\\xampp\\htdocs\\vizsga_backend\\vendor\\laravel\\framework\\src\\Illuminate\\Pipeline\\Pipeline.php(127): Illuminate\\Pipeline\\Pipeline->Illuminate\\Pipeline\\{closure}(Object(Illuminate\\Http\\Request))
#54 C:\\xampp\\htdocs\\vizsga_backend\\vendor\\laravel\\framework\\src\\Illuminate\\Foundation\\Http\\Kernel.php(176): Illuminate\\Pipeline\\Pipeline->then(Object(Closure))
#55 C:\\xampp\\htdocs\\vizsga_backend\\vendor\\laravel\\framework\\src\\Illuminate\\Foundation\\Http\\Kernel.php(145): Illuminate\\Foundation\\Http\\Kernel->sendRequestThroughRouter(Object(Illuminate\\Http\\Request))
#56 C:\\xampp\\htdocs\\vizsga_backend\\vendor\\laravel\\framework\\src\\Illuminate\\Foundation\\Application.php(1220): Illuminate\\Foundation\\Http\\Kernel->handle(Object(Illuminate\\Http\\Request))
#57 C:\\xampp\\htdocs\\vizsga_backend\\public\\index.php(20): Illuminate\\Foundation\\Application->handleRequest(Object(Illuminate\\Http\\Request))
#58 C:\\xampp\\htdocs\\vizsga_backend\\vendor\\laravel\\framework\\src\\Illuminate\\Foundation\\resources\\server.php(23): require_once('C:\\\\xampp\\\\htdocs...')
#59 {main}

[previous exception] [object] (PDOException(code: 2002): SQLSTATE[HY000] [2002] Nem hozható létre kapcsolat, mert a célszámítógép már visszautasította a kapcsolatot at C:\\xampp\\htdocs\\vizsga_backend\\vendor\\laravel\\framework\\src\\Illuminate\\Database\\Connectors\\Connector.php:66)
[stacktrace]
#0 C:\\xampp\\htdocs\\vizsga_backend\\vendor\\laravel\\framework\\src\\Illuminate\\Database\\Connectors\\Connector.php(66): PDO->__construct('mysql:host=127....', 'root', Object(SensitiveParameterValue), Array)
#1 C:\\xampp\\htdocs\\vizsga_backend\\vendor\\laravel\\framework\\src\\Illuminate\\Database\\Connectors\\Connector.php(44): Illuminate\\Database\\Connectors\\Connector->createPdoConnection('mysql:host=127....', 'root', Object(SensitiveParameterValue), Array)
#2 C:\\xampp\\htdocs\\vizsga_backend\\vendor\\laravel\\framework\\src\\Illuminate\\Database\\Connectors\\MySqlConnector.php(24): Illuminate\\Database\\Connectors\\Connector->createConnection('mysql:host=127....', Array, Array)
#3 C:\\xampp\\htdocs\\vizsga_backend\\vendor\\laravel\\framework\\src\\Illuminate\\Database\\Connectors\\ConnectionFactory.php(185): Illuminate\\Database\\Connectors\\MySqlConnector->connect(Array)
#4 [internal function]: Illuminate\\Database\\Connectors\\ConnectionFactory->Illuminate\\Database\\Connectors\\{closure}()
#5 C:\\xampp\\htdocs\\vizsga_backend\\vendor\\laravel\\framework\\src\\Illuminate\\Database\\Connection.php(1229): call_user_func(Object(Closure))
#6 C:\\xampp\\htdocs\\vizsga_backend\\vendor\\laravel\\framework\\src\\Illuminate\\Database\\Connection.php(1265): Illuminate\\Database\\Connection->getPdo()
#7 C:\\xampp\\htdocs\\vizsga_backend\\vendor\\laravel\\framework\\src\\Illuminate\\Database\\Connection.php(510): Illuminate\\Database\\Connection->getReadPdo()
#8 C:\\xampp\\htdocs\\vizsga_backend\\vendor\\laravel\\framework\\src\\Illuminate\\Database\\Connection.php(405): Illuminate\\Database\\Connection->getPdoForSelect(true)
#9 C:\\xampp\\htdocs\\vizsga_backend\\vendor\\laravel\\framework\\src\\Illuminate\\Database\\Connection.php(810): Illuminate\\Database\\Connection->Illuminate\\Database\\{closure}('select * from `...', Array)
#10 C:\\xampp\\htdocs\\vizsga_backend\\vendor\\laravel\\framework\\src\\Illuminate\\Database\\Connection.php(777): Illuminate\\Database\\Connection->runQueryCallback('select * from `...', Array, Object(Closure))
#11 C:\\xampp\\htdocs\\vizsga_backend\\vendor\\laravel\\framework\\src\\Illuminate\\Database\\Connection.php(396): Illuminate\\Database\\Connection->run('select * from `...', Array, Object(Closure))
#12 C:\\xampp\\htdocs\\vizsga_backend\\vendor\\laravel\\framework\\src\\Illuminate\\Database\\Query\\Builder.php(3105): Illuminate\\Database\\Connection->select('select * from `...', Array, true)
#13 C:\\xampp\\htdocs\\vizsga_backend\\vendor\\laravel\\framework\\src\\Illuminate\\Database\\Query\\Builder.php(3090): Illuminate\\Database\\Query\\Builder->runSelect()
#14 C:\\xampp\\htdocs\\vizsga_backend\\vendor\\laravel\\framework\\src\\Illuminate\\Database\\Query\\Builder.php(3677): Illuminate\\Database\\Query\\Builder->Illuminate\\Database\\Query\\{closure}()
#15 C:\\xampp\\htdocs\\vizsga_backend\\vendor\\laravel\\framework\\src\\Illuminate\\Database\\Query\\Builder.php(3089): Illuminate\\Database\\Query\\Builder->onceWithColumns(Array, Object(Closure))
#16 C:\\xampp\\htdocs\\vizsga_backend\\vendor\\laravel\\framework\\src\\Illuminate\\Database\\Eloquent\\Builder.php(811): Illuminate\\Database\\Query\\Builder->get(Array)
#17 C:\\xampp\\htdocs\\vizsga_backend\\vendor\\laravel\\framework\\src\\Illuminate\\Database\\Eloquent\\Builder.php(793): Illuminate\\Database\\Eloquent\\Builder->getModels(Array)
#18 C:\\xampp\\htdocs\\vizsga_backend\\vendor\\laravel\\framework\\src\\Illuminate\\Database\\Eloquent\\Model.php(694): Illuminate\\Database\\Eloquent\\Builder->get(Array)
#19 C:\\xampp\\htdocs\\vizsga_backend\\app\\Http\\Controllers\\BookController.php(12): Illuminate\\Database\\Eloquent\\Model::all()
#20 C:\\xampp\\htdocs\\vizsga_backend\\vendor\\laravel\\framework\\src\\Illuminate\\Routing\\ControllerDispatcher.php(47): App\\Http\\Controllers\\BookController->index()
#21 C:\\xampp\\htdocs\\vizsga_backend\\vendor\\laravel\\framework\\src\\Illuminate\\Routing\\Route.php(266): Illuminate\\Routing\\ControllerDispatcher->dispatch(Object(Illuminate\\Routing\\Route), Object(App\\Http\\Controllers\\BookController), 'index')
#22 C:\\xampp\\htdocs\\vizsga_backend\\vendor\\laravel\\framework\\src\\Illuminate\\Routing\\Route.php(212): Illuminate\\Routing\\Route->runController()
#23 C:\\xampp\\htdocs\\vizsga_backend\\vendor\\laravel\\framework\\src\\Illuminate\\Routing\\Router.php(809): Illuminate\\Routing\\Route->run()
#24 C:\\xampp\\htdocs\\vizsga_backend\\vendor\\laravel\\framework\\src\\Illuminate\\Pipeline\\Pipeline.php(170): Illuminate\\Routing\\Router->Illuminate\\Routing\\{closure}(Object(Illuminate\\Http\\Request))
#25 C:\\xampp\\htdocs\\vizsga_backend\\vendor\\laravel\\framework\\src\\Illuminate\\Routing\\Middleware\\SubstituteBindings.php(51): Illuminate\\Pipeline\\Pipeline->Illuminate\\Pipeline\\{closure}(Object(Illuminate\\Http\\Request))
#26 C:\\xampp\\htdocs\\vizsga_backend\\vendor\\laravel\\framework\\src\\Illuminate\\Pipeline\\Pipeline.php(209): Illuminate\\Routing\\Middleware\\SubstituteBindings->handle(Object(Illuminate\\Http\\Request), Object(Closure))
#27 C:\\xampp\\htdocs\\vizsga_backend\\vendor\\laravel\\framework\\src\\Illuminate\\Foundation\\Http\\Middleware\\VerifyCsrfToken.php(88): Illuminate\\Pipeline\\Pipeline->Illuminate\\Pipeline\\{closure}(Object(Illuminate\\Http\\Request))
#28 C:\\xampp\\htdocs\\vizsga_backend\\vendor\\laravel\\framework\\src\\Illuminate\\Pipeline\\Pipeline.php(209): Illuminate\\Foundation\\Http\\Middleware\\VerifyCsrfToken->handle(Object(Illuminate\\Http\\Request), Object(Closure))
#29 C:\\xampp\\htdocs\\vizsga_backend\\vendor\\laravel\\framework\\src\\Illuminate\\View\\Middleware\\ShareErrorsFromSession.php(49): Illuminate\\Pipeline\\Pipeline->Illuminate\\Pipeline\\{closure}(Object(Illuminate\\Http\\Request))
#30 C:\\xampp\\htdocs\\vizsga_backend\\vendor\\laravel\\framework\\src\\Illuminate\\Pipeline\\Pipeline.php(209): Illuminate\\View\\Middleware\\ShareErrorsFromSession->handle(Object(Illuminate\\Http\\Request), Object(Closure))
#31 C:\\xampp\\htdocs\\vizsga_backend\\vendor\\laravel\\framework\\src\\Illuminate\\Session\\Middleware\\StartSession.php(121): Illuminate\\Pipeline\\Pipeline->Illuminate\\Pipeline\\{closure}(Object(Illuminate\\Http\\Request))
#32 C:\\xampp\\htdocs\\vizsga_backend\\vendor\\laravel\\framework\\src\\Illuminate\\Session\\Middleware\\StartSession.php(64): Illuminate\\Session\\Middleware\\StartSession->handleStatefulRequest(Object(Illuminate\\Http\\Request), Object(Illuminate\\Session\\Store), Object(Closure))
#33 C:\\xampp\\htdocs\\vizsga_backend\\vendor\\laravel\\framework\\src\\Illuminate\\Pipeline\\Pipeline.php(209): Illuminate\\Session\\Middleware\\StartSession->handle(Object(Illuminate\\Http\\Request), Object(Closure))
#34 C:\\xampp\\htdocs\\vizsga_backend\\vendor\\laravel\\framework\\src\\Illuminate\\Cookie\\Middleware\\AddQueuedCookiesToResponse.php(37): Illuminate\\Pipeline\\Pipeline->Illuminate\\Pipeline\\{closure}(Object(Illuminate\\Http\\Request))
#35 C:\\xampp\\htdocs\\vizsga_backend\\vendor\\laravel\\framework\\src\\Illuminate\\Pipeline\\Pipeline.php(209): Illuminate\\Cookie\\Middleware\\AddQueuedCookiesToResponse->handle(Object(Illuminate\\Http\\Request), Object(Closure))
#36 C:\\xampp\\htdocs\\vizsga_backend\\vendor\\laravel\\framework\\src\\Illuminate\\Cookie\\Middleware\\EncryptCookies.php(75): Illuminate\\Pipeline\\Pipeline->Illuminate\\Pipeline\\{closure}(Object(Illuminate\\Http\\Request))
#37 C:\\xampp\\htdocs\\vizsga_backend\\vendor\\laravel\\framework\\src\\Illuminate\\Pipeline\\Pipeline.php(209): Illuminate\\Cookie\\Middleware\\EncryptCookies->handle(Object(Illuminate\\Http\\Request), Object(Closure))
#38 C:\\xampp\\htdocs\\vizsga_backend\\vendor\\laravel\\framework\\src\\Illuminate\\Pipeline\\Pipeline.php(127): Illuminate\\Pipeline\\Pipeline->Illuminate\\Pipeline\\{closure}(Object(Illuminate\\Http\\Request))
#39 C:\\xampp\\htdocs\\vizsga_backend\\vendor\\laravel\\framework\\src\\Illuminate\\Routing\\Router.php(808): Illuminate\\Pipeline\\Pipeline->then(Object(Closure))
#40 C:\\xampp\\htdocs\\vizsga_backend\\vendor\\laravel\\framework\\src\\Illuminate\\Routing\\Router.php(787): Illuminate\\Routing\\Router->runRouteWithinStack(Object(Illuminate\\Routing\\Route), Object(Illuminate\\Http\\Request))
#41 C:\\xampp\\htdocs\\vizsga_backend\\vendor\\laravel\\framework\\src\\Illuminate\\Routing\\Router.php(751): Illuminate\\Routing\\Router->runRoute(Object(Illuminate\\Http\\Request), Object(Illuminate\\Routing\\Route))
#42 C:\\xampp\\htdocs\\vizsga_backend\\vendor\\laravel\\framework\\src\\Illuminate\\Routing\\Router.php(740): Illuminate\\Routing\\Router->dispatchToRoute(Object(Illuminate\\Http\\Request))
#43 C:\\xampp\\htdocs\\vizsga_backend\\vendor\\laravel\\framework\\src\\Illuminate\\Foundation\\Http\\Kernel.php(201): Illuminate\\Routing\\Router->dispatch(Object(Illuminate\\Http\\Request))
#44 C:\\xampp\\htdocs\\vizsga_backend\\vendor\\laravel\\framework\\src\\Illuminate\\Pipeline\\Pipeline.php(170): Illuminate\\Foundation\\Http\\Kernel->Illuminate\\Foundation\\Http\\{closure}(Object(Illuminate\\Http\\Request))
#45 C:\\xampp\\htdocs\\vizsga_backend\\vendor\\laravel\\framework\\src\\Illuminate\\Foundation\\Http\\Middleware\\TransformsRequest.php(21): Illuminate\\Pipeline\\Pipeline->Illuminate\\Pipeline\\{closure}(Object(Illuminate\\Http\\Request))
#46 C:\\xampp\\htdocs\\vizsga_backend\\vendor\\laravel\\framework\\src\\Illuminate\\Foundation\\Http\\Middleware\\ConvertEmptyStringsToNull.php(31): Illuminate\\Foundation\\Http\\Middleware\\TransformsRequest->handle(Object(Illuminate\\Http\\Request), Object(Closure))
#47 C:\\xampp\\htdocs\\vizsga_backend\\vendor\\laravel\\framework\\src\\Illuminate\\Pipeline\\Pipeline.php(209): Illuminate\\Foundation\\Http\\Middleware\\ConvertEmptyStringsToNull->handle(Object(Illuminate\\Http\\Request), Object(Closure))
#48 C:\\xampp\\htdocs\\vizsga_backend\\vendor\\laravel\\framework\\src\\Illuminate\\Foundation\\Http\\Middleware\\TransformsRequest.php(21): Illuminate\\Pipeline\\Pipeline->Illuminate\\Pipeline\\{closure}(Object(Illuminate\\Http\\Request))
#49 C:\\xampp\\htdocs\\vizsga_backend\\vendor\\laravel\\framework\\src\\Illuminate\\Foundation\\Http\\Middleware\\TrimStrings.php(51): Illuminate\\Foundation\\Http\\Middleware\\TransformsRequest->handle(Object(Illuminate\\Http\\Request), Object(Closure))
#50 C:\\xampp\\htdocs\\vizsga_backend\\vendor\\laravel\\framework\\src\\Illuminate\\Pipeline\\Pipeline.php(209): Illuminate\\Foundation\\Http\\Middleware\\TrimStrings->handle(Object(Illuminate\\Http\\Request), Object(Closure))
#51 C:\\xampp\\htdocs\\vizsga_backend\\vendor\\laravel\\framework\\src\\Illuminate\\Http\\Middleware\\ValidatePostSize.php(27): Illuminate\\Pipeline\\Pipeline->Illuminate\\Pipeline\\{closure}(Object(Illuminate\\Http\\Request))
#52 C:\\xampp\\htdocs\\vizsga_backend\\vendor\\laravel\\framework\\src\\Illuminate\\Pipeline\\Pipeline.php(209): Illuminate\\Http\\Middleware\\ValidatePostSize->handle(Object(Illuminate\\Http\\Request), Object(Closure))
#53 C:\\xampp\\htdocs\\vizsga_backend\\vendor\\laravel\\framework\\src\\Illuminate\\Foundation\\Http\\Middleware\\PreventRequestsDuringMaintenance.php(110): Illuminate\\Pipeline\\Pipeline->Illuminate\\Pipeline\\{closure}(Object(Illuminate\\Http\\Request))
#54 C:\\xampp\\htdocs\\vizsga_backend\\vendor\\laravel\\framework\\src\\Illuminate\\Pipeline\\Pipeline.php(209): Illuminate\\Foundation\\Http\\Middleware\\PreventRequestsDuringMaintenance->handle(Object(Illuminate\\Http\\Request), Object(Closure))
#55 C:\\xampp\\htdocs\\vizsga_backend\\vendor\\laravel\\framework\\src\\Illuminate\\Http\\Middleware\\HandleCors.php(62): Illuminate\\Pipeline\\Pipeline->Illuminate\\Pipeline\\{closure}(Object(Illuminate\\Http\\Request))
#56 C:\\xampp\\htdocs\\vizsga_backend\\vendor\\laravel\\framework\\src\\Illuminate\\Pipeline\\Pipeline.php(209): Illuminate\\Http\\Middleware\\HandleCors->handle(Object(Illuminate\\Http\\Request), Object(Closure))
#57 C:\\xampp\\htdocs\\vizsga_backend\\vendor\\laravel\\framework\\src\\Illuminate\\Http\\Middleware\\TrustProxies.php(58): Illuminate\\Pipeline\\Pipeline->Illuminate\\Pipeline\\{closure}(Object(Illuminate\\Http\\Request))
#58 C:\\xampp\\htdocs\\vizsga_backend\\vendor\\laravel\\framework\\src\\Illuminate\\Pipeline\\Pipeline.php(209): Illuminate\\Http\\Middleware\\TrustProxies->handle(Object(Illuminate\\Http\\Request), Object(Closure))
#59 C:\\xampp\\htdocs\\vizsga_backend\\vendor\\laravel\\framework\\src\\Illuminate\\Foundation\\Http\\Middleware\\InvokeDeferredCallbacks.php(22): Illuminate\\Pipeline\\Pipeline->Illuminate\\Pipeline\\{closure}(Object(Illuminate\\Http\\Request))
#60 C:\\xampp\\htdocs\\vizsga_backend\\vendor\\laravel\\framework\\src\\Illuminate\\Pipeline\\Pipeline.php(209): Illuminate\\Foundation\\Http\\Middleware\\InvokeDeferredCallbacks->handle(Object(Illuminate\\Http\\Request), Object(Closure))
#61 C:\\xampp\\htdocs\\vizsga_backend\\vendor\\laravel\\framework\\src\\Illuminate\\Http\\Middleware\\ValidatePathEncoding.php(26): Illuminate\\Pipeline\\Pipeline->Illuminate\\Pipeline\\{closure}(Object(Illuminate\\Http\\Request))
#62 C:\\xampp\\htdocs\\vizsga_backend\\vendor\\laravel\\framework\\src\\Illuminate\\Pipeline\\Pipeline.php(209): Illuminate\\Http\\Middleware\\ValidatePathEncoding->handle(Object(Illuminate\\Http\\Request), Object(Closure))
#63 C:\\xampp\\htdocs\\vizsga_backend\\vendor\\laravel\\framework\\src\\Illuminate\\Pipeline\\Pipeline.php(127): Illuminate\\Pipeline\\Pipeline->Illuminate\\Pipeline\\{closure}(Object(Illuminate\\Http\\Request))
#64 C:\\xampp\\htdocs\\vizsga_backend\\vendor\\laravel\\framework\\src\\Illuminate\\Foundation\\Http\\Kernel.php(176): Illuminate\\Pipeline\\Pipeline->then(Object(Closure))
#65 C:\\xampp\\htdocs\\vizsga_backend\\vendor\\laravel\\framework\\src\\Illuminate\\Foundation\\Http\\Kernel.php(145): Illuminate\\Foundation\\Http\\Kernel->sendRequestThroughRouter(Object(Illuminate\\Http\\Request))
#66 C:\\xampp\\htdocs\\vizsga_backend\\vendor\\laravel\\framework\\src\\Illuminate\\Foundation\\Application.php(1220): Illuminate\\Foundation\\Http\\Kernel->handle(Object(Illuminate\\Http\\Request))
#67 C:\\xampp\\htdocs\\vizsga_backend\\public\\index.php(20): Illuminate\\Foundation\\Application->handleRequest(Object(Illuminate\\Http\\Request))
#68 C:\\xampp\\htdocs\\vizsga_backend\\vendor\\laravel\\framework\\src\\Illuminate\\Foundation\\resources\\server.php(23): require_once('C:\\\\xampp\\\\htdocs...')
#69 {main}
"} 
[2025-03-26 18:19:20] local.ERROR: SQLSTATE[HY000] [2002] Nem hozható létre kapcsolat, mert a célszámítógép már visszautasította a kapcsolatot (Connection: mysql, SQL: select * from `books`) {"exception":"[object] (Illuminate\\Database\\QueryException(code: 2002): SQLSTATE[HY000] [2002] Nem hozható létre kapcsolat, mert a célszámítógép már visszautasította a kapcsolatot (Connection: mysql, SQL: select * from `books`) at C:\\xampp\\htdocs\\vizsga_backend\\vendor\\laravel\\framework\\src\\Illuminate\\Database\\Connection.php:823)
[stacktrace]
#0 C:\\xampp\\htdocs\\vizsga_backend\\vendor\\laravel\\framework\\src\\Illuminate\\Database\\Connection.php(777): Illuminate\\Database\\Connection->runQueryCallback('select * from `...', Array, Object(Closure))
#1 C:\\xampp\\htdocs\\vizsga_backend\\vendor\\laravel\\framework\\src\\Illuminate\\Database\\Connection.php(396): Illuminate\\Database\\Connection->run('select * from `...', Array, Object(Closure))
#2 C:\\xampp\\htdocs\\vizsga_backend\\vendor\\laravel\\framework\\src\\Illuminate\\Database\\Query\\Builder.php(3105): Illuminate\\Database\\Connection->select('select * from `...', Array, true)
#3 C:\\xampp\\htdocs\\vizsga_backend\\vendor\\laravel\\framework\\src\\Illuminate\\Database\\Query\\Builder.php(3090): Illuminate\\Database\\Query\\Builder->runSelect()
#4 C:\\xampp\\htdocs\\vizsga_backend\\vendor\\laravel\\framework\\src\\Illuminate\\Database\\Query\\Builder.php(3677): Illuminate\\Database\\Query\\Builder->Illuminate\\Database\\Query\\{closure}()
#5 C:\\xampp\\htdocs\\vizsga_backend\\vendor\\laravel\\framework\\src\\Illuminate\\Database\\Query\\Builder.php(3089): Illuminate\\Database\\Query\\Builder->onceWithColumns(Array, Object(Closure))
#6 C:\\xampp\\htdocs\\vizsga_backend\\vendor\\laravel\\framework\\src\\Illuminate\\Database\\Eloquent\\Builder.php(811): Illuminate\\Database\\Query\\Builder->get(Array)
#7 C:\\xampp\\htdocs\\vizsga_backend\\vendor\\laravel\\framework\\src\\Illuminate\\Database\\Eloquent\\Builder.php(793): Illuminate\\Database\\Eloquent\\Builder->getModels(Array)
#8 C:\\xampp\\htdocs\\vizsga_backend\\vendor\\laravel\\framework\\src\\Illuminate\\Database\\Eloquent\\Model.php(694): Illuminate\\Database\\Eloquent\\Builder->get(Array)
#9 C:\\xampp\\htdocs\\vizsga_backend\\app\\Http\\Controllers\\BookController.php(12): Illuminate\\Database\\Eloquent\\Model::all()
#10 C:\\xampp\\htdocs\\vizsga_backend\\vendor\\laravel\\framework\\src\\Illuminate\\Routing\\ControllerDispatcher.php(47): App\\Http\\Controllers\\BookController->index()
#11 C:\\xampp\\htdocs\\vizsga_backend\\vendor\\laravel\\framework\\src\\Illuminate\\Routing\\Route.php(266): Illuminate\\Routing\\ControllerDispatcher->dispatch(Object(Illuminate\\Routing\\Route), Object(App\\Http\\Controllers\\BookController), 'index')
#12 C:\\xampp\\htdocs\\vizsga_backend\\vendor\\laravel\\framework\\src\\Illuminate\\Routing\\Route.php(212): Illuminate\\Routing\\Route->runController()
#13 C:\\xampp\\htdocs\\vizsga_backend\\vendor\\laravel\\framework\\src\\Illuminate\\Routing\\Router.php(809): Illuminate\\Routing\\Route->run()
#14 C:\\xampp\\htdocs\\vizsga_backend\\vendor\\laravel\\framework\\src\\Illuminate\\Pipeline\\Pipeline.php(170): Illuminate\\Routing\\Router->Illuminate\\Routing\\{closure}(Object(Illuminate\\Http\\Request))
#15 C:\\xampp\\htdocs\\vizsga_backend\\vendor\\laravel\\framework\\src\\Illuminate\\Routing\\Middleware\\SubstituteBindings.php(51): Illuminate\\Pipeline\\Pipeline->Illuminate\\Pipeline\\{closure}(Object(Illuminate\\Http\\Request))
#16 C:\\xampp\\htdocs\\vizsga_backend\\vendor\\laravel\\framework\\src\\Illuminate\\Pipeline\\Pipeline.php(209): Illuminate\\Routing\\Middleware\\SubstituteBindings->handle(Object(Illuminate\\Http\\Request), Object(Closure))
#17 C:\\xampp\\htdocs\\vizsga_backend\\vendor\\laravel\\framework\\src\\Illuminate\\Foundation\\Http\\Middleware\\VerifyCsrfToken.php(88): Illuminate\\Pipeline\\Pipeline->Illuminate\\Pipeline\\{closure}(Object(Illuminate\\Http\\Request))
#18 C:\\xampp\\htdocs\\vizsga_backend\\vendor\\laravel\\framework\\src\\Illuminate\\Pipeline\\Pipeline.php(209): Illuminate\\Foundation\\Http\\Middleware\\VerifyCsrfToken->handle(Object(Illuminate\\Http\\Request), Object(Closure))
#19 C:\\xampp\\htdocs\\vizsga_backend\\vendor\\laravel\\framework\\src\\Illuminate\\View\\Middleware\\ShareErrorsFromSession.php(49): Illuminate\\Pipeline\\Pipeline->Illuminate\\Pipeline\\{closure}(Object(Illuminate\\Http\\Request))
#20 C:\\xampp\\htdocs\\vizsga_backend\\vendor\\laravel\\framework\\src\\Illuminate\\Pipeline\\Pipeline.php(209): Illuminate\\View\\Middleware\\ShareErrorsFromSession->handle(Object(Illuminate\\Http\\Request), Object(Closure))
#21 C:\\xampp\\htdocs\\vizsga_backend\\vendor\\laravel\\framework\\src\\Illuminate\\Session\\Middleware\\StartSession.php(121): Illuminate\\Pipeline\\Pipeline->Illuminate\\Pipeline\\{closure}(Object(Illuminate\\Http\\Request))
#22 C:\\xampp\\htdocs\\vizsga_backend\\vendor\\laravel\\framework\\src\\Illuminate\\Session\\Middleware\\StartSession.php(64): Illuminate\\Session\\Middleware\\StartSession->handleStatefulRequest(Object(Illuminate\\Http\\Request), Object(Illuminate\\Session\\Store), Object(Closure))
#23 C:\\xampp\\htdocs\\vizsga_backend\\vendor\\laravel\\framework\\src\\Illuminate\\Pipeline\\Pipeline.php(209): Illuminate\\Session\\Middleware\\StartSession->handle(Object(Illuminate\\Http\\Request), Object(Closure))
#24 C:\\xampp\\htdocs\\vizsga_backend\\vendor\\laravel\\framework\\src\\Illuminate\\Cookie\\Middleware\\AddQueuedCookiesToResponse.php(37): Illuminate\\Pipeline\\Pipeline->Illuminate\\Pipeline\\{closure}(Object(Illuminate\\Http\\Request))
#25 C:\\xampp\\htdocs\\vizsga_backend\\vendor\\laravel\\framework\\src\\Illuminate\\Pipeline\\Pipeline.php(209): Illuminate\\Cookie\\Middleware\\AddQueuedCookiesToResponse->handle(Object(Illuminate\\Http\\Request), Object(Closure))
#26 C:\\xampp\\htdocs\\vizsga_backend\\vendor\\laravel\\framework\\src\\Illuminate\\Cookie\\Middleware\\EncryptCookies.php(75): Illuminate\\Pipeline\\Pipeline->Illuminate\\Pipeline\\{closure}(Object(Illuminate\\Http\\Request))
#27 C:\\xampp\\htdocs\\vizsga_backend\\vendor\\laravel\\framework\\src\\Illuminate\\Pipeline\\Pipeline.php(209): Illuminate\\Cookie\\Middleware\\EncryptCookies->handle(Object(Illuminate\\Http\\Request), Object(Closure))
#28 C:\\xampp\\htdocs\\vizsga_backend\\vendor\\laravel\\framework\\src\\Illuminate\\Pipeline\\Pipeline.php(127): Illuminate\\Pipeline\\Pipeline->Illuminate\\Pipeline\\{closure}(Object(Illuminate\\Http\\Request))
#29 C:\\xampp\\htdocs\\vizsga_backend\\vendor\\laravel\\framework\\src\\Illuminate\\Routing\\Router.php(808): Illuminate\\Pipeline\\Pipeline->then(Object(Closure))
#30 C:\\xampp\\htdocs\\vizsga_backend\\vendor\\laravel\\framework\\src\\Illuminate\\Routing\\Router.php(787): Illuminate\\Routing\\Router->runRouteWithinStack(Object(Illuminate\\Routing\\Route), Object(Illuminate\\Http\\Request))
#31 C:\\xampp\\htdocs\\vizsga_backend\\vendor\\laravel\\framework\\src\\Illuminate\\Routing\\Router.php(751): Illuminate\\Routing\\Router->runRoute(Object(Illuminate\\Http\\Request), Object(Illuminate\\Routing\\Route))
#32 C:\\xampp\\htdocs\\vizsga_backend\\vendor\\laravel\\framework\\src\\Illuminate\\Routing\\Router.php(740): Illuminate\\Routing\\Router->dispatchToRoute(Object(Illuminate\\Http\\Request))
#33 C:\\xampp\\htdocs\\vizsga_backend\\vendor\\laravel\\framework\\src\\Illuminate\\Foundation\\Http\\Kernel.php(201): Illuminate\\Routing\\Router->dispatch(Object(Illuminate\\Http\\Request))
#34 C:\\xampp\\htdocs\\vizsga_backend\\vendor\\laravel\\framework\\src\\Illuminate\\Pipeline\\Pipeline.php(170): Illuminate\\Foundation\\Http\\Kernel->Illuminate\\Foundation\\Http\\{closure}(Object(Illuminate\\Http\\Request))
#35 C:\\xampp\\htdocs\\vizsga_backend\\vendor\\laravel\\framework\\src\\Illuminate\\Foundation\\Http\\Middleware\\TransformsRequest.php(21): Illuminate\\Pipeline\\Pipeline->Illuminate\\Pipeline\\{closure}(Object(Illuminate\\Http\\Request))
#36 C:\\xampp\\htdocs\\vizsga_backend\\vendor\\laravel\\framework\\src\\Illuminate\\Foundation\\Http\\Middleware\\ConvertEmptyStringsToNull.php(31): Illuminate\\Foundation\\Http\\Middleware\\TransformsRequest->handle(Object(Illuminate\\Http\\Request), Object(Closure))
#37 C:\\xampp\\htdocs\\vizsga_backend\\vendor\\laravel\\framework\\src\\Illuminate\\Pipeline\\Pipeline.php(209): Illuminate\\Foundation\\Http\\Middleware\\ConvertEmptyStringsToNull->handle(Object(Illuminate\\Http\\Request), Object(Closure))
#38 C:\\xampp\\htdocs\\vizsga_backend\\vendor\\laravel\\framework\\src\\Illuminate\\Foundation\\Http\\Middleware\\TransformsRequest.php(21): Illuminate\\Pipeline\\Pipeline->Illuminate\\Pipeline\\{closure}(Object(Illuminate\\Http\\Request))
#39 C:\\xampp\\htdocs\\vizsga_backend\\vendor\\laravel\\framework\\src\\Illuminate\\Foundation\\Http\\Middleware\\TrimStrings.php(51): Illuminate\\Foundation\\Http\\Middleware\\TransformsRequest->handle(Object(Illuminate\\Http\\Request), Object(Closure))
#40 C:\\xampp\\htdocs\\vizsga_backend\\vendor\\laravel\\framework\\src\\Illuminate\\Pipeline\\Pipeline.php(209): Illuminate\\Foundation\\Http\\Middleware\\TrimStrings->handle(Object(Illuminate\\Http\\Request), Object(Closure))
#41 C:\\xampp\\htdocs\\vizsga_backend\\vendor\\laravel\\framework\\src\\Illuminate\\Http\\Middleware\\ValidatePostSize.php(27): Illuminate\\Pipeline\\Pipeline->Illuminate\\Pipeline\\{closure}(Object(Illuminate\\Http\\Request))
#42 C:\\xampp\\htdocs\\vizsga_backend\\vendor\\laravel\\framework\\src\\Illuminate\\Pipeline\\Pipeline.php(209): Illuminate\\Http\\Middleware\\ValidatePostSize->handle(Object(Illuminate\\Http\\Request), Object(Closure))
#43 C:\\xampp\\htdocs\\vizsga_backend\\vendor\\laravel\\framework\\src\\Illuminate\\Foundation\\Http\\Middleware\\PreventRequestsDuringMaintenance.php(110): Illuminate\\Pipeline\\Pipeline->Illuminate\\Pipeline\\{closure}(Object(Illuminate\\Http\\Request))
#44 C:\\xampp\\htdocs\\vizsga_backend\\vendor\\laravel\\framework\\src\\Illuminate\\Pipeline\\Pipeline.php(209): Illuminate\\Foundation\\Http\\Middleware\\PreventRequestsDuringMaintenance->handle(Object(Illuminate\\Http\\Request), Object(Closure))
#45 C:\\xampp\\htdocs\\vizsga_backend\\vendor\\laravel\\framework\\src\\Illuminate\\Http\\Middleware\\HandleCors.php(62): Illuminate\\Pipeline\\Pipeline->Illuminate\\Pipeline\\{closure}(Object(Illuminate\\Http\\Request))
#46 C:\\xampp\\htdocs\\vizsga_backend\\vendor\\laravel\\framework\\src\\Illuminate\\Pipeline\\Pipeline.php(209): Illuminate\\Http\\Middleware\\HandleCors->handle(Object(Illuminate\\Http\\Request), Object(Closure))
#47 C:\\xampp\\htdocs\\vizsga_backend\\vendor\\laravel\\framework\\src\\Illuminate\\Http\\Middleware\\TrustProxies.php(58): Illuminate\\Pipeline\\Pipeline->Illuminate\\Pipeline\\{closure}(Object(Illuminate\\Http\\Request))
#48 C:\\xampp\\htdocs\\vizsga_backend\\vendor\\laravel\\framework\\src\\Illuminate\\Pipeline\\Pipeline.php(209): Illuminate\\Http\\Middleware\\TrustProxies->handle(Object(Illuminate\\Http\\Request), Object(Closure))
#49 C:\\xampp\\htdocs\\vizsga_backend\\vendor\\laravel\\framework\\src\\Illuminate\\Foundation\\Http\\Middleware\\InvokeDeferredCallbacks.php(22): Illuminate\\Pipeline\\Pipeline->Illuminate\\Pipeline\\{closure}(Object(Illuminate\\Http\\Request))
#50 C:\\xampp\\htdocs\\vizsga_backend\\vendor\\laravel\\framework\\src\\Illuminate\\Pipeline\\Pipeline.php(209): Illuminate\\Foundation\\Http\\Middleware\\InvokeDeferredCallbacks->handle(Object(Illuminate\\Http\\Request), Object(Closure))
#51 C:\\xampp\\htdocs\\vizsga_backend\\vendor\\laravel\\framework\\src\\Illuminate\\Http\\Middleware\\ValidatePathEncoding.php(26): Illuminate\\Pipeline\\Pipeline->Illuminate\\Pipeline\\{closure}(Object(Illuminate\\Http\\Request))
#52 C:\\xampp\\htdocs\\vizsga_backend\\vendor\\laravel\\framework\\src\\Illuminate\\Pipeline\\Pipeline.php(209): Illuminate\\Http\\Middleware\\ValidatePathEncoding->handle(Object(Illuminate\\Http\\Request), Object(Closure))
#53 C:\\xampp\\htdocs\\vizsga_backend\\vendor\\laravel\\framework\\src\\Illuminate\\Pipeline\\Pipeline.php(127): Illuminate\\Pipeline\\Pipeline->Illuminate\\Pipeline\\{closure}(Object(Illuminate\\Http\\Request))
#54 C:\\xampp\\htdocs\\vizsga_backend\\vendor\\laravel\\framework\\src\\Illuminate\\Foundation\\Http\\Kernel.php(176): Illuminate\\Pipeline\\Pipeline->then(Object(Closure))
#55 C:\\xampp\\htdocs\\vizsga_backend\\vendor\\laravel\\framework\\src\\Illuminate\\Foundation\\Http\\Kernel.php(145): Illuminate\\Foundation\\Http\\Kernel->sendRequestThroughRouter(Object(Illuminate\\Http\\Request))
#56 C:\\xampp\\htdocs\\vizsga_backend\\vendor\\laravel\\framework\\src\\Illuminate\\Foundation\\Application.php(1220): Illuminate\\Foundation\\Http\\Kernel->handle(Object(Illuminate\\Http\\Request))
#57 C:\\xampp\\htdocs\\vizsga_backend\\public\\index.php(20): Illuminate\\Foundation\\Application->handleRequest(Object(Illuminate\\Http\\Request))
#58 C:\\xampp\\htdocs\\vizsga_backend\\vendor\\laravel\\framework\\src\\Illuminate\\Foundation\\resources\\server.php(23): require_once('C:\\\\xampp\\\\htdocs...')
#59 {main}

[previous exception] [object] (PDOException(code: 2002): SQLSTATE[HY000] [2002] Nem hozható létre kapcsolat, mert a célszámítógép már visszautasította a kapcsolatot at C:\\xampp\\htdocs\\vizsga_backend\\vendor\\laravel\\framework\\src\\Illuminate\\Database\\Connectors\\Connector.php:66)
[stacktrace]
#0 C:\\xampp\\htdocs\\vizsga_backend\\vendor\\laravel\\framework\\src\\Illuminate\\Database\\Connectors\\Connector.php(66): PDO->__construct('mysql:host=127....', 'root', Object(SensitiveParameterValue), Array)
#1 C:\\xampp\\htdocs\\vizsga_backend\\vendor\\laravel\\framework\\src\\Illuminate\\Database\\Connectors\\Connector.php(44): Illuminate\\Database\\Connectors\\Connector->createPdoConnection('mysql:host=127....', 'root', Object(SensitiveParameterValue), Array)
#2 C:\\xampp\\htdocs\\vizsga_backend\\vendor\\laravel\\framework\\src\\Illuminate\\Database\\Connectors\\MySqlConnector.php(24): Illuminate\\Database\\Connectors\\Connector->createConnection('mysql:host=127....', Array, Array)
#3 C:\\xampp\\htdocs\\vizsga_backend\\vendor\\laravel\\framework\\src\\Illuminate\\Database\\Connectors\\ConnectionFactory.php(185): Illuminate\\Database\\Connectors\\MySqlConnector->connect(Array)
#4 [internal function]: Illuminate\\Database\\Connectors\\ConnectionFactory->Illuminate\\Database\\Connectors\\{closure}()
#5 C:\\xampp\\htdocs\\vizsga_backend\\vendor\\laravel\\framework\\src\\Illuminate\\Database\\Connection.php(1229): call_user_func(Object(Closure))
#6 C:\\xampp\\htdocs\\vizsga_backend\\vendor\\laravel\\framework\\src\\Illuminate\\Database\\Connection.php(1265): Illuminate\\Database\\Connection->getPdo()
#7 C:\\xampp\\htdocs\\vizsga_backend\\vendor\\laravel\\framework\\src\\Illuminate\\Database\\Connection.php(510): Illuminate\\Database\\Connection->getReadPdo()
#8 C:\\xampp\\htdocs\\vizsga_backend\\vendor\\laravel\\framework\\src\\Illuminate\\Database\\Connection.php(405): Illuminate\\Database\\Connection->getPdoForSelect(true)
#9 C:\\xampp\\htdocs\\vizsga_backend\\vendor\\laravel\\framework\\src\\Illuminate\\Database\\Connection.php(810): Illuminate\\Database\\Connection->Illuminate\\Database\\{closure}('select * from `...', Array)
#10 C:\\xampp\\htdocs\\vizsga_backend\\vendor\\laravel\\framework\\src\\Illuminate\\Database\\Connection.php(777): Illuminate\\Database\\Connection->runQueryCallback('select * from `...', Array, Object(Closure))
#11 C:\\xampp\\htdocs\\vizsga_backend\\vendor\\laravel\\framework\\src\\Illuminate\\Database\\Connection.php(396): Illuminate\\Database\\Connection->run('select * from `...', Array, Object(Closure))
#12 C:\\xampp\\htdocs\\vizsga_backend\\vendor\\laravel\\framework\\src\\Illuminate\\Database\\Query\\Builder.php(3105): Illuminate\\Database\\Connection->select('select * from `...', Array, true)
#13 C:\\xampp\\htdocs\\vizsga_backend\\vendor\\laravel\\framework\\src\\Illuminate\\Database\\Query\\Builder.php(3090): Illuminate\\Database\\Query\\Builder->runSelect()
#14 C:\\xampp\\htdocs\\vizsga_backend\\vendor\\laravel\\framework\\src\\Illuminate\\Database\\Query\\Builder.php(3677): Illuminate\\Database\\Query\\Builder->Illuminate\\Database\\Query\\{closure}()
#15 C:\\xampp\\htdocs\\vizsga_backend\\vendor\\laravel\\framework\\src\\Illuminate\\Database\\Query\\Builder.php(3089): Illuminate\\Database\\Query\\Builder->onceWithColumns(Array, Object(Closure))
#16 C:\\xampp\\htdocs\\vizsga_backend\\vendor\\laravel\\framework\\src\\Illuminate\\Database\\Eloquent\\Builder.php(811): Illuminate\\Database\\Query\\Builder->get(Array)
#17 C:\\xampp\\htdocs\\vizsga_backend\\vendor\\laravel\\framework\\src\\Illuminate\\Database\\Eloquent\\Builder.php(793): Illuminate\\Database\\Eloquent\\Builder->getModels(Array)
#18 C:\\xampp\\htdocs\\vizsga_backend\\vendor\\laravel\\framework\\src\\Illuminate\\Database\\Eloquent\\Model.php(694): Illuminate\\Database\\Eloquent\\Builder->get(Array)
#19 C:\\xampp\\htdocs\\vizsga_backend\\app\\Http\\Controllers\\BookController.php(12): Illuminate\\Database\\Eloquent\\Model::all()
#20 C:\\xampp\\htdocs\\vizsga_backend\\vendor\\laravel\\framework\\src\\Illuminate\\Routing\\ControllerDispatcher.php(47): App\\Http\\Controllers\\BookController->index()
#21 C:\\xampp\\htdocs\\vizsga_backend\\vendor\\laravel\\framework\\src\\Illuminate\\Routing\\Route.php(266): Illuminate\\Routing\\ControllerDispatcher->dispatch(Object(Illuminate\\Routing\\Route), Object(App\\Http\\Controllers\\BookController), 'index')
#22 C:\\xampp\\htdocs\\vizsga_backend\\vendor\\laravel\\framework\\src\\Illuminate\\Routing\\Route.php(212): Illuminate\\Routing\\Route->runController()
#23 C:\\xampp\\htdocs\\vizsga_backend\\vendor\\laravel\\framework\\src\\Illuminate\\Routing\\Router.php(809): Illuminate\\Routing\\Route->run()
#24 C:\\xampp\\htdocs\\vizsga_backend\\vendor\\laravel\\framework\\src\\Illuminate\\Pipeline\\Pipeline.php(170): Illuminate\\Routing\\Router->Illuminate\\Routing\\{closure}(Object(Illuminate\\Http\\Request))
#25 C:\\xampp\\htdocs\\vizsga_backend\\vendor\\laravel\\framework\\src\\Illuminate\\Routing\\Middleware\\SubstituteBindings.php(51): Illuminate\\Pipeline\\Pipeline->Illuminate\\Pipeline\\{closure}(Object(Illuminate\\Http\\Request))
#26 C:\\xampp\\htdocs\\vizsga_backend\\vendor\\laravel\\framework\\src\\Illuminate\\Pipeline\\Pipeline.php(209): Illuminate\\Routing\\Middleware\\SubstituteBindings->handle(Object(Illuminate\\Http\\Request), Object(Closure))
#27 C:\\xampp\\htdocs\\vizsga_backend\\vendor\\laravel\\framework\\src\\Illuminate\\Foundation\\Http\\Middleware\\VerifyCsrfToken.php(88): Illuminate\\Pipeline\\Pipeline->Illuminate\\Pipeline\\{closure}(Object(Illuminate\\Http\\Request))
#28 C:\\xampp\\htdocs\\vizsga_backend\\vendor\\laravel\\framework\\src\\Illuminate\\Pipeline\\Pipeline.php(209): Illuminate\\Foundation\\Http\\Middleware\\VerifyCsrfToken->handle(Object(Illuminate\\Http\\Request), Object(Closure))
#29 C:\\xampp\\htdocs\\vizsga_backend\\vendor\\laravel\\framework\\src\\Illuminate\\View\\Middleware\\ShareErrorsFromSession.php(49): Illuminate\\Pipeline\\Pipeline->Illuminate\\Pipeline\\{closure}(Object(Illuminate\\Http\\Request))
#30 C:\\xampp\\htdocs\\vizsga_backend\\vendor\\laravel\\framework\\src\\Illuminate\\Pipeline\\Pipeline.php(209): Illuminate\\View\\Middleware\\ShareErrorsFromSession->handle(Object(Illuminate\\Http\\Request), Object(Closure))
#31 C:\\xampp\\htdocs\\vizsga_backend\\vendor\\laravel\\framework\\src\\Illuminate\\Session\\Middleware\\StartSession.php(121): Illuminate\\Pipeline\\Pipeline->Illuminate\\Pipeline\\{closure}(Object(Illuminate\\Http\\Request))
#32 C:\\xampp\\htdocs\\vizsga_backend\\vendor\\laravel\\framework\\src\\Illuminate\\Session\\Middleware\\StartSession.php(64): Illuminate\\Session\\Middleware\\StartSession->handleStatefulRequest(Object(Illuminate\\Http\\Request), Object(Illuminate\\Session\\Store), Object(Closure))
#33 C:\\xampp\\htdocs\\vizsga_backend\\vendor\\laravel\\framework\\src\\Illuminate\\Pipeline\\Pipeline.php(209): Illuminate\\Session\\Middleware\\StartSession->handle(Object(Illuminate\\Http\\Request), Object(Closure))
#34 C:\\xampp\\htdocs\\vizsga_backend\\vendor\\laravel\\framework\\src\\Illuminate\\Cookie\\Middleware\\AddQueuedCookiesToResponse.php(37): Illuminate\\Pipeline\\Pipeline->Illuminate\\Pipeline\\{closure}(Object(Illuminate\\Http\\Request))
#35 C:\\xampp\\htdocs\\vizsga_backend\\vendor\\laravel\\framework\\src\\Illuminate\\Pipeline\\Pipeline.php(209): Illuminate\\Cookie\\Middleware\\AddQueuedCookiesToResponse->handle(Object(Illuminate\\Http\\Request), Object(Closure))
#36 C:\\xampp\\htdocs\\vizsga_backend\\vendor\\laravel\\framework\\src\\Illuminate\\Cookie\\Middleware\\EncryptCookies.php(75): Illuminate\\Pipeline\\Pipeline->Illuminate\\Pipeline\\{closure}(Object(Illuminate\\Http\\Request))
#37 C:\\xampp\\htdocs\\vizsga_backend\\vendor\\laravel\\framework\\src\\Illuminate\\Pipeline\\Pipeline.php(209): Illuminate\\Cookie\\Middleware\\EncryptCookies->handle(Object(Illuminate\\Http\\Request), Object(Closure))
#38 C:\\xampp\\htdocs\\vizsga_backend\\vendor\\laravel\\framework\\src\\Illuminate\\Pipeline\\Pipeline.php(127): Illuminate\\Pipeline\\Pipeline->Illuminate\\Pipeline\\{closure}(Object(Illuminate\\Http\\Request))
#39 C:\\xampp\\htdocs\\vizsga_backend\\vendor\\laravel\\framework\\src\\Illuminate\\Routing\\Router.php(808): Illuminate\\Pipeline\\Pipeline->then(Object(Closure))
#40 C:\\xampp\\htdocs\\vizsga_backend\\vendor\\laravel\\framework\\src\\Illuminate\\Routing\\Router.php(787): Illuminate\\Routing\\Router->runRouteWithinStack(Object(Illuminate\\Routing\\Route), Object(Illuminate\\Http\\Request))
#41 C:\\xampp\\htdocs\\vizsga_backend\\vendor\\laravel\\framework\\src\\Illuminate\\Routing\\Router.php(751): Illuminate\\Routing\\Router->runRoute(Object(Illuminate\\Http\\Request), Object(Illuminate\\Routing\\Route))
#42 C:\\xampp\\htdocs\\vizsga_backend\\vendor\\laravel\\framework\\src\\Illuminate\\Routing\\Router.php(740): Illuminate\\Routing\\Router->dispatchToRoute(Object(Illuminate\\Http\\Request))
#43 C:\\xampp\\htdocs\\vizsga_backend\\vendor\\laravel\\framework\\src\\Illuminate\\Foundation\\Http\\Kernel.php(201): Illuminate\\Routing\\Router->dispatch(Object(Illuminate\\Http\\Request))
#44 C:\\xampp\\htdocs\\vizsga_backend\\vendor\\laravel\\framework\\src\\Illuminate\\Pipeline\\Pipeline.php(170): Illuminate\\Foundation\\Http\\Kernel->Illuminate\\Foundation\\Http\\{closure}(Object(Illuminate\\Http\\Request))
#45 C:\\xampp\\htdocs\\vizsga_backend\\vendor\\laravel\\framework\\src\\Illuminate\\Foundation\\Http\\Middleware\\TransformsRequest.php(21): Illuminate\\Pipeline\\Pipeline->Illuminate\\Pipeline\\{closure}(Object(Illuminate\\Http\\Request))
#46 C:\\xampp\\htdocs\\vizsga_backend\\vendor\\laravel\\framework\\src\\Illuminate\\Foundation\\Http\\Middleware\\ConvertEmptyStringsToNull.php(31): Illuminate\\Foundation\\Http\\Middleware\\TransformsRequest->handle(Object(Illuminate\\Http\\Request), Object(Closure))
#47 C:\\xampp\\htdocs\\vizsga_backend\\vendor\\laravel\\framework\\src\\Illuminate\\Pipeline\\Pipeline.php(209): Illuminate\\Foundation\\Http\\Middleware\\ConvertEmptyStringsToNull->handle(Object(Illuminate\\Http\\Request), Object(Closure))
#48 C:\\xampp\\htdocs\\vizsga_backend\\vendor\\laravel\\framework\\src\\Illuminate\\Foundation\\Http\\Middleware\\TransformsRequest.php(21): Illuminate\\Pipeline\\Pipeline->Illuminate\\Pipeline\\{closure}(Object(Illuminate\\Http\\Request))
#49 C:\\xampp\\htdocs\\vizsga_backend\\vendor\\laravel\\framework\\src\\Illuminate\\Foundation\\Http\\Middleware\\TrimStrings.php(51): Illuminate\\Foundation\\Http\\Middleware\\TransformsRequest->handle(Object(Illuminate\\Http\\Request), Object(Closure))
#50 C:\\xampp\\htdocs\\vizsga_backend\\vendor\\laravel\\framework\\src\\Illuminate\\Pipeline\\Pipeline.php(209): Illuminate\\Foundation\\Http\\Middleware\\TrimStrings->handle(Object(Illuminate\\Http\\Request), Object(Closure))
#51 C:\\xampp\\htdocs\\vizsga_backend\\vendor\\laravel\\framework\\src\\Illuminate\\Http\\Middleware\\ValidatePostSize.php(27): Illuminate\\Pipeline\\Pipeline->Illuminate\\Pipeline\\{closure}(Object(Illuminate\\Http\\Request))
#52 C:\\xampp\\htdocs\\vizsga_backend\\vendor\\laravel\\framework\\src\\Illuminate\\Pipeline\\Pipeline.php(209): Illuminate\\Http\\Middleware\\ValidatePostSize->handle(Object(Illuminate\\Http\\Request), Object(Closure))
#53 C:\\xampp\\htdocs\\vizsga_backend\\vendor\\laravel\\framework\\src\\Illuminate\\Foundation\\Http\\Middleware\\PreventRequestsDuringMaintenance.php(110): Illuminate\\Pipeline\\Pipeline->Illuminate\\Pipeline\\{closure}(Object(Illuminate\\Http\\Request))
#54 C:\\xampp\\htdocs\\vizsga_backend\\vendor\\laravel\\framework\\src\\Illuminate\\Pipeline\\Pipeline.php(209): Illuminate\\Foundation\\Http\\Middleware\\PreventRequestsDuringMaintenance->handle(Object(Illuminate\\Http\\Request), Object(Closure))
#55 C:\\xampp\\htdocs\\vizsga_backend\\vendor\\laravel\\framework\\src\\Illuminate\\Http\\Middleware\\HandleCors.php(62): Illuminate\\Pipeline\\Pipeline->Illuminate\\Pipeline\\{closure}(Object(Illuminate\\Http\\Request))
#56 C:\\xampp\\htdocs\\vizsga_backend\\vendor\\laravel\\framework\\src\\Illuminate\\Pipeline\\Pipeline.php(209): Illuminate\\Http\\Middleware\\HandleCors->handle(Object(Illuminate\\Http\\Request), Object(Closure))
#57 C:\\xampp\\htdocs\\vizsga_backend\\vendor\\laravel\\framework\\src\\Illuminate\\Http\\Middleware\\TrustProxies.php(58): Illuminate\\Pipeline\\Pipeline->Illuminate\\Pipeline\\{closure}(Object(Illuminate\\Http\\Request))
#58 C:\\xampp\\htdocs\\vizsga_backend\\vendor\\laravel\\framework\\src\\Illuminate\\Pipeline\\Pipeline.php(209): Illuminate\\Http\\Middleware\\TrustProxies->handle(Object(Illuminate\\Http\\Request), Object(Closure))
#59 C:\\xampp\\htdocs\\vizsga_backend\\vendor\\laravel\\framework\\src\\Illuminate\\Foundation\\Http\\Middleware\\InvokeDeferredCallbacks.php(22): Illuminate\\Pipeline\\Pipeline->Illuminate\\Pipeline\\{closure}(Object(Illuminate\\Http\\Request))
#60 C:\\xampp\\htdocs\\vizsga_backend\\vendor\\laravel\\framework\\src\\Illuminate\\Pipeline\\Pipeline.php(209): Illuminate\\Foundation\\Http\\Middleware\\InvokeDeferredCallbacks->handle(Object(Illuminate\\Http\\Request), Object(Closure))
#61 C:\\xampp\\htdocs\\vizsga_backend\\vendor\\laravel\\framework\\src\\Illuminate\\Http\\Middleware\\ValidatePathEncoding.php(26): Illuminate\\Pipeline\\Pipeline->Illuminate\\Pipeline\\{closure}(Object(Illuminate\\Http\\Request))
#62 C:\\xampp\\htdocs\\vizsga_backend\\vendor\\laravel\\framework\\src\\Illuminate\\Pipeline\\Pipeline.php(209): Illuminate\\Http\\Middleware\\ValidatePathEncoding->handle(Object(Illuminate\\Http\\Request), Object(Closure))
#63 C:\\xampp\\htdocs\\vizsga_backend\\vendor\\laravel\\framework\\src\\Illuminate\\Pipeline\\Pipeline.php(127): Illuminate\\Pipeline\\Pipeline->Illuminate\\Pipeline\\{closure}(Object(Illuminate\\Http\\Request))
#64 C:\\xampp\\htdocs\\vizsga_backend\\vendor\\laravel\\framework\\src\\Illuminate\\Foundation\\Http\\Kernel.php(176): Illuminate\\Pipeline\\Pipeline->then(Object(Closure))
#65 C:\\xampp\\htdocs\\vizsga_backend\\vendor\\laravel\\framework\\src\\Illuminate\\Foundation\\Http\\Kernel.php(145): Illuminate\\Foundation\\Http\\Kernel->sendRequestThroughRouter(Object(Illuminate\\Http\\Request))
#66 C:\\xampp\\htdocs\\vizsga_backend\\vendor\\laravel\\framework\\src\\Illuminate\\Foundation\\Application.php(1220): Illuminate\\Foundation\\Http\\Kernel->handle(Object(Illuminate\\Http\\Request))
#67 C:\\xampp\\htdocs\\vizsga_backend\\public\\index.php(20): Illuminate\\Foundation\\Application->handleRequest(Object(Illuminate\\Http\\Request))
#68 C:\\xampp\\htdocs\\vizsga_backend\\vendor\\laravel\\framework\\src\\Illuminate\\Foundation\\resources\\server.php(23): require_once('C:\\\\xampp\\\\htdocs...')
#69 {main}
"} 
[2025-03-26 18:19:22] local.ERROR: SQLSTATE[HY000] [2002] Nem hozható létre kapcsolat, mert a célszámítógép már visszautasította a kapcsolatot (Connection: mysql, SQL: select * from `books`) {"exception":"[object] (Illuminate\\Database\\QueryException(code: 2002): SQLSTATE[HY000] [2002] Nem hozható létre kapcsolat, mert a célszámítógép már visszautasította a kapcsolatot (Connection: mysql, SQL: select * from `books`) at C:\\xampp\\htdocs\\vizsga_backend\\vendor\\laravel\\framework\\src\\Illuminate\\Database\\Connection.php:823)
[stacktrace]
#0 C:\\xampp\\htdocs\\vizsga_backend\\vendor\\laravel\\framework\\src\\Illuminate\\Database\\Connection.php(777): Illuminate\\Database\\Connection->runQueryCallback('select * from `...', Array, Object(Closure))
#1 C:\\xampp\\htdocs\\vizsga_backend\\vendor\\laravel\\framework\\src\\Illuminate\\Database\\Connection.php(396): Illuminate\\Database\\Connection->run('select * from `...', Array, Object(Closure))
#2 C:\\xampp\\htdocs\\vizsga_backend\\vendor\\laravel\\framework\\src\\Illuminate\\Database\\Query\\Builder.php(3105): Illuminate\\Database\\Connection->select('select * from `...', Array, true)
#3 C:\\xampp\\htdocs\\vizsga_backend\\vendor\\laravel\\framework\\src\\Illuminate\\Database\\Query\\Builder.php(3090): Illuminate\\Database\\Query\\Builder->runSelect()
#4 C:\\xampp\\htdocs\\vizsga_backend\\vendor\\laravel\\framework\\src\\Illuminate\\Database\\Query\\Builder.php(3677): Illuminate\\Database\\Query\\Builder->Illuminate\\Database\\Query\\{closure}()
#5 C:\\xampp\\htdocs\\vizsga_backend\\vendor\\laravel\\framework\\src\\Illuminate\\Database\\Query\\Builder.php(3089): Illuminate\\Database\\Query\\Builder->onceWithColumns(Array, Object(Closure))
#6 C:\\xampp\\htdocs\\vizsga_backend\\vendor\\laravel\\framework\\src\\Illuminate\\Database\\Eloquent\\Builder.php(811): Illuminate\\Database\\Query\\Builder->get(Array)
#7 C:\\xampp\\htdocs\\vizsga_backend\\vendor\\laravel\\framework\\src\\Illuminate\\Database\\Eloquent\\Builder.php(793): Illuminate\\Database\\Eloquent\\Builder->getModels(Array)
#8 C:\\xampp\\htdocs\\vizsga_backend\\vendor\\laravel\\framework\\src\\Illuminate\\Database\\Eloquent\\Model.php(694): Illuminate\\Database\\Eloquent\\Builder->get(Array)
#9 C:\\xampp\\htdocs\\vizsga_backend\\app\\Http\\Controllers\\BookController.php(12): Illuminate\\Database\\Eloquent\\Model::all()
#10 C:\\xampp\\htdocs\\vizsga_backend\\vendor\\laravel\\framework\\src\\Illuminate\\Routing\\ControllerDispatcher.php(47): App\\Http\\Controllers\\BookController->index()
#11 C:\\xampp\\htdocs\\vizsga_backend\\vendor\\laravel\\framework\\src\\Illuminate\\Routing\\Route.php(266): Illuminate\\Routing\\ControllerDispatcher->dispatch(Object(Illuminate\\Routing\\Route), Object(App\\Http\\Controllers\\BookController), 'index')
#12 C:\\xampp\\htdocs\\vizsga_backend\\vendor\\laravel\\framework\\src\\Illuminate\\Routing\\Route.php(212): Illuminate\\Routing\\Route->runController()
#13 C:\\xampp\\htdocs\\vizsga_backend\\vendor\\laravel\\framework\\src\\Illuminate\\Routing\\Router.php(809): Illuminate\\Routing\\Route->run()
#14 C:\\xampp\\htdocs\\vizsga_backend\\vendor\\laravel\\framework\\src\\Illuminate\\Pipeline\\Pipeline.php(170): Illuminate\\Routing\\Router->Illuminate\\Routing\\{closure}(Object(Illuminate\\Http\\Request))
#15 C:\\xampp\\htdocs\\vizsga_backend\\vendor\\laravel\\framework\\src\\Illuminate\\Routing\\Middleware\\SubstituteBindings.php(51): Illuminate\\Pipeline\\Pipeline->Illuminate\\Pipeline\\{closure}(Object(Illuminate\\Http\\Request))
#16 C:\\xampp\\htdocs\\vizsga_backend\\vendor\\laravel\\framework\\src\\Illuminate\\Pipeline\\Pipeline.php(209): Illuminate\\Routing\\Middleware\\SubstituteBindings->handle(Object(Illuminate\\Http\\Request), Object(Closure))
#17 C:\\xampp\\htdocs\\vizsga_backend\\vendor\\laravel\\framework\\src\\Illuminate\\Foundation\\Http\\Middleware\\VerifyCsrfToken.php(88): Illuminate\\Pipeline\\Pipeline->Illuminate\\Pipeline\\{closure}(Object(Illuminate\\Http\\Request))
#18 C:\\xampp\\htdocs\\vizsga_backend\\vendor\\laravel\\framework\\src\\Illuminate\\Pipeline\\Pipeline.php(209): Illuminate\\Foundation\\Http\\Middleware\\VerifyCsrfToken->handle(Object(Illuminate\\Http\\Request), Object(Closure))
#19 C:\\xampp\\htdocs\\vizsga_backend\\vendor\\laravel\\framework\\src\\Illuminate\\View\\Middleware\\ShareErrorsFromSession.php(49): Illuminate\\Pipeline\\Pipeline->Illuminate\\Pipeline\\{closure}(Object(Illuminate\\Http\\Request))
#20 C:\\xampp\\htdocs\\vizsga_backend\\vendor\\laravel\\framework\\src\\Illuminate\\Pipeline\\Pipeline.php(209): Illuminate\\View\\Middleware\\ShareErrorsFromSession->handle(Object(Illuminate\\Http\\Request), Object(Closure))
#21 C:\\xampp\\htdocs\\vizsga_backend\\vendor\\laravel\\framework\\src\\Illuminate\\Session\\Middleware\\StartSession.php(121): Illuminate\\Pipeline\\Pipeline->Illuminate\\Pipeline\\{closure}(Object(Illuminate\\Http\\Request))
#22 C:\\xampp\\htdocs\\vizsga_backend\\vendor\\laravel\\framework\\src\\Illuminate\\Session\\Middleware\\StartSession.php(64): Illuminate\\Session\\Middleware\\StartSession->handleStatefulRequest(Object(Illuminate\\Http\\Request), Object(Illuminate\\Session\\Store), Object(Closure))
#23 C:\\xampp\\htdocs\\vizsga_backend\\vendor\\laravel\\framework\\src\\Illuminate\\Pipeline\\Pipeline.php(209): Illuminate\\Session\\Middleware\\StartSession->handle(Object(Illuminate\\Http\\Request), Object(Closure))
#24 C:\\xampp\\htdocs\\vizsga_backend\\vendor\\laravel\\framework\\src\\Illuminate\\Cookie\\Middleware\\AddQueuedCookiesToResponse.php(37): Illuminate\\Pipeline\\Pipeline->Illuminate\\Pipeline\\{closure}(Object(Illuminate\\Http\\Request))
#25 C:\\xampp\\htdocs\\vizsga_backend\\vendor\\laravel\\framework\\src\\Illuminate\\Pipeline\\Pipeline.php(209): Illuminate\\Cookie\\Middleware\\AddQueuedCookiesToResponse->handle(Object(Illuminate\\Http\\Request), Object(Closure))
#26 C:\\xampp\\htdocs\\vizsga_backend\\vendor\\laravel\\framework\\src\\Illuminate\\Cookie\\Middleware\\EncryptCookies.php(75): Illuminate\\Pipeline\\Pipeline->Illuminate\\Pipeline\\{closure}(Object(Illuminate\\Http\\Request))
#27 C:\\xampp\\htdocs\\vizsga_backend\\vendor\\laravel\\framework\\src\\Illuminate\\Pipeline\\Pipeline.php(209): Illuminate\\Cookie\\Middleware\\EncryptCookies->handle(Object(Illuminate\\Http\\Request), Object(Closure))
#28 C:\\xampp\\htdocs\\vizsga_backend\\vendor\\laravel\\framework\\src\\Illuminate\\Pipeline\\Pipeline.php(127): Illuminate\\Pipeline\\Pipeline->Illuminate\\Pipeline\\{closure}(Object(Illuminate\\Http\\Request))
#29 C:\\xampp\\htdocs\\vizsga_backend\\vendor\\laravel\\framework\\src\\Illuminate\\Routing\\Router.php(808): Illuminate\\Pipeline\\Pipeline->then(Object(Closure))
#30 C:\\xampp\\htdocs\\vizsga_backend\\vendor\\laravel\\framework\\src\\Illuminate\\Routing\\Router.php(787): Illuminate\\Routing\\Router->runRouteWithinStack(Object(Illuminate\\Routing\\Route), Object(Illuminate\\Http\\Request))
#31 C:\\xampp\\htdocs\\vizsga_backend\\vendor\\laravel\\framework\\src\\Illuminate\\Routing\\Router.php(751): Illuminate\\Routing\\Router->runRoute(Object(Illuminate\\Http\\Request), Object(Illuminate\\Routing\\Route))
#32 C:\\xampp\\htdocs\\vizsga_backend\\vendor\\laravel\\framework\\src\\Illuminate\\Routing\\Router.php(740): Illuminate\\Routing\\Router->dispatchToRoute(Object(Illuminate\\Http\\Request))
#33 C:\\xampp\\htdocs\\vizsga_backend\\vendor\\laravel\\framework\\src\\Illuminate\\Foundation\\Http\\Kernel.php(201): Illuminate\\Routing\\Router->dispatch(Object(Illuminate\\Http\\Request))
#34 C:\\xampp\\htdocs\\vizsga_backend\\vendor\\laravel\\framework\\src\\Illuminate\\Pipeline\\Pipeline.php(170): Illuminate\\Foundation\\Http\\Kernel->Illuminate\\Foundation\\Http\\{closure}(Object(Illuminate\\Http\\Request))
#35 C:\\xampp\\htdocs\\vizsga_backend\\vendor\\laravel\\framework\\src\\Illuminate\\Foundation\\Http\\Middleware\\TransformsRequest.php(21): Illuminate\\Pipeline\\Pipeline->Illuminate\\Pipeline\\{closure}(Object(Illuminate\\Http\\Request))
#36 C:\\xampp\\htdocs\\vizsga_backend\\vendor\\laravel\\framework\\src\\Illuminate\\Foundation\\Http\\Middleware\\ConvertEmptyStringsToNull.php(31): Illuminate\\Foundation\\Http\\Middleware\\TransformsRequest->handle(Object(Illuminate\\Http\\Request), Object(Closure))
#37 C:\\xampp\\htdocs\\vizsga_backend\\vendor\\laravel\\framework\\src\\Illuminate\\Pipeline\\Pipeline.php(209): Illuminate\\Foundation\\Http\\Middleware\\ConvertEmptyStringsToNull->handle(Object(Illuminate\\Http\\Request), Object(Closure))
#38 C:\\xampp\\htdocs\\vizsga_backend\\vendor\\laravel\\framework\\src\\Illuminate\\Foundation\\Http\\Middleware\\TransformsRequest.php(21): Illuminate\\Pipeline\\Pipeline->Illuminate\\Pipeline\\{closure}(Object(Illuminate\\Http\\Request))
#39 C:\\xampp\\htdocs\\vizsga_backend\\vendor\\laravel\\framework\\src\\Illuminate\\Foundation\\Http\\Middleware\\TrimStrings.php(51): Illuminate\\Foundation\\Http\\Middleware\\TransformsRequest->handle(Object(Illuminate\\Http\\Request), Object(Closure))
#40 C:\\xampp\\htdocs\\vizsga_backend\\vendor\\laravel\\framework\\src\\Illuminate\\Pipeline\\Pipeline.php(209): Illuminate\\Foundation\\Http\\Middleware\\TrimStrings->handle(Object(Illuminate\\Http\\Request), Object(Closure))
#41 C:\\xampp\\htdocs\\vizsga_backend\\vendor\\laravel\\framework\\src\\Illuminate\\Http\\Middleware\\ValidatePostSize.php(27): Illuminate\\Pipeline\\Pipeline->Illuminate\\Pipeline\\{closure}(Object(Illuminate\\Http\\Request))
#42 C:\\xampp\\htdocs\\vizsga_backend\\vendor\\laravel\\framework\\src\\Illuminate\\Pipeline\\Pipeline.php(209): Illuminate\\Http\\Middleware\\ValidatePostSize->handle(Object(Illuminate\\Http\\Request), Object(Closure))
#43 C:\\xampp\\htdocs\\vizsga_backend\\vendor\\laravel\\framework\\src\\Illuminate\\Foundation\\Http\\Middleware\\PreventRequestsDuringMaintenance.php(110): Illuminate\\Pipeline\\Pipeline->Illuminate\\Pipeline\\{closure}(Object(Illuminate\\Http\\Request))
#44 C:\\xampp\\htdocs\\vizsga_backend\\vendor\\laravel\\framework\\src\\Illuminate\\Pipeline\\Pipeline.php(209): Illuminate\\Foundation\\Http\\Middleware\\PreventRequestsDuringMaintenance->handle(Object(Illuminate\\Http\\Request), Object(Closure))
#45 C:\\xampp\\htdocs\\vizsga_backend\\vendor\\laravel\\framework\\src\\Illuminate\\Http\\Middleware\\HandleCors.php(62): Illuminate\\Pipeline\\Pipeline->Illuminate\\Pipeline\\{closure}(Object(Illuminate\\Http\\Request))
#46 C:\\xampp\\htdocs\\vizsga_backend\\vendor\\laravel\\framework\\src\\Illuminate\\Pipeline\\Pipeline.php(209): Illuminate\\Http\\Middleware\\HandleCors->handle(Object(Illuminate\\Http\\Request), Object(Closure))
#47 C:\\xampp\\htdocs\\vizsga_backend\\vendor\\laravel\\framework\\src\\Illuminate\\Http\\Middleware\\TrustProxies.php(58): Illuminate\\Pipeline\\Pipeline->Illuminate\\Pipeline\\{closure}(Object(Illuminate\\Http\\Request))
#48 C:\\xampp\\htdocs\\vizsga_backend\\vendor\\laravel\\framework\\src\\Illuminate\\Pipeline\\Pipeline.php(209): Illuminate\\Http\\Middleware\\TrustProxies->handle(Object(Illuminate\\Http\\Request), Object(Closure))
#49 C:\\xampp\\htdocs\\vizsga_backend\\vendor\\laravel\\framework\\src\\Illuminate\\Foundation\\Http\\Middleware\\InvokeDeferredCallbacks.php(22): Illuminate\\Pipeline\\Pipeline->Illuminate\\Pipeline\\{closure}(Object(Illuminate\\Http\\Request))
#50 C:\\xampp\\htdocs\\vizsga_backend\\vendor\\laravel\\framework\\src\\Illuminate\\Pipeline\\Pipeline.php(209): Illuminate\\Foundation\\Http\\Middleware\\InvokeDeferredCallbacks->handle(Object(Illuminate\\Http\\Request), Object(Closure))
#51 C:\\xampp\\htdocs\\vizsga_backend\\vendor\\laravel\\framework\\src\\Illuminate\\Http\\Middleware\\ValidatePathEncoding.php(26): Illuminate\\Pipeline\\Pipeline->Illuminate\\Pipeline\\{closure}(Object(Illuminate\\Http\\Request))
#52 C:\\xampp\\htdocs\\vizsga_backend\\vendor\\laravel\\framework\\src\\Illuminate\\Pipeline\\Pipeline.php(209): Illuminate\\Http\\Middleware\\ValidatePathEncoding->handle(Object(Illuminate\\Http\\Request), Object(Closure))
#53 C:\\xampp\\htdocs\\vizsga_backend\\vendor\\laravel\\framework\\src\\Illuminate\\Pipeline\\Pipeline.php(127): Illuminate\\Pipeline\\Pipeline->Illuminate\\Pipeline\\{closure}(Object(Illuminate\\Http\\Request))
#54 C:\\xampp\\htdocs\\vizsga_backend\\vendor\\laravel\\framework\\src\\Illuminate\\Foundation\\Http\\Kernel.php(176): Illuminate\\Pipeline\\Pipeline->then(Object(Closure))
#55 C:\\xampp\\htdocs\\vizsga_backend\\vendor\\laravel\\framework\\src\\Illuminate\\Foundation\\Http\\Kernel.php(145): Illuminate\\Foundation\\Http\\Kernel->sendRequestThroughRouter(Object(Illuminate\\Http\\Request))
#56 C:\\xampp\\htdocs\\vizsga_backend\\vendor\\laravel\\framework\\src\\Illuminate\\Foundation\\Application.php(1220): Illuminate\\Foundation\\Http\\Kernel->handle(Object(Illuminate\\Http\\Request))
#57 C:\\xampp\\htdocs\\vizsga_backend\\public\\index.php(20): Illuminate\\Foundation\\Application->handleRequest(Object(Illuminate\\Http\\Request))
#58 C:\\xampp\\htdocs\\vizsga_backend\\vendor\\laravel\\framework\\src\\Illuminate\\Foundation\\resources\\server.php(23): require_once('C:\\\\xampp\\\\htdocs...')
#59 {main}

[previous exception] [object] (PDOException(code: 2002): SQLSTATE[HY000] [2002] Nem hozható létre kapcsolat, mert a célszámítógép már visszautasította a kapcsolatot at C:\\xampp\\htdocs\\vizsga_backend\\vendor\\laravel\\framework\\src\\Illuminate\\Database\\Connectors\\Connector.php:66)
[stacktrace]
#0 C:\\xampp\\htdocs\\vizsga_backend\\vendor\\laravel\\framework\\src\\Illuminate\\Database\\Connectors\\Connector.php(66): PDO->__construct('mysql:host=127....', 'root', Object(SensitiveParameterValue), Array)
#1 C:\\xampp\\htdocs\\vizsga_backend\\vendor\\laravel\\framework\\src\\Illuminate\\Database\\Connectors\\Connector.php(44): Illuminate\\Database\\Connectors\\Connector->createPdoConnection('mysql:host=127....', 'root', Object(SensitiveParameterValue), Array)
#2 C:\\xampp\\htdocs\\vizsga_backend\\vendor\\laravel\\framework\\src\\Illuminate\\Database\\Connectors\\MySqlConnector.php(24): Illuminate\\Database\\Connectors\\Connector->createConnection('mysql:host=127....', Array, Array)
#3 C:\\xampp\\htdocs\\vizsga_backend\\vendor\\laravel\\framework\\src\\Illuminate\\Database\\Connectors\\ConnectionFactory.php(185): Illuminate\\Database\\Connectors\\MySqlConnector->connect(Array)
#4 [internal function]: Illuminate\\Database\\Connectors\\ConnectionFactory->Illuminate\\Database\\Connectors\\{closure}()
#5 C:\\xampp\\htdocs\\vizsga_backend\\vendor\\laravel\\framework\\src\\Illuminate\\Database\\Connection.php(1229): call_user_func(Object(Closure))
#6 C:\\xampp\\htdocs\\vizsga_backend\\vendor\\laravel\\framework\\src\\Illuminate\\Database\\Connection.php(1265): Illuminate\\Database\\Connection->getPdo()
#7 C:\\xampp\\htdocs\\vizsga_backend\\vendor\\laravel\\framework\\src\\Illuminate\\Database\\Connection.php(510): Illuminate\\Database\\Connection->getReadPdo()
#8 C:\\xampp\\htdocs\\vizsga_backend\\vendor\\laravel\\framework\\src\\Illuminate\\Database\\Connection.php(405): Illuminate\\Database\\Connection->getPdoForSelect(true)
#9 C:\\xampp\\htdocs\\vizsga_backend\\vendor\\laravel\\framework\\src\\Illuminate\\Database\\Connection.php(810): Illuminate\\Database\\Connection->Illuminate\\Database\\{closure}('select * from `...', Array)
#10 C:\\xampp\\htdocs\\vizsga_backend\\vendor\\laravel\\framework\\src\\Illuminate\\Database\\Connection.php(777): Illuminate\\Database\\Connection->runQueryCallback('select * from `...', Array, Object(Closure))
#11 C:\\xampp\\htdocs\\vizsga_backend\\vendor\\laravel\\framework\\src\\Illuminate\\Database\\Connection.php(396): Illuminate\\Database\\Connection->run('select * from `...', Array, Object(Closure))
#12 C:\\xampp\\htdocs\\vizsga_backend\\vendor\\laravel\\framework\\src\\Illuminate\\Database\\Query\\Builder.php(3105): Illuminate\\Database\\Connection->select('select * from `...', Array, true)
#13 C:\\xampp\\htdocs\\vizsga_backend\\vendor\\laravel\\framework\\src\\Illuminate\\Database\\Query\\Builder.php(3090): Illuminate\\Database\\Query\\Builder->runSelect()
#14 C:\\xampp\\htdocs\\vizsga_backend\\vendor\\laravel\\framework\\src\\Illuminate\\Database\\Query\\Builder.php(3677): Illuminate\\Database\\Query\\Builder->Illuminate\\Database\\Query\\{closure}()
#15 C:\\xampp\\htdocs\\vizsga_backend\\vendor\\laravel\\framework\\src\\Illuminate\\Database\\Query\\Builder.php(3089): Illuminate\\Database\\Query\\Builder->onceWithColumns(Array, Object(Closure))
#16 C:\\xampp\\htdocs\\vizsga_backend\\vendor\\laravel\\framework\\src\\Illuminate\\Database\\Eloquent\\Builder.php(811): Illuminate\\Database\\Query\\Builder->get(Array)
#17 C:\\xampp\\htdocs\\vizsga_backend\\vendor\\laravel\\framework\\src\\Illuminate\\Database\\Eloquent\\Builder.php(793): Illuminate\\Database\\Eloquent\\Builder->getModels(Array)
#18 C:\\xampp\\htdocs\\vizsga_backend\\vendor\\laravel\\framework\\src\\Illuminate\\Database\\Eloquent\\Model.php(694): Illuminate\\Database\\Eloquent\\Builder->get(Array)
#19 C:\\xampp\\htdocs\\vizsga_backend\\app\\Http\\Controllers\\BookController.php(12): Illuminate\\Database\\Eloquent\\Model::all()
#20 C:\\xampp\\htdocs\\vizsga_backend\\vendor\\laravel\\framework\\src\\Illuminate\\Routing\\ControllerDispatcher.php(47): App\\Http\\Controllers\\BookController->index()
#21 C:\\xampp\\htdocs\\vizsga_backend\\vendor\\laravel\\framework\\src\\Illuminate\\Routing\\Route.php(266): Illuminate\\Routing\\ControllerDispatcher->dispatch(Object(Illuminate\\Routing\\Route), Object(App\\Http\\Controllers\\BookController), 'index')
#22 C:\\xampp\\htdocs\\vizsga_backend\\vendor\\laravel\\framework\\src\\Illuminate\\Routing\\Route.php(212): Illuminate\\Routing\\Route->runController()
#23 C:\\xampp\\htdocs\\vizsga_backend\\vendor\\laravel\\framework\\src\\Illuminate\\Routing\\Router.php(809): Illuminate\\Routing\\Route->run()
#24 C:\\xampp\\htdocs\\vizsga_backend\\vendor\\laravel\\framework\\src\\Illuminate\\Pipeline\\Pipeline.php(170): Illuminate\\Routing\\Router->Illuminate\\Routing\\{closure}(Object(Illuminate\\Http\\Request))
#25 C:\\xampp\\htdocs\\vizsga_backend\\vendor\\laravel\\framework\\src\\Illuminate\\Routing\\Middleware\\SubstituteBindings.php(51): Illuminate\\Pipeline\\Pipeline->Illuminate\\Pipeline\\{closure}(Object(Illuminate\\Http\\Request))
#26 C:\\xampp\\htdocs\\vizsga_backend\\vendor\\laravel\\framework\\src\\Illuminate\\Pipeline\\Pipeline.php(209): Illuminate\\Routing\\Middleware\\SubstituteBindings->handle(Object(Illuminate\\Http\\Request), Object(Closure))
#27 C:\\xampp\\htdocs\\vizsga_backend\\vendor\\laravel\\framework\\src\\Illuminate\\Foundation\\Http\\Middleware\\VerifyCsrfToken.php(88): Illuminate\\Pipeline\\Pipeline->Illuminate\\Pipeline\\{closure}(Object(Illuminate\\Http\\Request))
#28 C:\\xampp\\htdocs\\vizsga_backend\\vendor\\laravel\\framework\\src\\Illuminate\\Pipeline\\Pipeline.php(209): Illuminate\\Foundation\\Http\\Middleware\\VerifyCsrfToken->handle(Object(Illuminate\\Http\\Request), Object(Closure))
#29 C:\\xampp\\htdocs\\vizsga_backend\\vendor\\laravel\\framework\\src\\Illuminate\\View\\Middleware\\ShareErrorsFromSession.php(49): Illuminate\\Pipeline\\Pipeline->Illuminate\\Pipeline\\{closure}(Object(Illuminate\\Http\\Request))
#30 C:\\xampp\\htdocs\\vizsga_backend\\vendor\\laravel\\framework\\src\\Illuminate\\Pipeline\\Pipeline.php(209): Illuminate\\View\\Middleware\\ShareErrorsFromSession->handle(Object(Illuminate\\Http\\Request), Object(Closure))
#31 C:\\xampp\\htdocs\\vizsga_backend\\vendor\\laravel\\framework\\src\\Illuminate\\Session\\Middleware\\StartSession.php(121): Illuminate\\Pipeline\\Pipeline->Illuminate\\Pipeline\\{closure}(Object(Illuminate\\Http\\Request))
#32 C:\\xampp\\htdocs\\vizsga_backend\\vendor\\laravel\\framework\\src\\Illuminate\\Session\\Middleware\\StartSession.php(64): Illuminate\\Session\\Middleware\\StartSession->handleStatefulRequest(Object(Illuminate\\Http\\Request), Object(Illuminate\\Session\\Store), Object(Closure))
#33 C:\\xampp\\htdocs\\vizsga_backend\\vendor\\laravel\\framework\\src\\Illuminate\\Pipeline\\Pipeline.php(209): Illuminate\\Session\\Middleware\\StartSession->handle(Object(Illuminate\\Http\\Request), Object(Closure))
#34 C:\\xampp\\htdocs\\vizsga_backend\\vendor\\laravel\\framework\\src\\Illuminate\\Cookie\\Middleware\\AddQueuedCookiesToResponse.php(37): Illuminate\\Pipeline\\Pipeline->Illuminate\\Pipeline\\{closure}(Object(Illuminate\\Http\\Request))
#35 C:\\xampp\\htdocs\\vizsga_backend\\vendor\\laravel\\framework\\src\\Illuminate\\Pipeline\\Pipeline.php(209): Illuminate\\Cookie\\Middleware\\AddQueuedCookiesToResponse->handle(Object(Illuminate\\Http\\Request), Object(Closure))
#36 C:\\xampp\\htdocs\\vizsga_backend\\vendor\\laravel\\framework\\src\\Illuminate\\Cookie\\Middleware\\EncryptCookies.php(75): Illuminate\\Pipeline\\Pipeline->Illuminate\\Pipeline\\{closure}(Object(Illuminate\\Http\\Request))
#37 C:\\xampp\\htdocs\\vizsga_backend\\vendor\\laravel\\framework\\src\\Illuminate\\Pipeline\\Pipeline.php(209): Illuminate\\Cookie\\Middleware\\EncryptCookies->handle(Object(Illuminate\\Http\\Request), Object(Closure))
#38 C:\\xampp\\htdocs\\vizsga_backend\\vendor\\laravel\\framework\\src\\Illuminate\\Pipeline\\Pipeline.php(127): Illuminate\\Pipeline\\Pipeline->Illuminate\\Pipeline\\{closure}(Object(Illuminate\\Http\\Request))
#39 C:\\xampp\\htdocs\\vizsga_backend\\vendor\\laravel\\framework\\src\\Illuminate\\Routing\\Router.php(808): Illuminate\\Pipeline\\Pipeline->then(Object(Closure))
#40 C:\\xampp\\htdocs\\vizsga_backend\\vendor\\laravel\\framework\\src\\Illuminate\\Routing\\Router.php(787): Illuminate\\Routing\\Router->runRouteWithinStack(Object(Illuminate\\Routing\\Route), Object(Illuminate\\Http\\Request))
#41 C:\\xampp\\htdocs\\vizsga_backend\\vendor\\laravel\\framework\\src\\Illuminate\\Routing\\Router.php(751): Illuminate\\Routing\\Router->runRoute(Object(Illuminate\\Http\\Request), Object(Illuminate\\Routing\\Route))
#42 C:\\xampp\\htdocs\\vizsga_backend\\vendor\\laravel\\framework\\src\\Illuminate\\Routing\\Router.php(740): Illuminate\\Routing\\Router->dispatchToRoute(Object(Illuminate\\Http\\Request))
#43 C:\\xampp\\htdocs\\vizsga_backend\\vendor\\laravel\\framework\\src\\Illuminate\\Foundation\\Http\\Kernel.php(201): Illuminate\\Routing\\Router->dispatch(Object(Illuminate\\Http\\Request))
#44 C:\\xampp\\htdocs\\vizsga_backend\\vendor\\laravel\\framework\\src\\Illuminate\\Pipeline\\Pipeline.php(170): Illuminate\\Foundation\\Http\\Kernel->Illuminate\\Foundation\\Http\\{closure}(Object(Illuminate\\Http\\Request))
#45 C:\\xampp\\htdocs\\vizsga_backend\\vendor\\laravel\\framework\\src\\Illuminate\\Foundation\\Http\\Middleware\\TransformsRequest.php(21): Illuminate\\Pipeline\\Pipeline->Illuminate\\Pipeline\\{closure}(Object(Illuminate\\Http\\Request))
#46 C:\\xampp\\htdocs\\vizsga_backend\\vendor\\laravel\\framework\\src\\Illuminate\\Foundation\\Http\\Middleware\\ConvertEmptyStringsToNull.php(31): Illuminate\\Foundation\\Http\\Middleware\\TransformsRequest->handle(Object(Illuminate\\Http\\Request), Object(Closure))
#47 C:\\xampp\\htdocs\\vizsga_backend\\vendor\\laravel\\framework\\src\\Illuminate\\Pipeline\\Pipeline.php(209): Illuminate\\Foundation\\Http\\Middleware\\ConvertEmptyStringsToNull->handle(Object(Illuminate\\Http\\Request), Object(Closure))
#48 C:\\xampp\\htdocs\\vizsga_backend\\vendor\\laravel\\framework\\src\\Illuminate\\Foundation\\Http\\Middleware\\TransformsRequest.php(21): Illuminate\\Pipeline\\Pipeline->Illuminate\\Pipeline\\{closure}(Object(Illuminate\\Http\\Request))
#49 C:\\xampp\\htdocs\\vizsga_backend\\vendor\\laravel\\framework\\src\\Illuminate\\Foundation\\Http\\Middleware\\TrimStrings.php(51): Illuminate\\Foundation\\Http\\Middleware\\TransformsRequest->handle(Object(Illuminate\\Http\\Request), Object(Closure))
#50 C:\\xampp\\htdocs\\vizsga_backend\\vendor\\laravel\\framework\\src\\Illuminate\\Pipeline\\Pipeline.php(209): Illuminate\\Foundation\\Http\\Middleware\\TrimStrings->handle(Object(Illuminate\\Http\\Request), Object(Closure))
#51 C:\\xampp\\htdocs\\vizsga_backend\\vendor\\laravel\\framework\\src\\Illuminate\\Http\\Middleware\\ValidatePostSize.php(27): Illuminate\\Pipeline\\Pipeline->Illuminate\\Pipeline\\{closure}(Object(Illuminate\\Http\\Request))
#52 C:\\xampp\\htdocs\\vizsga_backend\\vendor\\laravel\\framework\\src\\Illuminate\\Pipeline\\Pipeline.php(209): Illuminate\\Http\\Middleware\\ValidatePostSize->handle(Object(Illuminate\\Http\\Request), Object(Closure))
#53 C:\\xampp\\htdocs\\vizsga_backend\\vendor\\laravel\\framework\\src\\Illuminate\\Foundation\\Http\\Middleware\\PreventRequestsDuringMaintenance.php(110): Illuminate\\Pipeline\\Pipeline->Illuminate\\Pipeline\\{closure}(Object(Illuminate\\Http\\Request))
#54 C:\\xampp\\htdocs\\vizsga_backend\\vendor\\laravel\\framework\\src\\Illuminate\\Pipeline\\Pipeline.php(209): Illuminate\\Foundation\\Http\\Middleware\\PreventRequestsDuringMaintenance->handle(Object(Illuminate\\Http\\Request), Object(Closure))
#55 C:\\xampp\\htdocs\\vizsga_backend\\vendor\\laravel\\framework\\src\\Illuminate\\Http\\Middleware\\HandleCors.php(62): Illuminate\\Pipeline\\Pipeline->Illuminate\\Pipeline\\{closure}(Object(Illuminate\\Http\\Request))
#56 C:\\xampp\\htdocs\\vizsga_backend\\vendor\\laravel\\framework\\src\\Illuminate\\Pipeline\\Pipeline.php(209): Illuminate\\Http\\Middleware\\HandleCors->handle(Object(Illuminate\\Http\\Request), Object(Closure))
#57 C:\\xampp\\htdocs\\vizsga_backend\\vendor\\laravel\\framework\\src\\Illuminate\\Http\\Middleware\\TrustProxies.php(58): Illuminate\\Pipeline\\Pipeline->Illuminate\\Pipeline\\{closure}(Object(Illuminate\\Http\\Request))
#58 C:\\xampp\\htdocs\\vizsga_backend\\vendor\\laravel\\framework\\src\\Illuminate\\Pipeline\\Pipeline.php(209): Illuminate\\Http\\Middleware\\TrustProxies->handle(Object(Illuminate\\Http\\Request), Object(Closure))
#59 C:\\xampp\\htdocs\\vizsga_backend\\vendor\\laravel\\framework\\src\\Illuminate\\Foundation\\Http\\Middleware\\InvokeDeferredCallbacks.php(22): Illuminate\\Pipeline\\Pipeline->Illuminate\\Pipeline\\{closure}(Object(Illuminate\\Http\\Request))
#60 C:\\xampp\\htdocs\\vizsga_backend\\vendor\\laravel\\framework\\src\\Illuminate\\Pipeline\\Pipeline.php(209): Illuminate\\Foundation\\Http\\Middleware\\InvokeDeferredCallbacks->handle(Object(Illuminate\\Http\\Request), Object(Closure))
#61 C:\\xampp\\htdocs\\vizsga_backend\\vendor\\laravel\\framework\\src\\Illuminate\\Http\\Middleware\\ValidatePathEncoding.php(26): Illuminate\\Pipeline\\Pipeline->Illuminate\\Pipeline\\{closure}(Object(Illuminate\\Http\\Request))
#62 C:\\xampp\\htdocs\\vizsga_backend\\vendor\\laravel\\framework\\src\\Illuminate\\Pipeline\\Pipeline.php(209): Illuminate\\Http\\Middleware\\ValidatePathEncoding->handle(Object(Illuminate\\Http\\Request), Object(Closure))
#63 C:\\xampp\\htdocs\\vizsga_backend\\vendor\\laravel\\framework\\src\\Illuminate\\Pipeline\\Pipeline.php(127): Illuminate\\Pipeline\\Pipeline->Illuminate\\Pipeline\\{closure}(Object(Illuminate\\Http\\Request))
#64 C:\\xampp\\htdocs\\vizsga_backend\\vendor\\laravel\\framework\\src\\Illuminate\\Foundation\\Http\\Kernel.php(176): Illuminate\\Pipeline\\Pipeline->then(Object(Closure))
#65 C:\\xampp\\htdocs\\vizsga_backend\\vendor\\laravel\\framework\\src\\Illuminate\\Foundation\\Http\\Kernel.php(145): Illuminate\\Foundation\\Http\\Kernel->sendRequestThroughRouter(Object(Illuminate\\Http\\Request))
#66 C:\\xampp\\htdocs\\vizsga_backend\\vendor\\laravel\\framework\\src\\Illuminate\\Foundation\\Application.php(1220): Illuminate\\Foundation\\Http\\Kernel->handle(Object(Illuminate\\Http\\Request))
#67 C:\\xampp\\htdocs\\vizsga_backend\\public\\index.php(20): Illuminate\\Foundation\\Application->handleRequest(Object(Illuminate\\Http\\Request))
#68 C:\\xampp\\htdocs\\vizsga_backend\\vendor\\laravel\\framework\\src\\Illuminate\\Foundation\\resources\\server.php(23): require_once('C:\\\\xampp\\\\htdocs...')
#69 {main}
"} 
[2025-03-26 18:19:25] local.ERROR: SQLSTATE[HY000] [2002] Nem hozható létre kapcsolat, mert a célszámítógép már visszautasította a kapcsolatot (Connection: mysql, SQL: select * from `books`) {"exception":"[object] (Illuminate\\Database\\QueryException(code: 2002): SQLSTATE[HY000] [2002] Nem hozható létre kapcsolat, mert a célszámítógép már visszautasította a kapcsolatot (Connection: mysql, SQL: select * from `books`) at C:\\xampp\\htdocs\\vizsga_backend\\vendor\\laravel\\framework\\src\\Illuminate\\Database\\Connection.php:823)
[stacktrace]
#0 C:\\xampp\\htdocs\\vizsga_backend\\vendor\\laravel\\framework\\src\\Illuminate\\Database\\Connection.php(777): Illuminate\\Database\\Connection->runQueryCallback('select * from `...', Array, Object(Closure))
#1 C:\\xampp\\htdocs\\vizsga_backend\\vendor\\laravel\\framework\\src\\Illuminate\\Database\\Connection.php(396): Illuminate\\Database\\Connection->run('select * from `...', Array, Object(Closure))
#2 C:\\xampp\\htdocs\\vizsga_backend\\vendor\\laravel\\framework\\src\\Illuminate\\Database\\Query\\Builder.php(3105): Illuminate\\Database\\Connection->select('select * from `...', Array, true)
#3 C:\\xampp\\htdocs\\vizsga_backend\\vendor\\laravel\\framework\\src\\Illuminate\\Database\\Query\\Builder.php(3090): Illuminate\\Database\\Query\\Builder->runSelect()
#4 C:\\xampp\\htdocs\\vizsga_backend\\vendor\\laravel\\framework\\src\\Illuminate\\Database\\Query\\Builder.php(3677): Illuminate\\Database\\Query\\Builder->Illuminate\\Database\\Query\\{closure}()
#5 C:\\xampp\\htdocs\\vizsga_backend\\vendor\\laravel\\framework\\src\\Illuminate\\Database\\Query\\Builder.php(3089): Illuminate\\Database\\Query\\Builder->onceWithColumns(Array, Object(Closure))
#6 C:\\xampp\\htdocs\\vizsga_backend\\vendor\\laravel\\framework\\src\\Illuminate\\Database\\Eloquent\\Builder.php(811): Illuminate\\Database\\Query\\Builder->get(Array)
#7 C:\\xampp\\htdocs\\vizsga_backend\\vendor\\laravel\\framework\\src\\Illuminate\\Database\\Eloquent\\Builder.php(793): Illuminate\\Database\\Eloquent\\Builder->getModels(Array)
#8 C:\\xampp\\htdocs\\vizsga_backend\\vendor\\laravel\\framework\\src\\Illuminate\\Database\\Eloquent\\Model.php(694): Illuminate\\Database\\Eloquent\\Builder->get(Array)
#9 C:\\xampp\\htdocs\\vizsga_backend\\app\\Http\\Controllers\\BookController.php(12): Illuminate\\Database\\Eloquent\\Model::all()
#10 C:\\xampp\\htdocs\\vizsga_backend\\vendor\\laravel\\framework\\src\\Illuminate\\Routing\\ControllerDispatcher.php(47): App\\Http\\Controllers\\BookController->index()
#11 C:\\xampp\\htdocs\\vizsga_backend\\vendor\\laravel\\framework\\src\\Illuminate\\Routing\\Route.php(266): Illuminate\\Routing\\ControllerDispatcher->dispatch(Object(Illuminate\\Routing\\Route), Object(App\\Http\\Controllers\\BookController), 'index')
#12 C:\\xampp\\htdocs\\vizsga_backend\\vendor\\laravel\\framework\\src\\Illuminate\\Routing\\Route.php(212): Illuminate\\Routing\\Route->runController()
#13 C:\\xampp\\htdocs\\vizsga_backend\\vendor\\laravel\\framework\\src\\Illuminate\\Routing\\Router.php(809): Illuminate\\Routing\\Route->run()
#14 C:\\xampp\\htdocs\\vizsga_backend\\vendor\\laravel\\framework\\src\\Illuminate\\Pipeline\\Pipeline.php(170): Illuminate\\Routing\\Router->Illuminate\\Routing\\{closure}(Object(Illuminate\\Http\\Request))
#15 C:\\xampp\\htdocs\\vizsga_backend\\vendor\\laravel\\framework\\src\\Illuminate\\Routing\\Middleware\\SubstituteBindings.php(51): Illuminate\\Pipeline\\Pipeline->Illuminate\\Pipeline\\{closure}(Object(Illuminate\\Http\\Request))
#16 C:\\xampp\\htdocs\\vizsga_backend\\vendor\\laravel\\framework\\src\\Illuminate\\Pipeline\\Pipeline.php(209): Illuminate\\Routing\\Middleware\\SubstituteBindings->handle(Object(Illuminate\\Http\\Request), Object(Closure))
#17 C:\\xampp\\htdocs\\vizsga_backend\\vendor\\laravel\\framework\\src\\Illuminate\\Foundation\\Http\\Middleware\\VerifyCsrfToken.php(88): Illuminate\\Pipeline\\Pipeline->Illuminate\\Pipeline\\{closure}(Object(Illuminate\\Http\\Request))
#18 C:\\xampp\\htdocs\\vizsga_backend\\vendor\\laravel\\framework\\src\\Illuminate\\Pipeline\\Pipeline.php(209): Illuminate\\Foundation\\Http\\Middleware\\VerifyCsrfToken->handle(Object(Illuminate\\Http\\Request), Object(Closure))
#19 C:\\xampp\\htdocs\\vizsga_backend\\vendor\\laravel\\framework\\src\\Illuminate\\View\\Middleware\\ShareErrorsFromSession.php(49): Illuminate\\Pipeline\\Pipeline->Illuminate\\Pipeline\\{closure}(Object(Illuminate\\Http\\Request))
#20 C:\\xampp\\htdocs\\vizsga_backend\\vendor\\laravel\\framework\\src\\Illuminate\\Pipeline\\Pipeline.php(209): Illuminate\\View\\Middleware\\ShareErrorsFromSession->handle(Object(Illuminate\\Http\\Request), Object(Closure))
#21 C:\\xampp\\htdocs\\vizsga_backend\\vendor\\laravel\\framework\\src\\Illuminate\\Session\\Middleware\\StartSession.php(121): Illuminate\\Pipeline\\Pipeline->Illuminate\\Pipeline\\{closure}(Object(Illuminate\\Http\\Request))
#22 C:\\xampp\\htdocs\\vizsga_backend\\vendor\\laravel\\framework\\src\\Illuminate\\Session\\Middleware\\StartSession.php(64): Illuminate\\Session\\Middleware\\StartSession->handleStatefulRequest(Object(Illuminate\\Http\\Request), Object(Illuminate\\Session\\Store), Object(Closure))
#23 C:\\xampp\\htdocs\\vizsga_backend\\vendor\\laravel\\framework\\src\\Illuminate\\Pipeline\\Pipeline.php(209): Illuminate\\Session\\Middleware\\StartSession->handle(Object(Illuminate\\Http\\Request), Object(Closure))
#24 C:\\xampp\\htdocs\\vizsga_backend\\vendor\\laravel\\framework\\src\\Illuminate\\Cookie\\Middleware\\AddQueuedCookiesToResponse.php(37): Illuminate\\Pipeline\\Pipeline->Illuminate\\Pipeline\\{closure}(Object(Illuminate\\Http\\Request))
#25 C:\\xampp\\htdocs\\vizsga_backend\\vendor\\laravel\\framework\\src\\Illuminate\\Pipeline\\Pipeline.php(209): Illuminate\\Cookie\\Middleware\\AddQueuedCookiesToResponse->handle(Object(Illuminate\\Http\\Request), Object(Closure))
#26 C:\\xampp\\htdocs\\vizsga_backend\\vendor\\laravel\\framework\\src\\Illuminate\\Cookie\\Middleware\\EncryptCookies.php(75): Illuminate\\Pipeline\\Pipeline->Illuminate\\Pipeline\\{closure}(Object(Illuminate\\Http\\Request))
#27 C:\\xampp\\htdocs\\vizsga_backend\\vendor\\laravel\\framework\\src\\Illuminate\\Pipeline\\Pipeline.php(209): Illuminate\\Cookie\\Middleware\\EncryptCookies->handle(Object(Illuminate\\Http\\Request), Object(Closure))
#28 C:\\xampp\\htdocs\\vizsga_backend\\vendor\\laravel\\framework\\src\\Illuminate\\Pipeline\\Pipeline.php(127): Illuminate\\Pipeline\\Pipeline->Illuminate\\Pipeline\\{closure}(Object(Illuminate\\Http\\Request))
#29 C:\\xampp\\htdocs\\vizsga_backend\\vendor\\laravel\\framework\\src\\Illuminate\\Routing\\Router.php(808): Illuminate\\Pipeline\\Pipeline->then(Object(Closure))
#30 C:\\xampp\\htdocs\\vizsga_backend\\vendor\\laravel\\framework\\src\\Illuminate\\Routing\\Router.php(787): Illuminate\\Routing\\Router->runRouteWithinStack(Object(Illuminate\\Routing\\Route), Object(Illuminate\\Http\\Request))
#31 C:\\xampp\\htdocs\\vizsga_backend\\vendor\\laravel\\framework\\src\\Illuminate\\Routing\\Router.php(751): Illuminate\\Routing\\Router->runRoute(Object(Illuminate\\Http\\Request), Object(Illuminate\\Routing\\Route))
#32 C:\\xampp\\htdocs\\vizsga_backend\\vendor\\laravel\\framework\\src\\Illuminate\\Routing\\Router.php(740): Illuminate\\Routing\\Router->dispatchToRoute(Object(Illuminate\\Http\\Request))
#33 C:\\xampp\\htdocs\\vizsga_backend\\vendor\\laravel\\framework\\src\\Illuminate\\Foundation\\Http\\Kernel.php(201): Illuminate\\Routing\\Router->dispatch(Object(Illuminate\\Http\\Request))
#34 C:\\xampp\\htdocs\\vizsga_backend\\vendor\\laravel\\framework\\src\\Illuminate\\Pipeline\\Pipeline.php(170): Illuminate\\Foundation\\Http\\Kernel->Illuminate\\Foundation\\Http\\{closure}(Object(Illuminate\\Http\\Request))
#35 C:\\xampp\\htdocs\\vizsga_backend\\vendor\\laravel\\framework\\src\\Illuminate\\Foundation\\Http\\Middleware\\TransformsRequest.php(21): Illuminate\\Pipeline\\Pipeline->Illuminate\\Pipeline\\{closure}(Object(Illuminate\\Http\\Request))
#36 C:\\xampp\\htdocs\\vizsga_backend\\vendor\\laravel\\framework\\src\\Illuminate\\Foundation\\Http\\Middleware\\ConvertEmptyStringsToNull.php(31): Illuminate\\Foundation\\Http\\Middleware\\TransformsRequest->handle(Object(Illuminate\\Http\\Request), Object(Closure))
#37 C:\\xampp\\htdocs\\vizsga_backend\\vendor\\laravel\\framework\\src\\Illuminate\\Pipeline\\Pipeline.php(209): Illuminate\\Foundation\\Http\\Middleware\\ConvertEmptyStringsToNull->handle(Object(Illuminate\\Http\\Request), Object(Closure))
#38 C:\\xampp\\htdocs\\vizsga_backend\\vendor\\laravel\\framework\\src\\Illuminate\\Foundation\\Http\\Middleware\\TransformsRequest.php(21): Illuminate\\Pipeline\\Pipeline->Illuminate\\Pipeline\\{closure}(Object(Illuminate\\Http\\Request))
#39 C:\\xampp\\htdocs\\vizsga_backend\\vendor\\laravel\\framework\\src\\Illuminate\\Foundation\\Http\\Middleware\\TrimStrings.php(51): Illuminate\\Foundation\\Http\\Middleware\\TransformsRequest->handle(Object(Illuminate\\Http\\Request), Object(Closure))
#40 C:\\xampp\\htdocs\\vizsga_backend\\vendor\\laravel\\framework\\src\\Illuminate\\Pipeline\\Pipeline.php(209): Illuminate\\Foundation\\Http\\Middleware\\TrimStrings->handle(Object(Illuminate\\Http\\Request), Object(Closure))
#41 C:\\xampp\\htdocs\\vizsga_backend\\vendor\\laravel\\framework\\src\\Illuminate\\Http\\Middleware\\ValidatePostSize.php(27): Illuminate\\Pipeline\\Pipeline->Illuminate\\Pipeline\\{closure}(Object(Illuminate\\Http\\Request))
#42 C:\\xampp\\htdocs\\vizsga_backend\\vendor\\laravel\\framework\\src\\Illuminate\\Pipeline\\Pipeline.php(209): Illuminate\\Http\\Middleware\\ValidatePostSize->handle(Object(Illuminate\\Http\\Request), Object(Closure))
#43 C:\\xampp\\htdocs\\vizsga_backend\\vendor\\laravel\\framework\\src\\Illuminate\\Foundation\\Http\\Middleware\\PreventRequestsDuringMaintenance.php(110): Illuminate\\Pipeline\\Pipeline->Illuminate\\Pipeline\\{closure}(Object(Illuminate\\Http\\Request))
#44 C:\\xampp\\htdocs\\vizsga_backend\\vendor\\laravel\\framework\\src\\Illuminate\\Pipeline\\Pipeline.php(209): Illuminate\\Foundation\\Http\\Middleware\\PreventRequestsDuringMaintenance->handle(Object(Illuminate\\Http\\Request), Object(Closure))
#45 C:\\xampp\\htdocs\\vizsga_backend\\vendor\\laravel\\framework\\src\\Illuminate\\Http\\Middleware\\HandleCors.php(62): Illuminate\\Pipeline\\Pipeline->Illuminate\\Pipeline\\{closure}(Object(Illuminate\\Http\\Request))
#46 C:\\xampp\\htdocs\\vizsga_backend\\vendor\\laravel\\framework\\src\\Illuminate\\Pipeline\\Pipeline.php(209): Illuminate\\Http\\Middleware\\HandleCors->handle(Object(Illuminate\\Http\\Request), Object(Closure))
#47 C:\\xampp\\htdocs\\vizsga_backend\\vendor\\laravel\\framework\\src\\Illuminate\\Http\\Middleware\\TrustProxies.php(58): Illuminate\\Pipeline\\Pipeline->Illuminate\\Pipeline\\{closure}(Object(Illuminate\\Http\\Request))
#48 C:\\xampp\\htdocs\\vizsga_backend\\vendor\\laravel\\framework\\src\\Illuminate\\Pipeline\\Pipeline.php(209): Illuminate\\Http\\Middleware\\TrustProxies->handle(Object(Illuminate\\Http\\Request), Object(Closure))
#49 C:\\xampp\\htdocs\\vizsga_backend\\vendor\\laravel\\framework\\src\\Illuminate\\Foundation\\Http\\Middleware\\InvokeDeferredCallbacks.php(22): Illuminate\\Pipeline\\Pipeline->Illuminate\\Pipeline\\{closure}(Object(Illuminate\\Http\\Request))
#50 C:\\xampp\\htdocs\\vizsga_backend\\vendor\\laravel\\framework\\src\\Illuminate\\Pipeline\\Pipeline.php(209): Illuminate\\Foundation\\Http\\Middleware\\InvokeDeferredCallbacks->handle(Object(Illuminate\\Http\\Request), Object(Closure))
#51 C:\\xampp\\htdocs\\vizsga_backend\\vendor\\laravel\\framework\\src\\Illuminate\\Http\\Middleware\\ValidatePathEncoding.php(26): Illuminate\\Pipeline\\Pipeline->Illuminate\\Pipeline\\{closure}(Object(Illuminate\\Http\\Request))
#52 C:\\xampp\\htdocs\\vizsga_backend\\vendor\\laravel\\framework\\src\\Illuminate\\Pipeline\\Pipeline.php(209): Illuminate\\Http\\Middleware\\ValidatePathEncoding->handle(Object(Illuminate\\Http\\Request), Object(Closure))
#53 C:\\xampp\\htdocs\\vizsga_backend\\vendor\\laravel\\framework\\src\\Illuminate\\Pipeline\\Pipeline.php(127): Illuminate\\Pipeline\\Pipeline->Illuminate\\Pipeline\\{closure}(Object(Illuminate\\Http\\Request))
#54 C:\\xampp\\htdocs\\vizsga_backend\\vendor\\laravel\\framework\\src\\Illuminate\\Foundation\\Http\\Kernel.php(176): Illuminate\\Pipeline\\Pipeline->then(Object(Closure))
#55 C:\\xampp\\htdocs\\vizsga_backend\\vendor\\laravel\\framework\\src\\Illuminate\\Foundation\\Http\\Kernel.php(145): Illuminate\\Foundation\\Http\\Kernel->sendRequestThroughRouter(Object(Illuminate\\Http\\Request))
#56 C:\\xampp\\htdocs\\vizsga_backend\\vendor\\laravel\\framework\\src\\Illuminate\\Foundation\\Application.php(1220): Illuminate\\Foundation\\Http\\Kernel->handle(Object(Illuminate\\Http\\Request))
#57 C:\\xampp\\htdocs\\vizsga_backend\\public\\index.php(20): Illuminate\\Foundation\\Application->handleRequest(Object(Illuminate\\Http\\Request))
#58 C:\\xampp\\htdocs\\vizsga_backend\\vendor\\laravel\\framework\\src\\Illuminate\\Foundation\\resources\\server.php(23): require_once('C:\\\\xampp\\\\htdocs...')
#59 {main}

[previous exception] [object] (PDOException(code: 2002): SQLSTATE[HY000] [2002] Nem hozható létre kapcsolat, mert a célszámítógép már visszautasította a kapcsolatot at C:\\xampp\\htdocs\\vizsga_backend\\vendor\\laravel\\framework\\src\\Illuminate\\Database\\Connectors\\Connector.php:66)
[stacktrace]
#0 C:\\xampp\\htdocs\\vizsga_backend\\vendor\\laravel\\framework\\src\\Illuminate\\Database\\Connectors\\Connector.php(66): PDO->__construct('mysql:host=127....', 'root', Object(SensitiveParameterValue), Array)
#1 C:\\xampp\\htdocs\\vizsga_backend\\vendor\\laravel\\framework\\src\\Illuminate\\Database\\Connectors\\Connector.php(44): Illuminate\\Database\\Connectors\\Connector->createPdoConnection('mysql:host=127....', 'root', Object(SensitiveParameterValue), Array)
#2 C:\\xampp\\htdocs\\vizsga_backend\\vendor\\laravel\\framework\\src\\Illuminate\\Database\\Connectors\\MySqlConnector.php(24): Illuminate\\Database\\Connectors\\Connector->createConnection('mysql:host=127....', Array, Array)
#3 C:\\xampp\\htdocs\\vizsga_backend\\vendor\\laravel\\framework\\src\\Illuminate\\Database\\Connectors\\ConnectionFactory.php(185): Illuminate\\Database\\Connectors\\MySqlConnector->connect(Array)
#4 [internal function]: Illuminate\\Database\\Connectors\\ConnectionFactory->Illuminate\\Database\\Connectors\\{closure}()
#5 C:\\xampp\\htdocs\\vizsga_backend\\vendor\\laravel\\framework\\src\\Illuminate\\Database\\Connection.php(1229): call_user_func(Object(Closure))
#6 C:\\xampp\\htdocs\\vizsga_backend\\vendor\\laravel\\framework\\src\\Illuminate\\Database\\Connection.php(1265): Illuminate\\Database\\Connection->getPdo()
#7 C:\\xampp\\htdocs\\vizsga_backend\\vendor\\laravel\\framework\\src\\Illuminate\\Database\\Connection.php(510): Illuminate\\Database\\Connection->getReadPdo()
#8 C:\\xampp\\htdocs\\vizsga_backend\\vendor\\laravel\\framework\\src\\Illuminate\\Database\\Connection.php(405): Illuminate\\Database\\Connection->getPdoForSelect(true)
#9 C:\\xampp\\htdocs\\vizsga_backend\\vendor\\laravel\\framework\\src\\Illuminate\\Database\\Connection.php(810): Illuminate\\Database\\Connection->Illuminate\\Database\\{closure}('select * from `...', Array)
#10 C:\\xampp\\htdocs\\vizsga_backend\\vendor\\laravel\\framework\\src\\Illuminate\\Database\\Connection.php(777): Illuminate\\Database\\Connection->runQueryCallback('select * from `...', Array, Object(Closure))
#11 C:\\xampp\\htdocs\\vizsga_backend\\vendor\\laravel\\framework\\src\\Illuminate\\Database\\Connection.php(396): Illuminate\\Database\\Connection->run('select * from `...', Array, Object(Closure))
#12 C:\\xampp\\htdocs\\vizsga_backend\\vendor\\laravel\\framework\\src\\Illuminate\\Database\\Query\\Builder.php(3105): Illuminate\\Database\\Connection->select('select * from `...', Array, true)
#13 C:\\xampp\\htdocs\\vizsga_backend\\vendor\\laravel\\framework\\src\\Illuminate\\Database\\Query\\Builder.php(3090): Illuminate\\Database\\Query\\Builder->runSelect()
#14 C:\\xampp\\htdocs\\vizsga_backend\\vendor\\laravel\\framework\\src\\Illuminate\\Database\\Query\\Builder.php(3677): Illuminate\\Database\\Query\\Builder->Illuminate\\Database\\Query\\{closure}()
#15 C:\\xampp\\htdocs\\vizsga_backend\\vendor\\laravel\\framework\\src\\Illuminate\\Database\\Query\\Builder.php(3089): Illuminate\\Database\\Query\\Builder->onceWithColumns(Array, Object(Closure))
#16 C:\\xampp\\htdocs\\vizsga_backend\\vendor\\laravel\\framework\\src\\Illuminate\\Database\\Eloquent\\Builder.php(811): Illuminate\\Database\\Query\\Builder->get(Array)
#17 C:\\xampp\\htdocs\\vizsga_backend\\vendor\\laravel\\framework\\src\\Illuminate\\Database\\Eloquent\\Builder.php(793): Illuminate\\Database\\Eloquent\\Builder->getModels(Array)
#18 C:\\xampp\\htdocs\\vizsga_backend\\vendor\\laravel\\framework\\src\\Illuminate\\Database\\Eloquent\\Model.php(694): Illuminate\\Database\\Eloquent\\Builder->get(Array)
#19 C:\\xampp\\htdocs\\vizsga_backend\\app\\Http\\Controllers\\BookController.php(12): Illuminate\\Database\\Eloquent\\Model::all()
#20 C:\\xampp\\htdocs\\vizsga_backend\\vendor\\laravel\\framework\\src\\Illuminate\\Routing\\ControllerDispatcher.php(47): App\\Http\\Controllers\\BookController->index()
#21 C:\\xampp\\htdocs\\vizsga_backend\\vendor\\laravel\\framework\\src\\Illuminate\\Routing\\Route.php(266): Illuminate\\Routing\\ControllerDispatcher->dispatch(Object(Illuminate\\Routing\\Route), Object(App\\Http\\Controllers\\BookController), 'index')
#22 C:\\xampp\\htdocs\\vizsga_backend\\vendor\\laravel\\framework\\src\\Illuminate\\Routing\\Route.php(212): Illuminate\\Routing\\Route->runController()
#23 C:\\xampp\\htdocs\\vizsga_backend\\vendor\\laravel\\framework\\src\\Illuminate\\Routing\\Router.php(809): Illuminate\\Routing\\Route->run()
#24 C:\\xampp\\htdocs\\vizsga_backend\\vendor\\laravel\\framework\\src\\Illuminate\\Pipeline\\Pipeline.php(170): Illuminate\\Routing\\Router->Illuminate\\Routing\\{closure}(Object(Illuminate\\Http\\Request))
#25 C:\\xampp\\htdocs\\vizsga_backend\\vendor\\laravel\\framework\\src\\Illuminate\\Routing\\Middleware\\SubstituteBindings.php(51): Illuminate\\Pipeline\\Pipeline->Illuminate\\Pipeline\\{closure}(Object(Illuminate\\Http\\Request))
#26 C:\\xampp\\htdocs\\vizsga_backend\\vendor\\laravel\\framework\\src\\Illuminate\\Pipeline\\Pipeline.php(209): Illuminate\\Routing\\Middleware\\SubstituteBindings->handle(Object(Illuminate\\Http\\Request), Object(Closure))
#27 C:\\xampp\\htdocs\\vizsga_backend\\vendor\\laravel\\framework\\src\\Illuminate\\Foundation\\Http\\Middleware\\VerifyCsrfToken.php(88): Illuminate\\Pipeline\\Pipeline->Illuminate\\Pipeline\\{closure}(Object(Illuminate\\Http\\Request))
#28 C:\\xampp\\htdocs\\vizsga_backend\\vendor\\laravel\\framework\\src\\Illuminate\\Pipeline\\Pipeline.php(209): Illuminate\\Foundation\\Http\\Middleware\\VerifyCsrfToken->handle(Object(Illuminate\\Http\\Request), Object(Closure))
#29 C:\\xampp\\htdocs\\vizsga_backend\\vendor\\laravel\\framework\\src\\Illuminate\\View\\Middleware\\ShareErrorsFromSession.php(49): Illuminate\\Pipeline\\Pipeline->Illuminate\\Pipeline\\{closure}(Object(Illuminate\\Http\\Request))
#30 C:\\xampp\\htdocs\\vizsga_backend\\vendor\\laravel\\framework\\src\\Illuminate\\Pipeline\\Pipeline.php(209): Illuminate\\View\\Middleware\\ShareErrorsFromSession->handle(Object(Illuminate\\Http\\Request), Object(Closure))
#31 C:\\xampp\\htdocs\\vizsga_backend\\vendor\\laravel\\framework\\src\\Illuminate\\Session\\Middleware\\StartSession.php(121): Illuminate\\Pipeline\\Pipeline->Illuminate\\Pipeline\\{closure}(Object(Illuminate\\Http\\Request))
#32 C:\\xampp\\htdocs\\vizsga_backend\\vendor\\laravel\\framework\\src\\Illuminate\\Session\\Middleware\\StartSession.php(64): Illuminate\\Session\\Middleware\\StartSession->handleStatefulRequest(Object(Illuminate\\Http\\Request), Object(Illuminate\\Session\\Store), Object(Closure))
#33 C:\\xampp\\htdocs\\vizsga_backend\\vendor\\laravel\\framework\\src\\Illuminate\\Pipeline\\Pipeline.php(209): Illuminate\\Session\\Middleware\\StartSession->handle(Object(Illuminate\\Http\\Request), Object(Closure))
#34 C:\\xampp\\htdocs\\vizsga_backend\\vendor\\laravel\\framework\\src\\Illuminate\\Cookie\\Middleware\\AddQueuedCookiesToResponse.php(37): Illuminate\\Pipeline\\Pipeline->Illuminate\\Pipeline\\{closure}(Object(Illuminate\\Http\\Request))
#35 C:\\xampp\\htdocs\\vizsga_backend\\vendor\\laravel\\framework\\src\\Illuminate\\Pipeline\\Pipeline.php(209): Illuminate\\Cookie\\Middleware\\AddQueuedCookiesToResponse->handle(Object(Illuminate\\Http\\Request), Object(Closure))
#36 C:\\xampp\\htdocs\\vizsga_backend\\vendor\\laravel\\framework\\src\\Illuminate\\Cookie\\Middleware\\EncryptCookies.php(75): Illuminate\\Pipeline\\Pipeline->Illuminate\\Pipeline\\{closure}(Object(Illuminate\\Http\\Request))
#37 C:\\xampp\\htdocs\\vizsga_backend\\vendor\\laravel\\framework\\src\\Illuminate\\Pipeline\\Pipeline.php(209): Illuminate\\Cookie\\Middleware\\EncryptCookies->handle(Object(Illuminate\\Http\\Request), Object(Closure))
#38 C:\\xampp\\htdocs\\vizsga_backend\\vendor\\laravel\\framework\\src\\Illuminate\\Pipeline\\Pipeline.php(127): Illuminate\\Pipeline\\Pipeline->Illuminate\\Pipeline\\{closure}(Object(Illuminate\\Http\\Request))
#39 C:\\xampp\\htdocs\\vizsga_backend\\vendor\\laravel\\framework\\src\\Illuminate\\Routing\\Router.php(808): Illuminate\\Pipeline\\Pipeline->then(Object(Closure))
#40 C:\\xampp\\htdocs\\vizsga_backend\\vendor\\laravel\\framework\\src\\Illuminate\\Routing\\Router.php(787): Illuminate\\Routing\\Router->runRouteWithinStack(Object(Illuminate\\Routing\\Route), Object(Illuminate\\Http\\Request))
#41 C:\\xampp\\htdocs\\vizsga_backend\\vendor\\laravel\\framework\\src\\Illuminate\\Routing\\Router.php(751): Illuminate\\Routing\\Router->runRoute(Object(Illuminate\\Http\\Request), Object(Illuminate\\Routing\\Route))
#42 C:\\xampp\\htdocs\\vizsga_backend\\vendor\\laravel\\framework\\src\\Illuminate\\Routing\\Router.php(740): Illuminate\\Routing\\Router->dispatchToRoute(Object(Illuminate\\Http\\Request))
#43 C:\\xampp\\htdocs\\vizsga_backend\\vendor\\laravel\\framework\\src\\Illuminate\\Foundation\\Http\\Kernel.php(201): Illuminate\\Routing\\Router->dispatch(Object(Illuminate\\Http\\Request))
#44 C:\\xampp\\htdocs\\vizsga_backend\\vendor\\laravel\\framework\\src\\Illuminate\\Pipeline\\Pipeline.php(170): Illuminate\\Foundation\\Http\\Kernel->Illuminate\\Foundation\\Http\\{closure}(Object(Illuminate\\Http\\Request))
#45 C:\\xampp\\htdocs\\vizsga_backend\\vendor\\laravel\\framework\\src\\Illuminate\\Foundation\\Http\\Middleware\\TransformsRequest.php(21): Illuminate\\Pipeline\\Pipeline->Illuminate\\Pipeline\\{closure}(Object(Illuminate\\Http\\Request))
#46 C:\\xampp\\htdocs\\vizsga_backend\\vendor\\laravel\\framework\\src\\Illuminate\\Foundation\\Http\\Middleware\\ConvertEmptyStringsToNull.php(31): Illuminate\\Foundation\\Http\\Middleware\\TransformsRequest->handle(Object(Illuminate\\Http\\Request), Object(Closure))
#47 C:\\xampp\\htdocs\\vizsga_backend\\vendor\\laravel\\framework\\src\\Illuminate\\Pipeline\\Pipeline.php(209): Illuminate\\Foundation\\Http\\Middleware\\ConvertEmptyStringsToNull->handle(Object(Illuminate\\Http\\Request), Object(Closure))
#48 C:\\xampp\\htdocs\\vizsga_backend\\vendor\\laravel\\framework\\src\\Illuminate\\Foundation\\Http\\Middleware\\TransformsRequest.php(21): Illuminate\\Pipeline\\Pipeline->Illuminate\\Pipeline\\{closure}(Object(Illuminate\\Http\\Request))
#49 C:\\xampp\\htdocs\\vizsga_backend\\vendor\\laravel\\framework\\src\\Illuminate\\Foundation\\Http\\Middleware\\TrimStrings.php(51): Illuminate\\Foundation\\Http\\Middleware\\TransformsRequest->handle(Object(Illuminate\\Http\\Request), Object(Closure))
#50 C:\\xampp\\htdocs\\vizsga_backend\\vendor\\laravel\\framework\\src\\Illuminate\\Pipeline\\Pipeline.php(209): Illuminate\\Foundation\\Http\\Middleware\\TrimStrings->handle(Object(Illuminate\\Http\\Request), Object(Closure))
#51 C:\\xampp\\htdocs\\vizsga_backend\\vendor\\laravel\\framework\\src\\Illuminate\\Http\\Middleware\\ValidatePostSize.php(27): Illuminate\\Pipeline\\Pipeline->Illuminate\\Pipeline\\{closure}(Object(Illuminate\\Http\\Request))
#52 C:\\xampp\\htdocs\\vizsga_backend\\vendor\\laravel\\framework\\src\\Illuminate\\Pipeline\\Pipeline.php(209): Illuminate\\Http\\Middleware\\ValidatePostSize->handle(Object(Illuminate\\Http\\Request), Object(Closure))
#53 C:\\xampp\\htdocs\\vizsga_backend\\vendor\\laravel\\framework\\src\\Illuminate\\Foundation\\Http\\Middleware\\PreventRequestsDuringMaintenance.php(110): Illuminate\\Pipeline\\Pipeline->Illuminate\\Pipeline\\{closure}(Object(Illuminate\\Http\\Request))
#54 C:\\xampp\\htdocs\\vizsga_backend\\vendor\\laravel\\framework\\src\\Illuminate\\Pipeline\\Pipeline.php(209): Illuminate\\Foundation\\Http\\Middleware\\PreventRequestsDuringMaintenance->handle(Object(Illuminate\\Http\\Request), Object(Closure))
#55 C:\\xampp\\htdocs\\vizsga_backend\\vendor\\laravel\\framework\\src\\Illuminate\\Http\\Middleware\\HandleCors.php(62): Illuminate\\Pipeline\\Pipeline->Illuminate\\Pipeline\\{closure}(Object(Illuminate\\Http\\Request))
#56 C:\\xampp\\htdocs\\vizsga_backend\\vendor\\laravel\\framework\\src\\Illuminate\\Pipeline\\Pipeline.php(209): Illuminate\\Http\\Middleware\\HandleCors->handle(Object(Illuminate\\Http\\Request), Object(Closure))
#57 C:\\xampp\\htdocs\\vizsga_backend\\vendor\\laravel\\framework\\src\\Illuminate\\Http\\Middleware\\TrustProxies.php(58): Illuminate\\Pipeline\\Pipeline->Illuminate\\Pipeline\\{closure}(Object(Illuminate\\Http\\Request))
#58 C:\\xampp\\htdocs\\vizsga_backend\\vendor\\laravel\\framework\\src\\Illuminate\\Pipeline\\Pipeline.php(209): Illuminate\\Http\\Middleware\\TrustProxies->handle(Object(Illuminate\\Http\\Request), Object(Closure))
#59 C:\\xampp\\htdocs\\vizsga_backend\\vendor\\laravel\\framework\\src\\Illuminate\\Foundation\\Http\\Middleware\\InvokeDeferredCallbacks.php(22): Illuminate\\Pipeline\\Pipeline->Illuminate\\Pipeline\\{closure}(Object(Illuminate\\Http\\Request))
#60 C:\\xampp\\htdocs\\vizsga_backend\\vendor\\laravel\\framework\\src\\Illuminate\\Pipeline\\Pipeline.php(209): Illuminate\\Foundation\\Http\\Middleware\\InvokeDeferredCallbacks->handle(Object(Illuminate\\Http\\Request), Object(Closure))
#61 C:\\xampp\\htdocs\\vizsga_backend\\vendor\\laravel\\framework\\src\\Illuminate\\Http\\Middleware\\ValidatePathEncoding.php(26): Illuminate\\Pipeline\\Pipeline->Illuminate\\Pipeline\\{closure}(Object(Illuminate\\Http\\Request))
#62 C:\\xampp\\htdocs\\vizsga_backend\\vendor\\laravel\\framework\\src\\Illuminate\\Pipeline\\Pipeline.php(209): Illuminate\\Http\\Middleware\\ValidatePathEncoding->handle(Object(Illuminate\\Http\\Request), Object(Closure))
#63 C:\\xampp\\htdocs\\vizsga_backend\\vendor\\laravel\\framework\\src\\Illuminate\\Pipeline\\Pipeline.php(127): Illuminate\\Pipeline\\Pipeline->Illuminate\\Pipeline\\{closure}(Object(Illuminate\\Http\\Request))
#64 C:\\xampp\\htdocs\\vizsga_backend\\vendor\\laravel\\framework\\src\\Illuminate\\Foundation\\Http\\Kernel.php(176): Illuminate\\Pipeline\\Pipeline->then(Object(Closure))
#65 C:\\xampp\\htdocs\\vizsga_backend\\vendor\\laravel\\framework\\src\\Illuminate\\Foundation\\Http\\Kernel.php(145): Illuminate\\Foundation\\Http\\Kernel->sendRequestThroughRouter(Object(Illuminate\\Http\\Request))
#66 C:\\xampp\\htdocs\\vizsga_backend\\vendor\\laravel\\framework\\src\\Illuminate\\Foundation\\Application.php(1220): Illuminate\\Foundation\\Http\\Kernel->handle(Object(Illuminate\\Http\\Request))
#67 C:\\xampp\\htdocs\\vizsga_backend\\public\\index.php(20): Illuminate\\Foundation\\Application->handleRequest(Object(Illuminate\\Http\\Request))
#68 C:\\xampp\\htdocs\\vizsga_backend\\vendor\\laravel\\framework\\src\\Illuminate\\Foundation\\resources\\server.php(23): require_once('C:\\\\xampp\\\\htdocs...')
#69 {main}
"} 
[2025-03-26 18:20:38] local.ERROR: SQLSTATE[HY000] [2002] Nem hozható létre kapcsolat, mert a célszámítógép már visszautasította a kapcsolatot (Connection: mysql, SQL: select * from `books`) {"exception":"[object] (Illuminate\\Database\\QueryException(code: 2002): SQLSTATE[HY000] [2002] Nem hozható létre kapcsolat, mert a célszámítógép már visszautasította a kapcsolatot (Connection: mysql, SQL: select * from `books`) at C:\\xampp\\htdocs\\vizsga_backend\\vendor\\laravel\\framework\\src\\Illuminate\\Database\\Connection.php:823)
[stacktrace]
#0 C:\\xampp\\htdocs\\vizsga_backend\\vendor\\laravel\\framework\\src\\Illuminate\\Database\\Connection.php(777): Illuminate\\Database\\Connection->runQueryCallback('select * from `...', Array, Object(Closure))
#1 C:\\xampp\\htdocs\\vizsga_backend\\vendor\\laravel\\framework\\src\\Illuminate\\Database\\Connection.php(396): Illuminate\\Database\\Connection->run('select * from `...', Array, Object(Closure))
#2 C:\\xampp\\htdocs\\vizsga_backend\\vendor\\laravel\\framework\\src\\Illuminate\\Database\\Query\\Builder.php(3105): Illuminate\\Database\\Connection->select('select * from `...', Array, true)
#3 C:\\xampp\\htdocs\\vizsga_backend\\vendor\\laravel\\framework\\src\\Illuminate\\Database\\Query\\Builder.php(3090): Illuminate\\Database\\Query\\Builder->runSelect()
#4 C:\\xampp\\htdocs\\vizsga_backend\\vendor\\laravel\\framework\\src\\Illuminate\\Database\\Query\\Builder.php(3677): Illuminate\\Database\\Query\\Builder->Illuminate\\Database\\Query\\{closure}()
#5 C:\\xampp\\htdocs\\vizsga_backend\\vendor\\laravel\\framework\\src\\Illuminate\\Database\\Query\\Builder.php(3089): Illuminate\\Database\\Query\\Builder->onceWithColumns(Array, Object(Closure))
#6 C:\\xampp\\htdocs\\vizsga_backend\\vendor\\laravel\\framework\\src\\Illuminate\\Database\\Eloquent\\Builder.php(811): Illuminate\\Database\\Query\\Builder->get(Array)
#7 C:\\xampp\\htdocs\\vizsga_backend\\vendor\\laravel\\framework\\src\\Illuminate\\Database\\Eloquent\\Builder.php(793): Illuminate\\Database\\Eloquent\\Builder->getModels(Array)
#8 C:\\xampp\\htdocs\\vizsga_backend\\vendor\\laravel\\framework\\src\\Illuminate\\Database\\Eloquent\\Model.php(694): Illuminate\\Database\\Eloquent\\Builder->get(Array)
#9 C:\\xampp\\htdocs\\vizsga_backend\\app\\Http\\Controllers\\BookController.php(12): Illuminate\\Database\\Eloquent\\Model::all()
#10 C:\\xampp\\htdocs\\vizsga_backend\\vendor\\laravel\\framework\\src\\Illuminate\\Routing\\ControllerDispatcher.php(47): App\\Http\\Controllers\\BookController->index()
#11 C:\\xampp\\htdocs\\vizsga_backend\\vendor\\laravel\\framework\\src\\Illuminate\\Routing\\Route.php(266): Illuminate\\Routing\\ControllerDispatcher->dispatch(Object(Illuminate\\Routing\\Route), Object(App\\Http\\Controllers\\BookController), 'index')
#12 C:\\xampp\\htdocs\\vizsga_backend\\vendor\\laravel\\framework\\src\\Illuminate\\Routing\\Route.php(212): Illuminate\\Routing\\Route->runController()
#13 C:\\xampp\\htdocs\\vizsga_backend\\vendor\\laravel\\framework\\src\\Illuminate\\Routing\\Router.php(809): Illuminate\\Routing\\Route->run()
#14 C:\\xampp\\htdocs\\vizsga_backend\\vendor\\laravel\\framework\\src\\Illuminate\\Pipeline\\Pipeline.php(170): Illuminate\\Routing\\Router->Illuminate\\Routing\\{closure}(Object(Illuminate\\Http\\Request))
#15 C:\\xampp\\htdocs\\vizsga_backend\\vendor\\laravel\\framework\\src\\Illuminate\\Routing\\Middleware\\SubstituteBindings.php(51): Illuminate\\Pipeline\\Pipeline->Illuminate\\Pipeline\\{closure}(Object(Illuminate\\Http\\Request))
#16 C:\\xampp\\htdocs\\vizsga_backend\\vendor\\laravel\\framework\\src\\Illuminate\\Pipeline\\Pipeline.php(209): Illuminate\\Routing\\Middleware\\SubstituteBindings->handle(Object(Illuminate\\Http\\Request), Object(Closure))
#17 C:\\xampp\\htdocs\\vizsga_backend\\vendor\\laravel\\framework\\src\\Illuminate\\Foundation\\Http\\Middleware\\VerifyCsrfToken.php(88): Illuminate\\Pipeline\\Pipeline->Illuminate\\Pipeline\\{closure}(Object(Illuminate\\Http\\Request))
#18 C:\\xampp\\htdocs\\vizsga_backend\\vendor\\laravel\\framework\\src\\Illuminate\\Pipeline\\Pipeline.php(209): Illuminate\\Foundation\\Http\\Middleware\\VerifyCsrfToken->handle(Object(Illuminate\\Http\\Request), Object(Closure))
#19 C:\\xampp\\htdocs\\vizsga_backend\\vendor\\laravel\\framework\\src\\Illuminate\\View\\Middleware\\ShareErrorsFromSession.php(49): Illuminate\\Pipeline\\Pipeline->Illuminate\\Pipeline\\{closure}(Object(Illuminate\\Http\\Request))
#20 C:\\xampp\\htdocs\\vizsga_backend\\vendor\\laravel\\framework\\src\\Illuminate\\Pipeline\\Pipeline.php(209): Illuminate\\View\\Middleware\\ShareErrorsFromSession->handle(Object(Illuminate\\Http\\Request), Object(Closure))
#21 C:\\xampp\\htdocs\\vizsga_backend\\vendor\\laravel\\framework\\src\\Illuminate\\Session\\Middleware\\StartSession.php(121): Illuminate\\Pipeline\\Pipeline->Illuminate\\Pipeline\\{closure}(Object(Illuminate\\Http\\Request))
#22 C:\\xampp\\htdocs\\vizsga_backend\\vendor\\laravel\\framework\\src\\Illuminate\\Session\\Middleware\\StartSession.php(64): Illuminate\\Session\\Middleware\\StartSession->handleStatefulRequest(Object(Illuminate\\Http\\Request), Object(Illuminate\\Session\\Store), Object(Closure))
#23 C:\\xampp\\htdocs\\vizsga_backend\\vendor\\laravel\\framework\\src\\Illuminate\\Pipeline\\Pipeline.php(209): Illuminate\\Session\\Middleware\\StartSession->handle(Object(Illuminate\\Http\\Request), Object(Closure))
#24 C:\\xampp\\htdocs\\vizsga_backend\\vendor\\laravel\\framework\\src\\Illuminate\\Cookie\\Middleware\\AddQueuedCookiesToResponse.php(37): Illuminate\\Pipeline\\Pipeline->Illuminate\\Pipeline\\{closure}(Object(Illuminate\\Http\\Request))
#25 C:\\xampp\\htdocs\\vizsga_backend\\vendor\\laravel\\framework\\src\\Illuminate\\Pipeline\\Pipeline.php(209): Illuminate\\Cookie\\Middleware\\AddQueuedCookiesToResponse->handle(Object(Illuminate\\Http\\Request), Object(Closure))
#26 C:\\xampp\\htdocs\\vizsga_backend\\vendor\\laravel\\framework\\src\\Illuminate\\Cookie\\Middleware\\EncryptCookies.php(75): Illuminate\\Pipeline\\Pipeline->Illuminate\\Pipeline\\{closure}(Object(Illuminate\\Http\\Request))
#27 C:\\xampp\\htdocs\\vizsga_backend\\vendor\\laravel\\framework\\src\\Illuminate\\Pipeline\\Pipeline.php(209): Illuminate\\Cookie\\Middleware\\EncryptCookies->handle(Object(Illuminate\\Http\\Request), Object(Closure))
#28 C:\\xampp\\htdocs\\vizsga_backend\\vendor\\laravel\\framework\\src\\Illuminate\\Pipeline\\Pipeline.php(127): Illuminate\\Pipeline\\Pipeline->Illuminate\\Pipeline\\{closure}(Object(Illuminate\\Http\\Request))
#29 C:\\xampp\\htdocs\\vizsga_backend\\vendor\\laravel\\framework\\src\\Illuminate\\Routing\\Router.php(808): Illuminate\\Pipeline\\Pipeline->then(Object(Closure))
#30 C:\\xampp\\htdocs\\vizsga_backend\\vendor\\laravel\\framework\\src\\Illuminate\\Routing\\Router.php(787): Illuminate\\Routing\\Router->runRouteWithinStack(Object(Illuminate\\Routing\\Route), Object(Illuminate\\Http\\Request))
#31 C:\\xampp\\htdocs\\vizsga_backend\\vendor\\laravel\\framework\\src\\Illuminate\\Routing\\Router.php(751): Illuminate\\Routing\\Router->runRoute(Object(Illuminate\\Http\\Request), Object(Illuminate\\Routing\\Route))
#32 C:\\xampp\\htdocs\\vizsga_backend\\vendor\\laravel\\framework\\src\\Illuminate\\Routing\\Router.php(740): Illuminate\\Routing\\Router->dispatchToRoute(Object(Illuminate\\Http\\Request))
#33 C:\\xampp\\htdocs\\vizsga_backend\\vendor\\laravel\\framework\\src\\Illuminate\\Foundation\\Http\\Kernel.php(201): Illuminate\\Routing\\Router->dispatch(Object(Illuminate\\Http\\Request))
#34 C:\\xampp\\htdocs\\vizsga_backend\\vendor\\laravel\\framework\\src\\Illuminate\\Pipeline\\Pipeline.php(170): Illuminate\\Foundation\\Http\\Kernel->Illuminate\\Foundation\\Http\\{closure}(Object(Illuminate\\Http\\Request))
#35 C:\\xampp\\htdocs\\vizsga_backend\\vendor\\laravel\\framework\\src\\Illuminate\\Foundation\\Http\\Middleware\\TransformsRequest.php(21): Illuminate\\Pipeline\\Pipeline->Illuminate\\Pipeline\\{closure}(Object(Illuminate\\Http\\Request))
#36 C:\\xampp\\htdocs\\vizsga_backend\\vendor\\laravel\\framework\\src\\Illuminate\\Foundation\\Http\\Middleware\\ConvertEmptyStringsToNull.php(31): Illuminate\\Foundation\\Http\\Middleware\\TransformsRequest->handle(Object(Illuminate\\Http\\Request), Object(Closure))
#37 C:\\xampp\\htdocs\\vizsga_backend\\vendor\\laravel\\framework\\src\\Illuminate\\Pipeline\\Pipeline.php(209): Illuminate\\Foundation\\Http\\Middleware\\ConvertEmptyStringsToNull->handle(Object(Illuminate\\Http\\Request), Object(Closure))
#38 C:\\xampp\\htdocs\\vizsga_backend\\vendor\\laravel\\framework\\src\\Illuminate\\Foundation\\Http\\Middleware\\TransformsRequest.php(21): Illuminate\\Pipeline\\Pipeline->Illuminate\\Pipeline\\{closure}(Object(Illuminate\\Http\\Request))
#39 C:\\xampp\\htdocs\\vizsga_backend\\vendor\\laravel\\framework\\src\\Illuminate\\Foundation\\Http\\Middleware\\TrimStrings.php(51): Illuminate\\Foundation\\Http\\Middleware\\TransformsRequest->handle(Object(Illuminate\\Http\\Request), Object(Closure))
#40 C:\\xampp\\htdocs\\vizsga_backend\\vendor\\laravel\\framework\\src\\Illuminate\\Pipeline\\Pipeline.php(209): Illuminate\\Foundation\\Http\\Middleware\\TrimStrings->handle(Object(Illuminate\\Http\\Request), Object(Closure))
#41 C:\\xampp\\htdocs\\vizsga_backend\\vendor\\laravel\\framework\\src\\Illuminate\\Http\\Middleware\\ValidatePostSize.php(27): Illuminate\\Pipeline\\Pipeline->Illuminate\\Pipeline\\{closure}(Object(Illuminate\\Http\\Request))
#42 C:\\xampp\\htdocs\\vizsga_backend\\vendor\\laravel\\framework\\src\\Illuminate\\Pipeline\\Pipeline.php(209): Illuminate\\Http\\Middleware\\ValidatePostSize->handle(Object(Illuminate\\Http\\Request), Object(Closure))
#43 C:\\xampp\\htdocs\\vizsga_backend\\vendor\\laravel\\framework\\src\\Illuminate\\Foundation\\Http\\Middleware\\PreventRequestsDuringMaintenance.php(110): Illuminate\\Pipeline\\Pipeline->Illuminate\\Pipeline\\{closure}(Object(Illuminate\\Http\\Request))
#44 C:\\xampp\\htdocs\\vizsga_backend\\vendor\\laravel\\framework\\src\\Illuminate\\Pipeline\\Pipeline.php(209): Illuminate\\Foundation\\Http\\Middleware\\PreventRequestsDuringMaintenance->handle(Object(Illuminate\\Http\\Request), Object(Closure))
#45 C:\\xampp\\htdocs\\vizsga_backend\\vendor\\laravel\\framework\\src\\Illuminate\\Http\\Middleware\\HandleCors.php(62): Illuminate\\Pipeline\\Pipeline->Illuminate\\Pipeline\\{closure}(Object(Illuminate\\Http\\Request))
#46 C:\\xampp\\htdocs\\vizsga_backend\\vendor\\laravel\\framework\\src\\Illuminate\\Pipeline\\Pipeline.php(209): Illuminate\\Http\\Middleware\\HandleCors->handle(Object(Illuminate\\Http\\Request), Object(Closure))
#47 C:\\xampp\\htdocs\\vizsga_backend\\vendor\\laravel\\framework\\src\\Illuminate\\Http\\Middleware\\TrustProxies.php(58): Illuminate\\Pipeline\\Pipeline->Illuminate\\Pipeline\\{closure}(Object(Illuminate\\Http\\Request))
#48 C:\\xampp\\htdocs\\vizsga_backend\\vendor\\laravel\\framework\\src\\Illuminate\\Pipeline\\Pipeline.php(209): Illuminate\\Http\\Middleware\\TrustProxies->handle(Object(Illuminate\\Http\\Request), Object(Closure))
#49 C:\\xampp\\htdocs\\vizsga_backend\\vendor\\laravel\\framework\\src\\Illuminate\\Foundation\\Http\\Middleware\\InvokeDeferredCallbacks.php(22): Illuminate\\Pipeline\\Pipeline->Illuminate\\Pipeline\\{closure}(Object(Illuminate\\Http\\Request))
#50 C:\\xampp\\htdocs\\vizsga_backend\\vendor\\laravel\\framework\\src\\Illuminate\\Pipeline\\Pipeline.php(209): Illuminate\\Foundation\\Http\\Middleware\\InvokeDeferredCallbacks->handle(Object(Illuminate\\Http\\Request), Object(Closure))
#51 C:\\xampp\\htdocs\\vizsga_backend\\vendor\\laravel\\framework\\src\\Illuminate\\Http\\Middleware\\ValidatePathEncoding.php(26): Illuminate\\Pipeline\\Pipeline->Illuminate\\Pipeline\\{closure}(Object(Illuminate\\Http\\Request))
#52 C:\\xampp\\htdocs\\vizsga_backend\\vendor\\laravel\\framework\\src\\Illuminate\\Pipeline\\Pipeline.php(209): Illuminate\\Http\\Middleware\\ValidatePathEncoding->handle(Object(Illuminate\\Http\\Request), Object(Closure))
#53 C:\\xampp\\htdocs\\vizsga_backend\\vendor\\laravel\\framework\\src\\Illuminate\\Pipeline\\Pipeline.php(127): Illuminate\\Pipeline\\Pipeline->Illuminate\\Pipeline\\{closure}(Object(Illuminate\\Http\\Request))
#54 C:\\xampp\\htdocs\\vizsga_backend\\vendor\\laravel\\framework\\src\\Illuminate\\Foundation\\Http\\Kernel.php(176): Illuminate\\Pipeline\\Pipeline->then(Object(Closure))
#55 C:\\xampp\\htdocs\\vizsga_backend\\vendor\\laravel\\framework\\src\\Illuminate\\Foundation\\Http\\Kernel.php(145): Illuminate\\Foundation\\Http\\Kernel->sendRequestThroughRouter(Object(Illuminate\\Http\\Request))
#56 C:\\xampp\\htdocs\\vizsga_backend\\vendor\\laravel\\framework\\src\\Illuminate\\Foundation\\Application.php(1220): Illuminate\\Foundation\\Http\\Kernel->handle(Object(Illuminate\\Http\\Request))
#57 C:\\xampp\\htdocs\\vizsga_backend\\public\\index.php(20): Illuminate\\Foundation\\Application->handleRequest(Object(Illuminate\\Http\\Request))
#58 C:\\xampp\\htdocs\\vizsga_backend\\vendor\\laravel\\framework\\src\\Illuminate\\Foundation\\resources\\server.php(23): require_once('C:\\\\xampp\\\\htdocs...')
#59 {main}

[previous exception] [object] (PDOException(code: 2002): SQLSTATE[HY000] [2002] Nem hozható létre kapcsolat, mert a célszámítógép már visszautasította a kapcsolatot at C:\\xampp\\htdocs\\vizsga_backend\\vendor\\laravel\\framework\\src\\Illuminate\\Database\\Connectors\\Connector.php:66)
[stacktrace]
#0 C:\\xampp\\htdocs\\vizsga_backend\\vendor\\laravel\\framework\\src\\Illuminate\\Database\\Connectors\\Connector.php(66): PDO->__construct('mysql:host=127....', 'root', Object(SensitiveParameterValue), Array)
#1 C:\\xampp\\htdocs\\vizsga_backend\\vendor\\laravel\\framework\\src\\Illuminate\\Database\\Connectors\\Connector.php(44): Illuminate\\Database\\Connectors\\Connector->createPdoConnection('mysql:host=127....', 'root', Object(SensitiveParameterValue), Array)
#2 C:\\xampp\\htdocs\\vizsga_backend\\vendor\\laravel\\framework\\src\\Illuminate\\Database\\Connectors\\MySqlConnector.php(24): Illuminate\\Database\\Connectors\\Connector->createConnection('mysql:host=127....', Array, Array)
#3 C:\\xampp\\htdocs\\vizsga_backend\\vendor\\laravel\\framework\\src\\Illuminate\\Database\\Connectors\\ConnectionFactory.php(185): Illuminate\\Database\\Connectors\\MySqlConnector->connect(Array)
#4 [internal function]: Illuminate\\Database\\Connectors\\ConnectionFactory->Illuminate\\Database\\Connectors\\{closure}()
#5 C:\\xampp\\htdocs\\vizsga_backend\\vendor\\laravel\\framework\\src\\Illuminate\\Database\\Connection.php(1229): call_user_func(Object(Closure))
#6 C:\\xampp\\htdocs\\vizsga_backend\\vendor\\laravel\\framework\\src\\Illuminate\\Database\\Connection.php(1265): Illuminate\\Database\\Connection->getPdo()
#7 C:\\xampp\\htdocs\\vizsga_backend\\vendor\\laravel\\framework\\src\\Illuminate\\Database\\Connection.php(510): Illuminate\\Database\\Connection->getReadPdo()
#8 C:\\xampp\\htdocs\\vizsga_backend\\vendor\\laravel\\framework\\src\\Illuminate\\Database\\Connection.php(405): Illuminate\\Database\\Connection->getPdoForSelect(true)
#9 C:\\xampp\\htdocs\\vizsga_backend\\vendor\\laravel\\framework\\src\\Illuminate\\Database\\Connection.php(810): Illuminate\\Database\\Connection->Illuminate\\Database\\{closure}('select * from `...', Array)
#10 C:\\xampp\\htdocs\\vizsga_backend\\vendor\\laravel\\framework\\src\\Illuminate\\Database\\Connection.php(777): Illuminate\\Database\\Connection->runQueryCallback('select * from `...', Array, Object(Closure))
#11 C:\\xampp\\htdocs\\vizsga_backend\\vendor\\laravel\\framework\\src\\Illuminate\\Database\\Connection.php(396): Illuminate\\Database\\Connection->run('select * from `...', Array, Object(Closure))
#12 C:\\xampp\\htdocs\\vizsga_backend\\vendor\\laravel\\framework\\src\\Illuminate\\Database\\Query\\Builder.php(3105): Illuminate\\Database\\Connection->select('select * from `...', Array, true)
#13 C:\\xampp\\htdocs\\vizsga_backend\\vendor\\laravel\\framework\\src\\Illuminate\\Database\\Query\\Builder.php(3090): Illuminate\\Database\\Query\\Builder->runSelect()
#14 C:\\xampp\\htdocs\\vizsga_backend\\vendor\\laravel\\framework\\src\\Illuminate\\Database\\Query\\Builder.php(3677): Illuminate\\Database\\Query\\Builder->Illuminate\\Database\\Query\\{closure}()
#15 C:\\xampp\\htdocs\\vizsga_backend\\vendor\\laravel\\framework\\src\\Illuminate\\Database\\Query\\Builder.php(3089): Illuminate\\Database\\Query\\Builder->onceWithColumns(Array, Object(Closure))
#16 C:\\xampp\\htdocs\\vizsga_backend\\vendor\\laravel\\framework\\src\\Illuminate\\Database\\Eloquent\\Builder.php(811): Illuminate\\Database\\Query\\Builder->get(Array)
#17 C:\\xampp\\htdocs\\vizsga_backend\\vendor\\laravel\\framework\\src\\Illuminate\\Database\\Eloquent\\Builder.php(793): Illuminate\\Database\\Eloquent\\Builder->getModels(Array)
#18 C:\\xampp\\htdocs\\vizsga_backend\\vendor\\laravel\\framework\\src\\Illuminate\\Database\\Eloquent\\Model.php(694): Illuminate\\Database\\Eloquent\\Builder->get(Array)
#19 C:\\xampp\\htdocs\\vizsga_backend\\app\\Http\\Controllers\\BookController.php(12): Illuminate\\Database\\Eloquent\\Model::all()
#20 C:\\xampp\\htdocs\\vizsga_backend\\vendor\\laravel\\framework\\src\\Illuminate\\Routing\\ControllerDispatcher.php(47): App\\Http\\Controllers\\BookController->index()
#21 C:\\xampp\\htdocs\\vizsga_backend\\vendor\\laravel\\framework\\src\\Illuminate\\Routing\\Route.php(266): Illuminate\\Routing\\ControllerDispatcher->dispatch(Object(Illuminate\\Routing\\Route), Object(App\\Http\\Controllers\\BookController), 'index')
#22 C:\\xampp\\htdocs\\vizsga_backend\\vendor\\laravel\\framework\\src\\Illuminate\\Routing\\Route.php(212): Illuminate\\Routing\\Route->runController()
#23 C:\\xampp\\htdocs\\vizsga_backend\\vendor\\laravel\\framework\\src\\Illuminate\\Routing\\Router.php(809): Illuminate\\Routing\\Route->run()
#24 C:\\xampp\\htdocs\\vizsga_backend\\vendor\\laravel\\framework\\src\\Illuminate\\Pipeline\\Pipeline.php(170): Illuminate\\Routing\\Router->Illuminate\\Routing\\{closure}(Object(Illuminate\\Http\\Request))
#25 C:\\xampp\\htdocs\\vizsga_backend\\vendor\\laravel\\framework\\src\\Illuminate\\Routing\\Middleware\\SubstituteBindings.php(51): Illuminate\\Pipeline\\Pipeline->Illuminate\\Pipeline\\{closure}(Object(Illuminate\\Http\\Request))
#26 C:\\xampp\\htdocs\\vizsga_backend\\vendor\\laravel\\framework\\src\\Illuminate\\Pipeline\\Pipeline.php(209): Illuminate\\Routing\\Middleware\\SubstituteBindings->handle(Object(Illuminate\\Http\\Request), Object(Closure))
#27 C:\\xampp\\htdocs\\vizsga_backend\\vendor\\laravel\\framework\\src\\Illuminate\\Foundation\\Http\\Middleware\\VerifyCsrfToken.php(88): Illuminate\\Pipeline\\Pipeline->Illuminate\\Pipeline\\{closure}(Object(Illuminate\\Http\\Request))
#28 C:\\xampp\\htdocs\\vizsga_backend\\vendor\\laravel\\framework\\src\\Illuminate\\Pipeline\\Pipeline.php(209): Illuminate\\Foundation\\Http\\Middleware\\VerifyCsrfToken->handle(Object(Illuminate\\Http\\Request), Object(Closure))
#29 C:\\xampp\\htdocs\\vizsga_backend\\vendor\\laravel\\framework\\src\\Illuminate\\View\\Middleware\\ShareErrorsFromSession.php(49): Illuminate\\Pipeline\\Pipeline->Illuminate\\Pipeline\\{closure}(Object(Illuminate\\Http\\Request))
#30 C:\\xampp\\htdocs\\vizsga_backend\\vendor\\laravel\\framework\\src\\Illuminate\\Pipeline\\Pipeline.php(209): Illuminate\\View\\Middleware\\ShareErrorsFromSession->handle(Object(Illuminate\\Http\\Request), Object(Closure))
#31 C:\\xampp\\htdocs\\vizsga_backend\\vendor\\laravel\\framework\\src\\Illuminate\\Session\\Middleware\\StartSession.php(121): Illuminate\\Pipeline\\Pipeline->Illuminate\\Pipeline\\{closure}(Object(Illuminate\\Http\\Request))
#32 C:\\xampp\\htdocs\\vizsga_backend\\vendor\\laravel\\framework\\src\\Illuminate\\Session\\Middleware\\StartSession.php(64): Illuminate\\Session\\Middleware\\StartSession->handleStatefulRequest(Object(Illuminate\\Http\\Request), Object(Illuminate\\Session\\Store), Object(Closure))
#33 C:\\xampp\\htdocs\\vizsga_backend\\vendor\\laravel\\framework\\src\\Illuminate\\Pipeline\\Pipeline.php(209): Illuminate\\Session\\Middleware\\StartSession->handle(Object(Illuminate\\Http\\Request), Object(Closure))
#34 C:\\xampp\\htdocs\\vizsga_backend\\vendor\\laravel\\framework\\src\\Illuminate\\Cookie\\Middleware\\AddQueuedCookiesToResponse.php(37): Illuminate\\Pipeline\\Pipeline->Illuminate\\Pipeline\\{closure}(Object(Illuminate\\Http\\Request))
#35 C:\\xampp\\htdocs\\vizsga_backend\\vendor\\laravel\\framework\\src\\Illuminate\\Pipeline\\Pipeline.php(209): Illuminate\\Cookie\\Middleware\\AddQueuedCookiesToResponse->handle(Object(Illuminate\\Http\\Request), Object(Closure))
#36 C:\\xampp\\htdocs\\vizsga_backend\\vendor\\laravel\\framework\\src\\Illuminate\\Cookie\\Middleware\\EncryptCookies.php(75): Illuminate\\Pipeline\\Pipeline->Illuminate\\Pipeline\\{closure}(Object(Illuminate\\Http\\Request))
#37 C:\\xampp\\htdocs\\vizsga_backend\\vendor\\laravel\\framework\\src\\Illuminate\\Pipeline\\Pipeline.php(209): Illuminate\\Cookie\\Middleware\\EncryptCookies->handle(Object(Illuminate\\Http\\Request), Object(Closure))
#38 C:\\xampp\\htdocs\\vizsga_backend\\vendor\\laravel\\framework\\src\\Illuminate\\Pipeline\\Pipeline.php(127): Illuminate\\Pipeline\\Pipeline->Illuminate\\Pipeline\\{closure}(Object(Illuminate\\Http\\Request))
#39 C:\\xampp\\htdocs\\vizsga_backend\\vendor\\laravel\\framework\\src\\Illuminate\\Routing\\Router.php(808): Illuminate\\Pipeline\\Pipeline->then(Object(Closure))
#40 C:\\xampp\\htdocs\\vizsga_backend\\vendor\\laravel\\framework\\src\\Illuminate\\Routing\\Router.php(787): Illuminate\\Routing\\Router->runRouteWithinStack(Object(Illuminate\\Routing\\Route), Object(Illuminate\\Http\\Request))
#41 C:\\xampp\\htdocs\\vizsga_backend\\vendor\\laravel\\framework\\src\\Illuminate\\Routing\\Router.php(751): Illuminate\\Routing\\Router->runRoute(Object(Illuminate\\Http\\Request), Object(Illuminate\\Routing\\Route))
#42 C:\\xampp\\htdocs\\vizsga_backend\\vendor\\laravel\\framework\\src\\Illuminate\\Routing\\Router.php(740): Illuminate\\Routing\\Router->dispatchToRoute(Object(Illuminate\\Http\\Request))
#43 C:\\xampp\\htdocs\\vizsga_backend\\vendor\\laravel\\framework\\src\\Illuminate\\Foundation\\Http\\Kernel.php(201): Illuminate\\Routing\\Router->dispatch(Object(Illuminate\\Http\\Request))
#44 C:\\xampp\\htdocs\\vizsga_backend\\vendor\\laravel\\framework\\src\\Illuminate\\Pipeline\\Pipeline.php(170): Illuminate\\Foundation\\Http\\Kernel->Illuminate\\Foundation\\Http\\{closure}(Object(Illuminate\\Http\\Request))
#45 C:\\xampp\\htdocs\\vizsga_backend\\vendor\\laravel\\framework\\src\\Illuminate\\Foundation\\Http\\Middleware\\TransformsRequest.php(21): Illuminate\\Pipeline\\Pipeline->Illuminate\\Pipeline\\{closure}(Object(Illuminate\\Http\\Request))
#46 C:\\xampp\\htdocs\\vizsga_backend\\vendor\\laravel\\framework\\src\\Illuminate\\Foundation\\Http\\Middleware\\ConvertEmptyStringsToNull.php(31): Illuminate\\Foundation\\Http\\Middleware\\TransformsRequest->handle(Object(Illuminate\\Http\\Request), Object(Closure))
#47 C:\\xampp\\htdocs\\vizsga_backend\\vendor\\laravel\\framework\\src\\Illuminate\\Pipeline\\Pipeline.php(209): Illuminate\\Foundation\\Http\\Middleware\\ConvertEmptyStringsToNull->handle(Object(Illuminate\\Http\\Request), Object(Closure))
#48 C:\\xampp\\htdocs\\vizsga_backend\\vendor\\laravel\\framework\\src\\Illuminate\\Foundation\\Http\\Middleware\\TransformsRequest.php(21): Illuminate\\Pipeline\\Pipeline->Illuminate\\Pipeline\\{closure}(Object(Illuminate\\Http\\Request))
#49 C:\\xampp\\htdocs\\vizsga_backend\\vendor\\laravel\\framework\\src\\Illuminate\\Foundation\\Http\\Middleware\\TrimStrings.php(51): Illuminate\\Foundation\\Http\\Middleware\\TransformsRequest->handle(Object(Illuminate\\Http\\Request), Object(Closure))
#50 C:\\xampp\\htdocs\\vizsga_backend\\vendor\\laravel\\framework\\src\\Illuminate\\Pipeline\\Pipeline.php(209): Illuminate\\Foundation\\Http\\Middleware\\TrimStrings->handle(Object(Illuminate\\Http\\Request), Object(Closure))
#51 C:\\xampp\\htdocs\\vizsga_backend\\vendor\\laravel\\framework\\src\\Illuminate\\Http\\Middleware\\ValidatePostSize.php(27): Illuminate\\Pipeline\\Pipeline->Illuminate\\Pipeline\\{closure}(Object(Illuminate\\Http\\Request))
#52 C:\\xampp\\htdocs\\vizsga_backend\\vendor\\laravel\\framework\\src\\Illuminate\\Pipeline\\Pipeline.php(209): Illuminate\\Http\\Middleware\\ValidatePostSize->handle(Object(Illuminate\\Http\\Request), Object(Closure))
#53 C:\\xampp\\htdocs\\vizsga_backend\\vendor\\laravel\\framework\\src\\Illuminate\\Foundation\\Http\\Middleware\\PreventRequestsDuringMaintenance.php(110): Illuminate\\Pipeline\\Pipeline->Illuminate\\Pipeline\\{closure}(Object(Illuminate\\Http\\Request))
#54 C:\\xampp\\htdocs\\vizsga_backend\\vendor\\laravel\\framework\\src\\Illuminate\\Pipeline\\Pipeline.php(209): Illuminate\\Foundation\\Http\\Middleware\\PreventRequestsDuringMaintenance->handle(Object(Illuminate\\Http\\Request), Object(Closure))
#55 C:\\xampp\\htdocs\\vizsga_backend\\vendor\\laravel\\framework\\src\\Illuminate\\Http\\Middleware\\HandleCors.php(62): Illuminate\\Pipeline\\Pipeline->Illuminate\\Pipeline\\{closure}(Object(Illuminate\\Http\\Request))
#56 C:\\xampp\\htdocs\\vizsga_backend\\vendor\\laravel\\framework\\src\\Illuminate\\Pipeline\\Pipeline.php(209): Illuminate\\Http\\Middleware\\HandleCors->handle(Object(Illuminate\\Http\\Request), Object(Closure))
#57 C:\\xampp\\htdocs\\vizsga_backend\\vendor\\laravel\\framework\\src\\Illuminate\\Http\\Middleware\\TrustProxies.php(58): Illuminate\\Pipeline\\Pipeline->Illuminate\\Pipeline\\{closure}(Object(Illuminate\\Http\\Request))
#58 C:\\xampp\\htdocs\\vizsga_backend\\vendor\\laravel\\framework\\src\\Illuminate\\Pipeline\\Pipeline.php(209): Illuminate\\Http\\Middleware\\TrustProxies->handle(Object(Illuminate\\Http\\Request), Object(Closure))
#59 C:\\xampp\\htdocs\\vizsga_backend\\vendor\\laravel\\framework\\src\\Illuminate\\Foundation\\Http\\Middleware\\InvokeDeferredCallbacks.php(22): Illuminate\\Pipeline\\Pipeline->Illuminate\\Pipeline\\{closure}(Object(Illuminate\\Http\\Request))
#60 C:\\xampp\\htdocs\\vizsga_backend\\vendor\\laravel\\framework\\src\\Illuminate\\Pipeline\\Pipeline.php(209): Illuminate\\Foundation\\Http\\Middleware\\InvokeDeferredCallbacks->handle(Object(Illuminate\\Http\\Request), Object(Closure))
#61 C:\\xampp\\htdocs\\vizsga_backend\\vendor\\laravel\\framework\\src\\Illuminate\\Http\\Middleware\\ValidatePathEncoding.php(26): Illuminate\\Pipeline\\Pipeline->Illuminate\\Pipeline\\{closure}(Object(Illuminate\\Http\\Request))
#62 C:\\xampp\\htdocs\\vizsga_backend\\vendor\\laravel\\framework\\src\\Illuminate\\Pipeline\\Pipeline.php(209): Illuminate\\Http\\Middleware\\ValidatePathEncoding->handle(Object(Illuminate\\Http\\Request), Object(Closure))
#63 C:\\xampp\\htdocs\\vizsga_backend\\vendor\\laravel\\framework\\src\\Illuminate\\Pipeline\\Pipeline.php(127): Illuminate\\Pipeline\\Pipeline->Illuminate\\Pipeline\\{closure}(Object(Illuminate\\Http\\Request))
#64 C:\\xampp\\htdocs\\vizsga_backend\\vendor\\laravel\\framework\\src\\Illuminate\\Foundation\\Http\\Kernel.php(176): Illuminate\\Pipeline\\Pipeline->then(Object(Closure))
#65 C:\\xampp\\htdocs\\vizsga_backend\\vendor\\laravel\\framework\\src\\Illuminate\\Foundation\\Http\\Kernel.php(145): Illuminate\\Foundation\\Http\\Kernel->sendRequestThroughRouter(Object(Illuminate\\Http\\Request))
#66 C:\\xampp\\htdocs\\vizsga_backend\\vendor\\laravel\\framework\\src\\Illuminate\\Foundation\\Application.php(1220): Illuminate\\Foundation\\Http\\Kernel->handle(Object(Illuminate\\Http\\Request))
#67 C:\\xampp\\htdocs\\vizsga_backend\\public\\index.php(20): Illuminate\\Foundation\\Application->handleRequest(Object(Illuminate\\Http\\Request))
#68 C:\\xampp\\htdocs\\vizsga_backend\\vendor\\laravel\\framework\\src\\Illuminate\\Foundation\\resources\\server.php(23): require_once('C:\\\\xampp\\\\htdocs...')
#69 {main}
"} 
[2025-03-26 18:20:40] local.ERROR: SQLSTATE[HY000] [2002] Nem hozható létre kapcsolat, mert a célszámítógép már visszautasította a kapcsolatot (Connection: mysql, SQL: select * from `books`) {"exception":"[object] (Illuminate\\Database\\QueryException(code: 2002): SQLSTATE[HY000] [2002] Nem hozható létre kapcsolat, mert a célszámítógép már visszautasította a kapcsolatot (Connection: mysql, SQL: select * from `books`) at C:\\xampp\\htdocs\\vizsga_backend\\vendor\\laravel\\framework\\src\\Illuminate\\Database\\Connection.php:823)
[stacktrace]
#0 C:\\xampp\\htdocs\\vizsga_backend\\vendor\\laravel\\framework\\src\\Illuminate\\Database\\Connection.php(777): Illuminate\\Database\\Connection->runQueryCallback('select * from `...', Array, Object(Closure))
#1 C:\\xampp\\htdocs\\vizsga_backend\\vendor\\laravel\\framework\\src\\Illuminate\\Database\\Connection.php(396): Illuminate\\Database\\Connection->run('select * from `...', Array, Object(Closure))
#2 C:\\xampp\\htdocs\\vizsga_backend\\vendor\\laravel\\framework\\src\\Illuminate\\Database\\Query\\Builder.php(3105): Illuminate\\Database\\Connection->select('select * from `...', Array, true)
#3 C:\\xampp\\htdocs\\vizsga_backend\\vendor\\laravel\\framework\\src\\Illuminate\\Database\\Query\\Builder.php(3090): Illuminate\\Database\\Query\\Builder->runSelect()
#4 C:\\xampp\\htdocs\\vizsga_backend\\vendor\\laravel\\framework\\src\\Illuminate\\Database\\Query\\Builder.php(3677): Illuminate\\Database\\Query\\Builder->Illuminate\\Database\\Query\\{closure}()
#5 C:\\xampp\\htdocs\\vizsga_backend\\vendor\\laravel\\framework\\src\\Illuminate\\Database\\Query\\Builder.php(3089): Illuminate\\Database\\Query\\Builder->onceWithColumns(Array, Object(Closure))
#6 C:\\xampp\\htdocs\\vizsga_backend\\vendor\\laravel\\framework\\src\\Illuminate\\Database\\Eloquent\\Builder.php(811): Illuminate\\Database\\Query\\Builder->get(Array)
#7 C:\\xampp\\htdocs\\vizsga_backend\\vendor\\laravel\\framework\\src\\Illuminate\\Database\\Eloquent\\Builder.php(793): Illuminate\\Database\\Eloquent\\Builder->getModels(Array)
#8 C:\\xampp\\htdocs\\vizsga_backend\\vendor\\laravel\\framework\\src\\Illuminate\\Database\\Eloquent\\Model.php(694): Illuminate\\Database\\Eloquent\\Builder->get(Array)
#9 C:\\xampp\\htdocs\\vizsga_backend\\app\\Http\\Controllers\\BookController.php(12): Illuminate\\Database\\Eloquent\\Model::all()
#10 C:\\xampp\\htdocs\\vizsga_backend\\vendor\\laravel\\framework\\src\\Illuminate\\Routing\\ControllerDispatcher.php(47): App\\Http\\Controllers\\BookController->index()
#11 C:\\xampp\\htdocs\\vizsga_backend\\vendor\\laravel\\framework\\src\\Illuminate\\Routing\\Route.php(266): Illuminate\\Routing\\ControllerDispatcher->dispatch(Object(Illuminate\\Routing\\Route), Object(App\\Http\\Controllers\\BookController), 'index')
#12 C:\\xampp\\htdocs\\vizsga_backend\\vendor\\laravel\\framework\\src\\Illuminate\\Routing\\Route.php(212): Illuminate\\Routing\\Route->runController()
#13 C:\\xampp\\htdocs\\vizsga_backend\\vendor\\laravel\\framework\\src\\Illuminate\\Routing\\Router.php(809): Illuminate\\Routing\\Route->run()
#14 C:\\xampp\\htdocs\\vizsga_backend\\vendor\\laravel\\framework\\src\\Illuminate\\Pipeline\\Pipeline.php(170): Illuminate\\Routing\\Router->Illuminate\\Routing\\{closure}(Object(Illuminate\\Http\\Request))
#15 C:\\xampp\\htdocs\\vizsga_backend\\vendor\\laravel\\framework\\src\\Illuminate\\Routing\\Middleware\\SubstituteBindings.php(51): Illuminate\\Pipeline\\Pipeline->Illuminate\\Pipeline\\{closure}(Object(Illuminate\\Http\\Request))
#16 C:\\xampp\\htdocs\\vizsga_backend\\vendor\\laravel\\framework\\src\\Illuminate\\Pipeline\\Pipeline.php(209): Illuminate\\Routing\\Middleware\\SubstituteBindings->handle(Object(Illuminate\\Http\\Request), Object(Closure))
#17 C:\\xampp\\htdocs\\vizsga_backend\\vendor\\laravel\\framework\\src\\Illuminate\\Foundation\\Http\\Middleware\\VerifyCsrfToken.php(88): Illuminate\\Pipeline\\Pipeline->Illuminate\\Pipeline\\{closure}(Object(Illuminate\\Http\\Request))
#18 C:\\xampp\\htdocs\\vizsga_backend\\vendor\\laravel\\framework\\src\\Illuminate\\Pipeline\\Pipeline.php(209): Illuminate\\Foundation\\Http\\Middleware\\VerifyCsrfToken->handle(Object(Illuminate\\Http\\Request), Object(Closure))
#19 C:\\xampp\\htdocs\\vizsga_backend\\vendor\\laravel\\framework\\src\\Illuminate\\View\\Middleware\\ShareErrorsFromSession.php(49): Illuminate\\Pipeline\\Pipeline->Illuminate\\Pipeline\\{closure}(Object(Illuminate\\Http\\Request))
#20 C:\\xampp\\htdocs\\vizsga_backend\\vendor\\laravel\\framework\\src\\Illuminate\\Pipeline\\Pipeline.php(209): Illuminate\\View\\Middleware\\ShareErrorsFromSession->handle(Object(Illuminate\\Http\\Request), Object(Closure))
#21 C:\\xampp\\htdocs\\vizsga_backend\\vendor\\laravel\\framework\\src\\Illuminate\\Session\\Middleware\\StartSession.php(121): Illuminate\\Pipeline\\Pipeline->Illuminate\\Pipeline\\{closure}(Object(Illuminate\\Http\\Request))
#22 C:\\xampp\\htdocs\\vizsga_backend\\vendor\\laravel\\framework\\src\\Illuminate\\Session\\Middleware\\StartSession.php(64): Illuminate\\Session\\Middleware\\StartSession->handleStatefulRequest(Object(Illuminate\\Http\\Request), Object(Illuminate\\Session\\Store), Object(Closure))
#23 C:\\xampp\\htdocs\\vizsga_backend\\vendor\\laravel\\framework\\src\\Illuminate\\Pipeline\\Pipeline.php(209): Illuminate\\Session\\Middleware\\StartSession->handle(Object(Illuminate\\Http\\Request), Object(Closure))
#24 C:\\xampp\\htdocs\\vizsga_backend\\vendor\\laravel\\framework\\src\\Illuminate\\Cookie\\Middleware\\AddQueuedCookiesToResponse.php(37): Illuminate\\Pipeline\\Pipeline->Illuminate\\Pipeline\\{closure}(Object(Illuminate\\Http\\Request))
#25 C:\\xampp\\htdocs\\vizsga_backend\\vendor\\laravel\\framework\\src\\Illuminate\\Pipeline\\Pipeline.php(209): Illuminate\\Cookie\\Middleware\\AddQueuedCookiesToResponse->handle(Object(Illuminate\\Http\\Request), Object(Closure))
#26 C:\\xampp\\htdocs\\vizsga_backend\\vendor\\laravel\\framework\\src\\Illuminate\\Cookie\\Middleware\\EncryptCookies.php(75): Illuminate\\Pipeline\\Pipeline->Illuminate\\Pipeline\\{closure}(Object(Illuminate\\Http\\Request))
#27 C:\\xampp\\htdocs\\vizsga_backend\\vendor\\laravel\\framework\\src\\Illuminate\\Pipeline\\Pipeline.php(209): Illuminate\\Cookie\\Middleware\\EncryptCookies->handle(Object(Illuminate\\Http\\Request), Object(Closure))
#28 C:\\xampp\\htdocs\\vizsga_backend\\vendor\\laravel\\framework\\src\\Illuminate\\Pipeline\\Pipeline.php(127): Illuminate\\Pipeline\\Pipeline->Illuminate\\Pipeline\\{closure}(Object(Illuminate\\Http\\Request))
#29 C:\\xampp\\htdocs\\vizsga_backend\\vendor\\laravel\\framework\\src\\Illuminate\\Routing\\Router.php(808): Illuminate\\Pipeline\\Pipeline->then(Object(Closure))
#30 C:\\xampp\\htdocs\\vizsga_backend\\vendor\\laravel\\framework\\src\\Illuminate\\Routing\\Router.php(787): Illuminate\\Routing\\Router->runRouteWithinStack(Object(Illuminate\\Routing\\Route), Object(Illuminate\\Http\\Request))
#31 C:\\xampp\\htdocs\\vizsga_backend\\vendor\\laravel\\framework\\src\\Illuminate\\Routing\\Router.php(751): Illuminate\\Routing\\Router->runRoute(Object(Illuminate\\Http\\Request), Object(Illuminate\\Routing\\Route))
#32 C:\\xampp\\htdocs\\vizsga_backend\\vendor\\laravel\\framework\\src\\Illuminate\\Routing\\Router.php(740): Illuminate\\Routing\\Router->dispatchToRoute(Object(Illuminate\\Http\\Request))
#33 C:\\xampp\\htdocs\\vizsga_backend\\vendor\\laravel\\framework\\src\\Illuminate\\Foundation\\Http\\Kernel.php(201): Illuminate\\Routing\\Router->dispatch(Object(Illuminate\\Http\\Request))
#34 C:\\xampp\\htdocs\\vizsga_backend\\vendor\\laravel\\framework\\src\\Illuminate\\Pipeline\\Pipeline.php(170): Illuminate\\Foundation\\Http\\Kernel->Illuminate\\Foundation\\Http\\{closure}(Object(Illuminate\\Http\\Request))
#35 C:\\xampp\\htdocs\\vizsga_backend\\vendor\\laravel\\framework\\src\\Illuminate\\Foundation\\Http\\Middleware\\TransformsRequest.php(21): Illuminate\\Pipeline\\Pipeline->Illuminate\\Pipeline\\{closure}(Object(Illuminate\\Http\\Request))
#36 C:\\xampp\\htdocs\\vizsga_backend\\vendor\\laravel\\framework\\src\\Illuminate\\Foundation\\Http\\Middleware\\ConvertEmptyStringsToNull.php(31): Illuminate\\Foundation\\Http\\Middleware\\TransformsRequest->handle(Object(Illuminate\\Http\\Request), Object(Closure))
#37 C:\\xampp\\htdocs\\vizsga_backend\\vendor\\laravel\\framework\\src\\Illuminate\\Pipeline\\Pipeline.php(209): Illuminate\\Foundation\\Http\\Middleware\\ConvertEmptyStringsToNull->handle(Object(Illuminate\\Http\\Request), Object(Closure))
#38 C:\\xampp\\htdocs\\vizsga_backend\\vendor\\laravel\\framework\\src\\Illuminate\\Foundation\\Http\\Middleware\\TransformsRequest.php(21): Illuminate\\Pipeline\\Pipeline->Illuminate\\Pipeline\\{closure}(Object(Illuminate\\Http\\Request))
#39 C:\\xampp\\htdocs\\vizsga_backend\\vendor\\laravel\\framework\\src\\Illuminate\\Foundation\\Http\\Middleware\\TrimStrings.php(51): Illuminate\\Foundation\\Http\\Middleware\\TransformsRequest->handle(Object(Illuminate\\Http\\Request), Object(Closure))
#40 C:\\xampp\\htdocs\\vizsga_backend\\vendor\\laravel\\framework\\src\\Illuminate\\Pipeline\\Pipeline.php(209): Illuminate\\Foundation\\Http\\Middleware\\TrimStrings->handle(Object(Illuminate\\Http\\Request), Object(Closure))
#41 C:\\xampp\\htdocs\\vizsga_backend\\vendor\\laravel\\framework\\src\\Illuminate\\Http\\Middleware\\ValidatePostSize.php(27): Illuminate\\Pipeline\\Pipeline->Illuminate\\Pipeline\\{closure}(Object(Illuminate\\Http\\Request))
#42 C:\\xampp\\htdocs\\vizsga_backend\\vendor\\laravel\\framework\\src\\Illuminate\\Pipeline\\Pipeline.php(209): Illuminate\\Http\\Middleware\\ValidatePostSize->handle(Object(Illuminate\\Http\\Request), Object(Closure))
#43 C:\\xampp\\htdocs\\vizsga_backend\\vendor\\laravel\\framework\\src\\Illuminate\\Foundation\\Http\\Middleware\\PreventRequestsDuringMaintenance.php(110): Illuminate\\Pipeline\\Pipeline->Illuminate\\Pipeline\\{closure}(Object(Illuminate\\Http\\Request))
#44 C:\\xampp\\htdocs\\vizsga_backend\\vendor\\laravel\\framework\\src\\Illuminate\\Pipeline\\Pipeline.php(209): Illuminate\\Foundation\\Http\\Middleware\\PreventRequestsDuringMaintenance->handle(Object(Illuminate\\Http\\Request), Object(Closure))
#45 C:\\xampp\\htdocs\\vizsga_backend\\vendor\\laravel\\framework\\src\\Illuminate\\Http\\Middleware\\HandleCors.php(62): Illuminate\\Pipeline\\Pipeline->Illuminate\\Pipeline\\{closure}(Object(Illuminate\\Http\\Request))
#46 C:\\xampp\\htdocs\\vizsga_backend\\vendor\\laravel\\framework\\src\\Illuminate\\Pipeline\\Pipeline.php(209): Illuminate\\Http\\Middleware\\HandleCors->handle(Object(Illuminate\\Http\\Request), Object(Closure))
#47 C:\\xampp\\htdocs\\vizsga_backend\\vendor\\laravel\\framework\\src\\Illuminate\\Http\\Middleware\\TrustProxies.php(58): Illuminate\\Pipeline\\Pipeline->Illuminate\\Pipeline\\{closure}(Object(Illuminate\\Http\\Request))
#48 C:\\xampp\\htdocs\\vizsga_backend\\vendor\\laravel\\framework\\src\\Illuminate\\Pipeline\\Pipeline.php(209): Illuminate\\Http\\Middleware\\TrustProxies->handle(Object(Illuminate\\Http\\Request), Object(Closure))
#49 C:\\xampp\\htdocs\\vizsga_backend\\vendor\\laravel\\framework\\src\\Illuminate\\Foundation\\Http\\Middleware\\InvokeDeferredCallbacks.php(22): Illuminate\\Pipeline\\Pipeline->Illuminate\\Pipeline\\{closure}(Object(Illuminate\\Http\\Request))
#50 C:\\xampp\\htdocs\\vizsga_backend\\vendor\\laravel\\framework\\src\\Illuminate\\Pipeline\\Pipeline.php(209): Illuminate\\Foundation\\Http\\Middleware\\InvokeDeferredCallbacks->handle(Object(Illuminate\\Http\\Request), Object(Closure))
#51 C:\\xampp\\htdocs\\vizsga_backend\\vendor\\laravel\\framework\\src\\Illuminate\\Http\\Middleware\\ValidatePathEncoding.php(26): Illuminate\\Pipeline\\Pipeline->Illuminate\\Pipeline\\{closure}(Object(Illuminate\\Http\\Request))
#52 C:\\xampp\\htdocs\\vizsga_backend\\vendor\\laravel\\framework\\src\\Illuminate\\Pipeline\\Pipeline.php(209): Illuminate\\Http\\Middleware\\ValidatePathEncoding->handle(Object(Illuminate\\Http\\Request), Object(Closure))
#53 C:\\xampp\\htdocs\\vizsga_backend\\vendor\\laravel\\framework\\src\\Illuminate\\Pipeline\\Pipeline.php(127): Illuminate\\Pipeline\\Pipeline->Illuminate\\Pipeline\\{closure}(Object(Illuminate\\Http\\Request))
#54 C:\\xampp\\htdocs\\vizsga_backend\\vendor\\laravel\\framework\\src\\Illuminate\\Foundation\\Http\\Kernel.php(176): Illuminate\\Pipeline\\Pipeline->then(Object(Closure))
#55 C:\\xampp\\htdocs\\vizsga_backend\\vendor\\laravel\\framework\\src\\Illuminate\\Foundation\\Http\\Kernel.php(145): Illuminate\\Foundation\\Http\\Kernel->sendRequestThroughRouter(Object(Illuminate\\Http\\Request))
#56 C:\\xampp\\htdocs\\vizsga_backend\\vendor\\laravel\\framework\\src\\Illuminate\\Foundation\\Application.php(1220): Illuminate\\Foundation\\Http\\Kernel->handle(Object(Illuminate\\Http\\Request))
#57 C:\\xampp\\htdocs\\vizsga_backend\\public\\index.php(20): Illuminate\\Foundation\\Application->handleRequest(Object(Illuminate\\Http\\Request))
#58 C:\\xampp\\htdocs\\vizsga_backend\\vendor\\laravel\\framework\\src\\Illuminate\\Foundation\\resources\\server.php(23): require_once('C:\\\\xampp\\\\htdocs...')
#59 {main}

[previous exception] [object] (PDOException(code: 2002): SQLSTATE[HY000] [2002] Nem hozható létre kapcsolat, mert a célszámítógép már visszautasította a kapcsolatot at C:\\xampp\\htdocs\\vizsga_backend\\vendor\\laravel\\framework\\src\\Illuminate\\Database\\Connectors\\Connector.php:66)
[stacktrace]
#0 C:\\xampp\\htdocs\\vizsga_backend\\vendor\\laravel\\framework\\src\\Illuminate\\Database\\Connectors\\Connector.php(66): PDO->__construct('mysql:host=127....', 'root', Object(SensitiveParameterValue), Array)
#1 C:\\xampp\\htdocs\\vizsga_backend\\vendor\\laravel\\framework\\src\\Illuminate\\Database\\Connectors\\Connector.php(44): Illuminate\\Database\\Connectors\\Connector->createPdoConnection('mysql:host=127....', 'root', Object(SensitiveParameterValue), Array)
#2 C:\\xampp\\htdocs\\vizsga_backend\\vendor\\laravel\\framework\\src\\Illuminate\\Database\\Connectors\\MySqlConnector.php(24): Illuminate\\Database\\Connectors\\Connector->createConnection('mysql:host=127....', Array, Array)
#3 C:\\xampp\\htdocs\\vizsga_backend\\vendor\\laravel\\framework\\src\\Illuminate\\Database\\Connectors\\ConnectionFactory.php(185): Illuminate\\Database\\Connectors\\MySqlConnector->connect(Array)
#4 [internal function]: Illuminate\\Database\\Connectors\\ConnectionFactory->Illuminate\\Database\\Connectors\\{closure}()
#5 C:\\xampp\\htdocs\\vizsga_backend\\vendor\\laravel\\framework\\src\\Illuminate\\Database\\Connection.php(1229): call_user_func(Object(Closure))
#6 C:\\xampp\\htdocs\\vizsga_backend\\vendor\\laravel\\framework\\src\\Illuminate\\Database\\Connection.php(1265): Illuminate\\Database\\Connection->getPdo()
#7 C:\\xampp\\htdocs\\vizsga_backend\\vendor\\laravel\\framework\\src\\Illuminate\\Database\\Connection.php(510): Illuminate\\Database\\Connection->getReadPdo()
#8 C:\\xampp\\htdocs\\vizsga_backend\\vendor\\laravel\\framework\\src\\Illuminate\\Database\\Connection.php(405): Illuminate\\Database\\Connection->getPdoForSelect(true)
#9 C:\\xampp\\htdocs\\vizsga_backend\\vendor\\laravel\\framework\\src\\Illuminate\\Database\\Connection.php(810): Illuminate\\Database\\Connection->Illuminate\\Database\\{closure}('select * from `...', Array)
#10 C:\\xampp\\htdocs\\vizsga_backend\\vendor\\laravel\\framework\\src\\Illuminate\\Database\\Connection.php(777): Illuminate\\Database\\Connection->runQueryCallback('select * from `...', Array, Object(Closure))
#11 C:\\xampp\\htdocs\\vizsga_backend\\vendor\\laravel\\framework\\src\\Illuminate\\Database\\Connection.php(396): Illuminate\\Database\\Connection->run('select * from `...', Array, Object(Closure))
#12 C:\\xampp\\htdocs\\vizsga_backend\\vendor\\laravel\\framework\\src\\Illuminate\\Database\\Query\\Builder.php(3105): Illuminate\\Database\\Connection->select('select * from `...', Array, true)
#13 C:\\xampp\\htdocs\\vizsga_backend\\vendor\\laravel\\framework\\src\\Illuminate\\Database\\Query\\Builder.php(3090): Illuminate\\Database\\Query\\Builder->runSelect()
#14 C:\\xampp\\htdocs\\vizsga_backend\\vendor\\laravel\\framework\\src\\Illuminate\\Database\\Query\\Builder.php(3677): Illuminate\\Database\\Query\\Builder->Illuminate\\Database\\Query\\{closure}()
#15 C:\\xampp\\htdocs\\vizsga_backend\\vendor\\laravel\\framework\\src\\Illuminate\\Database\\Query\\Builder.php(3089): Illuminate\\Database\\Query\\Builder->onceWithColumns(Array, Object(Closure))
#16 C:\\xampp\\htdocs\\vizsga_backend\\vendor\\laravel\\framework\\src\\Illuminate\\Database\\Eloquent\\Builder.php(811): Illuminate\\Database\\Query\\Builder->get(Array)
#17 C:\\xampp\\htdocs\\vizsga_backend\\vendor\\laravel\\framework\\src\\Illuminate\\Database\\Eloquent\\Builder.php(793): Illuminate\\Database\\Eloquent\\Builder->getModels(Array)
#18 C:\\xampp\\htdocs\\vizsga_backend\\vendor\\laravel\\framework\\src\\Illuminate\\Database\\Eloquent\\Model.php(694): Illuminate\\Database\\Eloquent\\Builder->get(Array)
#19 C:\\xampp\\htdocs\\vizsga_backend\\app\\Http\\Controllers\\BookController.php(12): Illuminate\\Database\\Eloquent\\Model::all()
#20 C:\\xampp\\htdocs\\vizsga_backend\\vendor\\laravel\\framework\\src\\Illuminate\\Routing\\ControllerDispatcher.php(47): App\\Http\\Controllers\\BookController->index()
#21 C:\\xampp\\htdocs\\vizsga_backend\\vendor\\laravel\\framework\\src\\Illuminate\\Routing\\Route.php(266): Illuminate\\Routing\\ControllerDispatcher->dispatch(Object(Illuminate\\Routing\\Route), Object(App\\Http\\Controllers\\BookController), 'index')
#22 C:\\xampp\\htdocs\\vizsga_backend\\vendor\\laravel\\framework\\src\\Illuminate\\Routing\\Route.php(212): Illuminate\\Routing\\Route->runController()
#23 C:\\xampp\\htdocs\\vizsga_backend\\vendor\\laravel\\framework\\src\\Illuminate\\Routing\\Router.php(809): Illuminate\\Routing\\Route->run()
#24 C:\\xampp\\htdocs\\vizsga_backend\\vendor\\laravel\\framework\\src\\Illuminate\\Pipeline\\Pipeline.php(170): Illuminate\\Routing\\Router->Illuminate\\Routing\\{closure}(Object(Illuminate\\Http\\Request))
#25 C:\\xampp\\htdocs\\vizsga_backend\\vendor\\laravel\\framework\\src\\Illuminate\\Routing\\Middleware\\SubstituteBindings.php(51): Illuminate\\Pipeline\\Pipeline->Illuminate\\Pipeline\\{closure}(Object(Illuminate\\Http\\Request))
#26 C:\\xampp\\htdocs\\vizsga_backend\\vendor\\laravel\\framework\\src\\Illuminate\\Pipeline\\Pipeline.php(209): Illuminate\\Routing\\Middleware\\SubstituteBindings->handle(Object(Illuminate\\Http\\Request), Object(Closure))
#27 C:\\xampp\\htdocs\\vizsga_backend\\vendor\\laravel\\framework\\src\\Illuminate\\Foundation\\Http\\Middleware\\VerifyCsrfToken.php(88): Illuminate\\Pipeline\\Pipeline->Illuminate\\Pipeline\\{closure}(Object(Illuminate\\Http\\Request))
#28 C:\\xampp\\htdocs\\vizsga_backend\\vendor\\laravel\\framework\\src\\Illuminate\\Pipeline\\Pipeline.php(209): Illuminate\\Foundation\\Http\\Middleware\\VerifyCsrfToken->handle(Object(Illuminate\\Http\\Request), Object(Closure))
#29 C:\\xampp\\htdocs\\vizsga_backend\\vendor\\laravel\\framework\\src\\Illuminate\\View\\Middleware\\ShareErrorsFromSession.php(49): Illuminate\\Pipeline\\Pipeline->Illuminate\\Pipeline\\{closure}(Object(Illuminate\\Http\\Request))
#30 C:\\xampp\\htdocs\\vizsga_backend\\vendor\\laravel\\framework\\src\\Illuminate\\Pipeline\\Pipeline.php(209): Illuminate\\View\\Middleware\\ShareErrorsFromSession->handle(Object(Illuminate\\Http\\Request), Object(Closure))
#31 C:\\xampp\\htdocs\\vizsga_backend\\vendor\\laravel\\framework\\src\\Illuminate\\Session\\Middleware\\StartSession.php(121): Illuminate\\Pipeline\\Pipeline->Illuminate\\Pipeline\\{closure}(Object(Illuminate\\Http\\Request))
#32 C:\\xampp\\htdocs\\vizsga_backend\\vendor\\laravel\\framework\\src\\Illuminate\\Session\\Middleware\\StartSession.php(64): Illuminate\\Session\\Middleware\\StartSession->handleStatefulRequest(Object(Illuminate\\Http\\Request), Object(Illuminate\\Session\\Store), Object(Closure))
#33 C:\\xampp\\htdocs\\vizsga_backend\\vendor\\laravel\\framework\\src\\Illuminate\\Pipeline\\Pipeline.php(209): Illuminate\\Session\\Middleware\\StartSession->handle(Object(Illuminate\\Http\\Request), Object(Closure))
#34 C:\\xampp\\htdocs\\vizsga_backend\\vendor\\laravel\\framework\\src\\Illuminate\\Cookie\\Middleware\\AddQueuedCookiesToResponse.php(37): Illuminate\\Pipeline\\Pipeline->Illuminate\\Pipeline\\{closure}(Object(Illuminate\\Http\\Request))
#35 C:\\xampp\\htdocs\\vizsga_backend\\vendor\\laravel\\framework\\src\\Illuminate\\Pipeline\\Pipeline.php(209): Illuminate\\Cookie\\Middleware\\AddQueuedCookiesToResponse->handle(Object(Illuminate\\Http\\Request), Object(Closure))
#36 C:\\xampp\\htdocs\\vizsga_backend\\vendor\\laravel\\framework\\src\\Illuminate\\Cookie\\Middleware\\EncryptCookies.php(75): Illuminate\\Pipeline\\Pipeline->Illuminate\\Pipeline\\{closure}(Object(Illuminate\\Http\\Request))
#37 C:\\xampp\\htdocs\\vizsga_backend\\vendor\\laravel\\framework\\src\\Illuminate\\Pipeline\\Pipeline.php(209): Illuminate\\Cookie\\Middleware\\EncryptCookies->handle(Object(Illuminate\\Http\\Request), Object(Closure))
#38 C:\\xampp\\htdocs\\vizsga_backend\\vendor\\laravel\\framework\\src\\Illuminate\\Pipeline\\Pipeline.php(127): Illuminate\\Pipeline\\Pipeline->Illuminate\\Pipeline\\{closure}(Object(Illuminate\\Http\\Request))
#39 C:\\xampp\\htdocs\\vizsga_backend\\vendor\\laravel\\framework\\src\\Illuminate\\Routing\\Router.php(808): Illuminate\\Pipeline\\Pipeline->then(Object(Closure))
#40 C:\\xampp\\htdocs\\vizsga_backend\\vendor\\laravel\\framework\\src\\Illuminate\\Routing\\Router.php(787): Illuminate\\Routing\\Router->runRouteWithinStack(Object(Illuminate\\Routing\\Route), Object(Illuminate\\Http\\Request))
#41 C:\\xampp\\htdocs\\vizsga_backend\\vendor\\laravel\\framework\\src\\Illuminate\\Routing\\Router.php(751): Illuminate\\Routing\\Router->runRoute(Object(Illuminate\\Http\\Request), Object(Illuminate\\Routing\\Route))
#42 C:\\xampp\\htdocs\\vizsga_backend\\vendor\\laravel\\framework\\src\\Illuminate\\Routing\\Router.php(740): Illuminate\\Routing\\Router->dispatchToRoute(Object(Illuminate\\Http\\Request))
#43 C:\\xampp\\htdocs\\vizsga_backend\\vendor\\laravel\\framework\\src\\Illuminate\\Foundation\\Http\\Kernel.php(201): Illuminate\\Routing\\Router->dispatch(Object(Illuminate\\Http\\Request))
#44 C:\\xampp\\htdocs\\vizsga_backend\\vendor\\laravel\\framework\\src\\Illuminate\\Pipeline\\Pipeline.php(170): Illuminate\\Foundation\\Http\\Kernel->Illuminate\\Foundation\\Http\\{closure}(Object(Illuminate\\Http\\Request))
#45 C:\\xampp\\htdocs\\vizsga_backend\\vendor\\laravel\\framework\\src\\Illuminate\\Foundation\\Http\\Middleware\\TransformsRequest.php(21): Illuminate\\Pipeline\\Pipeline->Illuminate\\Pipeline\\{closure}(Object(Illuminate\\Http\\Request))
#46 C:\\xampp\\htdocs\\vizsga_backend\\vendor\\laravel\\framework\\src\\Illuminate\\Foundation\\Http\\Middleware\\ConvertEmptyStringsToNull.php(31): Illuminate\\Foundation\\Http\\Middleware\\TransformsRequest->handle(Object(Illuminate\\Http\\Request), Object(Closure))
#47 C:\\xampp\\htdocs\\vizsga_backend\\vendor\\laravel\\framework\\src\\Illuminate\\Pipeline\\Pipeline.php(209): Illuminate\\Foundation\\Http\\Middleware\\ConvertEmptyStringsToNull->handle(Object(Illuminate\\Http\\Request), Object(Closure))
#48 C:\\xampp\\htdocs\\vizsga_backend\\vendor\\laravel\\framework\\src\\Illuminate\\Foundation\\Http\\Middleware\\TransformsRequest.php(21): Illuminate\\Pipeline\\Pipeline->Illuminate\\Pipeline\\{closure}(Object(Illuminate\\Http\\Request))
#49 C:\\xampp\\htdocs\\vizsga_backend\\vendor\\laravel\\framework\\src\\Illuminate\\Foundation\\Http\\Middleware\\TrimStrings.php(51): Illuminate\\Foundation\\Http\\Middleware\\TransformsRequest->handle(Object(Illuminate\\Http\\Request), Object(Closure))
#50 C:\\xampp\\htdocs\\vizsga_backend\\vendor\\laravel\\framework\\src\\Illuminate\\Pipeline\\Pipeline.php(209): Illuminate\\Foundation\\Http\\Middleware\\TrimStrings->handle(Object(Illuminate\\Http\\Request), Object(Closure))
#51 C:\\xampp\\htdocs\\vizsga_backend\\vendor\\laravel\\framework\\src\\Illuminate\\Http\\Middleware\\ValidatePostSize.php(27): Illuminate\\Pipeline\\Pipeline->Illuminate\\Pipeline\\{closure}(Object(Illuminate\\Http\\Request))
#52 C:\\xampp\\htdocs\\vizsga_backend\\vendor\\laravel\\framework\\src\\Illuminate\\Pipeline\\Pipeline.php(209): Illuminate\\Http\\Middleware\\ValidatePostSize->handle(Object(Illuminate\\Http\\Request), Object(Closure))
#53 C:\\xampp\\htdocs\\vizsga_backend\\vendor\\laravel\\framework\\src\\Illuminate\\Foundation\\Http\\Middleware\\PreventRequestsDuringMaintenance.php(110): Illuminate\\Pipeline\\Pipeline->Illuminate\\Pipeline\\{closure}(Object(Illuminate\\Http\\Request))
#54 C:\\xampp\\htdocs\\vizsga_backend\\vendor\\laravel\\framework\\src\\Illuminate\\Pipeline\\Pipeline.php(209): Illuminate\\Foundation\\Http\\Middleware\\PreventRequestsDuringMaintenance->handle(Object(Illuminate\\Http\\Request), Object(Closure))
#55 C:\\xampp\\htdocs\\vizsga_backend\\vendor\\laravel\\framework\\src\\Illuminate\\Http\\Middleware\\HandleCors.php(62): Illuminate\\Pipeline\\Pipeline->Illuminate\\Pipeline\\{closure}(Object(Illuminate\\Http\\Request))
#56 C:\\xampp\\htdocs\\vizsga_backend\\vendor\\laravel\\framework\\src\\Illuminate\\Pipeline\\Pipeline.php(209): Illuminate\\Http\\Middleware\\HandleCors->handle(Object(Illuminate\\Http\\Request), Object(Closure))
#57 C:\\xampp\\htdocs\\vizsga_backend\\vendor\\laravel\\framework\\src\\Illuminate\\Http\\Middleware\\TrustProxies.php(58): Illuminate\\Pipeline\\Pipeline->Illuminate\\Pipeline\\{closure}(Object(Illuminate\\Http\\Request))
#58 C:\\xampp\\htdocs\\vizsga_backend\\vendor\\laravel\\framework\\src\\Illuminate\\Pipeline\\Pipeline.php(209): Illuminate\\Http\\Middleware\\TrustProxies->handle(Object(Illuminate\\Http\\Request), Object(Closure))
#59 C:\\xampp\\htdocs\\vizsga_backend\\vendor\\laravel\\framework\\src\\Illuminate\\Foundation\\Http\\Middleware\\InvokeDeferredCallbacks.php(22): Illuminate\\Pipeline\\Pipeline->Illuminate\\Pipeline\\{closure}(Object(Illuminate\\Http\\Request))
#60 C:\\xampp\\htdocs\\vizsga_backend\\vendor\\laravel\\framework\\src\\Illuminate\\Pipeline\\Pipeline.php(209): Illuminate\\Foundation\\Http\\Middleware\\InvokeDeferredCallbacks->handle(Object(Illuminate\\Http\\Request), Object(Closure))
#61 C:\\xampp\\htdocs\\vizsga_backend\\vendor\\laravel\\framework\\src\\Illuminate\\Http\\Middleware\\ValidatePathEncoding.php(26): Illuminate\\Pipeline\\Pipeline->Illuminate\\Pipeline\\{closure}(Object(Illuminate\\Http\\Request))
#62 C:\\xampp\\htdocs\\vizsga_backend\\vendor\\laravel\\framework\\src\\Illuminate\\Pipeline\\Pipeline.php(209): Illuminate\\Http\\Middleware\\ValidatePathEncoding->handle(Object(Illuminate\\Http\\Request), Object(Closure))
#63 C:\\xampp\\htdocs\\vizsga_backend\\vendor\\laravel\\framework\\src\\Illuminate\\Pipeline\\Pipeline.php(127): Illuminate\\Pipeline\\Pipeline->Illuminate\\Pipeline\\{closure}(Object(Illuminate\\Http\\Request))
#64 C:\\xampp\\htdocs\\vizsga_backend\\vendor\\laravel\\framework\\src\\Illuminate\\Foundation\\Http\\Kernel.php(176): Illuminate\\Pipeline\\Pipeline->then(Object(Closure))
#65 C:\\xampp\\htdocs\\vizsga_backend\\vendor\\laravel\\framework\\src\\Illuminate\\Foundation\\Http\\Kernel.php(145): Illuminate\\Foundation\\Http\\Kernel->sendRequestThroughRouter(Object(Illuminate\\Http\\Request))
#66 C:\\xampp\\htdocs\\vizsga_backend\\vendor\\laravel\\framework\\src\\Illuminate\\Foundation\\Application.php(1220): Illuminate\\Foundation\\Http\\Kernel->handle(Object(Illuminate\\Http\\Request))
#67 C:\\xampp\\htdocs\\vizsga_backend\\public\\index.php(20): Illuminate\\Foundation\\Application->handleRequest(Object(Illuminate\\Http\\Request))
#68 C:\\xampp\\htdocs\\vizsga_backend\\vendor\\laravel\\framework\\src\\Illuminate\\Foundation\\resources\\server.php(23): require_once('C:\\\\xampp\\\\htdocs...')
#69 {main}
"} 
[2025-03-26 18:32:46] local.ERROR: SQLSTATE[HY000] [2002] Nem hozható létre kapcsolat, mert a célszámítógép már visszautasította a kapcsolatot (Connection: mysql, SQL: select * from `books`) {"exception":"[object] (Illuminate\\Database\\QueryException(code: 2002): SQLSTATE[HY000] [2002] Nem hozható létre kapcsolat, mert a célszámítógép már visszautasította a kapcsolatot (Connection: mysql, SQL: select * from `books`) at C:\\xampp\\htdocs\\vizsga_backend\\vendor\\laravel\\framework\\src\\Illuminate\\Database\\Connection.php:823)
[stacktrace]
#0 C:\\xampp\\htdocs\\vizsga_backend\\vendor\\laravel\\framework\\src\\Illuminate\\Database\\Connection.php(777): Illuminate\\Database\\Connection->runQueryCallback('select * from `...', Array, Object(Closure))
#1 C:\\xampp\\htdocs\\vizsga_backend\\vendor\\laravel\\framework\\src\\Illuminate\\Database\\Connection.php(396): Illuminate\\Database\\Connection->run('select * from `...', Array, Object(Closure))
#2 C:\\xampp\\htdocs\\vizsga_backend\\vendor\\laravel\\framework\\src\\Illuminate\\Database\\Query\\Builder.php(3105): Illuminate\\Database\\Connection->select('select * from `...', Array, true)
#3 C:\\xampp\\htdocs\\vizsga_backend\\vendor\\laravel\\framework\\src\\Illuminate\\Database\\Query\\Builder.php(3090): Illuminate\\Database\\Query\\Builder->runSelect()
#4 C:\\xampp\\htdocs\\vizsga_backend\\vendor\\laravel\\framework\\src\\Illuminate\\Database\\Query\\Builder.php(3677): Illuminate\\Database\\Query\\Builder->Illuminate\\Database\\Query\\{closure}()
#5 C:\\xampp\\htdocs\\vizsga_backend\\vendor\\laravel\\framework\\src\\Illuminate\\Database\\Query\\Builder.php(3089): Illuminate\\Database\\Query\\Builder->onceWithColumns(Array, Object(Closure))
#6 C:\\xampp\\htdocs\\vizsga_backend\\vendor\\laravel\\framework\\src\\Illuminate\\Database\\Eloquent\\Builder.php(811): Illuminate\\Database\\Query\\Builder->get(Array)
#7 C:\\xampp\\htdocs\\vizsga_backend\\vendor\\laravel\\framework\\src\\Illuminate\\Database\\Eloquent\\Builder.php(793): Illuminate\\Database\\Eloquent\\Builder->getModels(Array)
#8 C:\\xampp\\htdocs\\vizsga_backend\\vendor\\laravel\\framework\\src\\Illuminate\\Database\\Eloquent\\Model.php(694): Illuminate\\Database\\Eloquent\\Builder->get(Array)
#9 C:\\xampp\\htdocs\\vizsga_backend\\app\\Http\\Controllers\\BookController.php(12): Illuminate\\Database\\Eloquent\\Model::all()
#10 C:\\xampp\\htdocs\\vizsga_backend\\vendor\\laravel\\framework\\src\\Illuminate\\Routing\\ControllerDispatcher.php(47): App\\Http\\Controllers\\BookController->index()
#11 C:\\xampp\\htdocs\\vizsga_backend\\vendor\\laravel\\framework\\src\\Illuminate\\Routing\\Route.php(266): Illuminate\\Routing\\ControllerDispatcher->dispatch(Object(Illuminate\\Routing\\Route), Object(App\\Http\\Controllers\\BookController), 'index')
#12 C:\\xampp\\htdocs\\vizsga_backend\\vendor\\laravel\\framework\\src\\Illuminate\\Routing\\Route.php(212): Illuminate\\Routing\\Route->runController()
#13 C:\\xampp\\htdocs\\vizsga_backend\\vendor\\laravel\\framework\\src\\Illuminate\\Routing\\Router.php(809): Illuminate\\Routing\\Route->run()
#14 C:\\xampp\\htdocs\\vizsga_backend\\vendor\\laravel\\framework\\src\\Illuminate\\Pipeline\\Pipeline.php(170): Illuminate\\Routing\\Router->Illuminate\\Routing\\{closure}(Object(Illuminate\\Http\\Request))
#15 C:\\xampp\\htdocs\\vizsga_backend\\vendor\\laravel\\framework\\src\\Illuminate\\Routing\\Middleware\\SubstituteBindings.php(51): Illuminate\\Pipeline\\Pipeline->Illuminate\\Pipeline\\{closure}(Object(Illuminate\\Http\\Request))
#16 C:\\xampp\\htdocs\\vizsga_backend\\vendor\\laravel\\framework\\src\\Illuminate\\Pipeline\\Pipeline.php(209): Illuminate\\Routing\\Middleware\\SubstituteBindings->handle(Object(Illuminate\\Http\\Request), Object(Closure))
#17 C:\\xampp\\htdocs\\vizsga_backend\\vendor\\laravel\\framework\\src\\Illuminate\\Foundation\\Http\\Middleware\\VerifyCsrfToken.php(88): Illuminate\\Pipeline\\Pipeline->Illuminate\\Pipeline\\{closure}(Object(Illuminate\\Http\\Request))
#18 C:\\xampp\\htdocs\\vizsga_backend\\vendor\\laravel\\framework\\src\\Illuminate\\Pipeline\\Pipeline.php(209): Illuminate\\Foundation\\Http\\Middleware\\VerifyCsrfToken->handle(Object(Illuminate\\Http\\Request), Object(Closure))
#19 C:\\xampp\\htdocs\\vizsga_backend\\vendor\\laravel\\framework\\src\\Illuminate\\View\\Middleware\\ShareErrorsFromSession.php(49): Illuminate\\Pipeline\\Pipeline->Illuminate\\Pipeline\\{closure}(Object(Illuminate\\Http\\Request))
#20 C:\\xampp\\htdocs\\vizsga_backend\\vendor\\laravel\\framework\\src\\Illuminate\\Pipeline\\Pipeline.php(209): Illuminate\\View\\Middleware\\ShareErrorsFromSession->handle(Object(Illuminate\\Http\\Request), Object(Closure))
#21 C:\\xampp\\htdocs\\vizsga_backend\\vendor\\laravel\\framework\\src\\Illuminate\\Session\\Middleware\\StartSession.php(121): Illuminate\\Pipeline\\Pipeline->Illuminate\\Pipeline\\{closure}(Object(Illuminate\\Http\\Request))
#22 C:\\xampp\\htdocs\\vizsga_backend\\vendor\\laravel\\framework\\src\\Illuminate\\Session\\Middleware\\StartSession.php(64): Illuminate\\Session\\Middleware\\StartSession->handleStatefulRequest(Object(Illuminate\\Http\\Request), Object(Illuminate\\Session\\Store), Object(Closure))
#23 C:\\xampp\\htdocs\\vizsga_backend\\vendor\\laravel\\framework\\src\\Illuminate\\Pipeline\\Pipeline.php(209): Illuminate\\Session\\Middleware\\StartSession->handle(Object(Illuminate\\Http\\Request), Object(Closure))
#24 C:\\xampp\\htdocs\\vizsga_backend\\vendor\\laravel\\framework\\src\\Illuminate\\Cookie\\Middleware\\AddQueuedCookiesToResponse.php(37): Illuminate\\Pipeline\\Pipeline->Illuminate\\Pipeline\\{closure}(Object(Illuminate\\Http\\Request))
#25 C:\\xampp\\htdocs\\vizsga_backend\\vendor\\laravel\\framework\\src\\Illuminate\\Pipeline\\Pipeline.php(209): Illuminate\\Cookie\\Middleware\\AddQueuedCookiesToResponse->handle(Object(Illuminate\\Http\\Request), Object(Closure))
#26 C:\\xampp\\htdocs\\vizsga_backend\\vendor\\laravel\\framework\\src\\Illuminate\\Cookie\\Middleware\\EncryptCookies.php(75): Illuminate\\Pipeline\\Pipeline->Illuminate\\Pipeline\\{closure}(Object(Illuminate\\Http\\Request))
#27 C:\\xampp\\htdocs\\vizsga_backend\\vendor\\laravel\\framework\\src\\Illuminate\\Pipeline\\Pipeline.php(209): Illuminate\\Cookie\\Middleware\\EncryptCookies->handle(Object(Illuminate\\Http\\Request), Object(Closure))
#28 C:\\xampp\\htdocs\\vizsga_backend\\vendor\\laravel\\framework\\src\\Illuminate\\Pipeline\\Pipeline.php(127): Illuminate\\Pipeline\\Pipeline->Illuminate\\Pipeline\\{closure}(Object(Illuminate\\Http\\Request))
#29 C:\\xampp\\htdocs\\vizsga_backend\\vendor\\laravel\\framework\\src\\Illuminate\\Routing\\Router.php(808): Illuminate\\Pipeline\\Pipeline->then(Object(Closure))
#30 C:\\xampp\\htdocs\\vizsga_backend\\vendor\\laravel\\framework\\src\\Illuminate\\Routing\\Router.php(787): Illuminate\\Routing\\Router->runRouteWithinStack(Object(Illuminate\\Routing\\Route), Object(Illuminate\\Http\\Request))
#31 C:\\xampp\\htdocs\\vizsga_backend\\vendor\\laravel\\framework\\src\\Illuminate\\Routing\\Router.php(751): Illuminate\\Routing\\Router->runRoute(Object(Illuminate\\Http\\Request), Object(Illuminate\\Routing\\Route))
#32 C:\\xampp\\htdocs\\vizsga_backend\\vendor\\laravel\\framework\\src\\Illuminate\\Routing\\Router.php(740): Illuminate\\Routing\\Router->dispatchToRoute(Object(Illuminate\\Http\\Request))
#33 C:\\xampp\\htdocs\\vizsga_backend\\vendor\\laravel\\framework\\src\\Illuminate\\Foundation\\Http\\Kernel.php(201): Illuminate\\Routing\\Router->dispatch(Object(Illuminate\\Http\\Request))
#34 C:\\xampp\\htdocs\\vizsga_backend\\vendor\\laravel\\framework\\src\\Illuminate\\Pipeline\\Pipeline.php(170): Illuminate\\Foundation\\Http\\Kernel->Illuminate\\Foundation\\Http\\{closure}(Object(Illuminate\\Http\\Request))
#35 C:\\xampp\\htdocs\\vizsga_backend\\vendor\\laravel\\framework\\src\\Illuminate\\Foundation\\Http\\Middleware\\TransformsRequest.php(21): Illuminate\\Pipeline\\Pipeline->Illuminate\\Pipeline\\{closure}(Object(Illuminate\\Http\\Request))
#36 C:\\xampp\\htdocs\\vizsga_backend\\vendor\\laravel\\framework\\src\\Illuminate\\Foundation\\Http\\Middleware\\ConvertEmptyStringsToNull.php(31): Illuminate\\Foundation\\Http\\Middleware\\TransformsRequest->handle(Object(Illuminate\\Http\\Request), Object(Closure))
#37 C:\\xampp\\htdocs\\vizsga_backend\\vendor\\laravel\\framework\\src\\Illuminate\\Pipeline\\Pipeline.php(209): Illuminate\\Foundation\\Http\\Middleware\\ConvertEmptyStringsToNull->handle(Object(Illuminate\\Http\\Request), Object(Closure))
#38 C:\\xampp\\htdocs\\vizsga_backend\\vendor\\laravel\\framework\\src\\Illuminate\\Foundation\\Http\\Middleware\\TransformsRequest.php(21): Illuminate\\Pipeline\\Pipeline->Illuminate\\Pipeline\\{closure}(Object(Illuminate\\Http\\Request))
#39 C:\\xampp\\htdocs\\vizsga_backend\\vendor\\laravel\\framework\\src\\Illuminate\\Foundation\\Http\\Middleware\\TrimStrings.php(51): Illuminate\\Foundation\\Http\\Middleware\\TransformsRequest->handle(Object(Illuminate\\Http\\Request), Object(Closure))
#40 C:\\xampp\\htdocs\\vizsga_backend\\vendor\\laravel\\framework\\src\\Illuminate\\Pipeline\\Pipeline.php(209): Illuminate\\Foundation\\Http\\Middleware\\TrimStrings->handle(Object(Illuminate\\Http\\Request), Object(Closure))
#41 C:\\xampp\\htdocs\\vizsga_backend\\vendor\\laravel\\framework\\src\\Illuminate\\Http\\Middleware\\ValidatePostSize.php(27): Illuminate\\Pipeline\\Pipeline->Illuminate\\Pipeline\\{closure}(Object(Illuminate\\Http\\Request))
#42 C:\\xampp\\htdocs\\vizsga_backend\\vendor\\laravel\\framework\\src\\Illuminate\\Pipeline\\Pipeline.php(209): Illuminate\\Http\\Middleware\\ValidatePostSize->handle(Object(Illuminate\\Http\\Request), Object(Closure))
#43 C:\\xampp\\htdocs\\vizsga_backend\\vendor\\laravel\\framework\\src\\Illuminate\\Foundation\\Http\\Middleware\\PreventRequestsDuringMaintenance.php(110): Illuminate\\Pipeline\\Pipeline->Illuminate\\Pipeline\\{closure}(Object(Illuminate\\Http\\Request))
#44 C:\\xampp\\htdocs\\vizsga_backend\\vendor\\laravel\\framework\\src\\Illuminate\\Pipeline\\Pipeline.php(209): Illuminate\\Foundation\\Http\\Middleware\\PreventRequestsDuringMaintenance->handle(Object(Illuminate\\Http\\Request), Object(Closure))
#45 C:\\xampp\\htdocs\\vizsga_backend\\vendor\\laravel\\framework\\src\\Illuminate\\Http\\Middleware\\HandleCors.php(62): Illuminate\\Pipeline\\Pipeline->Illuminate\\Pipeline\\{closure}(Object(Illuminate\\Http\\Request))
#46 C:\\xampp\\htdocs\\vizsga_backend\\vendor\\laravel\\framework\\src\\Illuminate\\Pipeline\\Pipeline.php(209): Illuminate\\Http\\Middleware\\HandleCors->handle(Object(Illuminate\\Http\\Request), Object(Closure))
#47 C:\\xampp\\htdocs\\vizsga_backend\\vendor\\laravel\\framework\\src\\Illuminate\\Http\\Middleware\\TrustProxies.php(58): Illuminate\\Pipeline\\Pipeline->Illuminate\\Pipeline\\{closure}(Object(Illuminate\\Http\\Request))
#48 C:\\xampp\\htdocs\\vizsga_backend\\vendor\\laravel\\framework\\src\\Illuminate\\Pipeline\\Pipeline.php(209): Illuminate\\Http\\Middleware\\TrustProxies->handle(Object(Illuminate\\Http\\Request), Object(Closure))
#49 C:\\xampp\\htdocs\\vizsga_backend\\vendor\\laravel\\framework\\src\\Illuminate\\Foundation\\Http\\Middleware\\InvokeDeferredCallbacks.php(22): Illuminate\\Pipeline\\Pipeline->Illuminate\\Pipeline\\{closure}(Object(Illuminate\\Http\\Request))
#50 C:\\xampp\\htdocs\\vizsga_backend\\vendor\\laravel\\framework\\src\\Illuminate\\Pipeline\\Pipeline.php(209): Illuminate\\Foundation\\Http\\Middleware\\InvokeDeferredCallbacks->handle(Object(Illuminate\\Http\\Request), Object(Closure))
#51 C:\\xampp\\htdocs\\vizsga_backend\\vendor\\laravel\\framework\\src\\Illuminate\\Http\\Middleware\\ValidatePathEncoding.php(26): Illuminate\\Pipeline\\Pipeline->Illuminate\\Pipeline\\{closure}(Object(Illuminate\\Http\\Request))
#52 C:\\xampp\\htdocs\\vizsga_backend\\vendor\\laravel\\framework\\src\\Illuminate\\Pipeline\\Pipeline.php(209): Illuminate\\Http\\Middleware\\ValidatePathEncoding->handle(Object(Illuminate\\Http\\Request), Object(Closure))
#53 C:\\xampp\\htdocs\\vizsga_backend\\vendor\\laravel\\framework\\src\\Illuminate\\Pipeline\\Pipeline.php(127): Illuminate\\Pipeline\\Pipeline->Illuminate\\Pipeline\\{closure}(Object(Illuminate\\Http\\Request))
#54 C:\\xampp\\htdocs\\vizsga_backend\\vendor\\laravel\\framework\\src\\Illuminate\\Foundation\\Http\\Kernel.php(176): Illuminate\\Pipeline\\Pipeline->then(Object(Closure))
#55 C:\\xampp\\htdocs\\vizsga_backend\\vendor\\laravel\\framework\\src\\Illuminate\\Foundation\\Http\\Kernel.php(145): Illuminate\\Foundation\\Http\\Kernel->sendRequestThroughRouter(Object(Illuminate\\Http\\Request))
#56 C:\\xampp\\htdocs\\vizsga_backend\\vendor\\laravel\\framework\\src\\Illuminate\\Foundation\\Application.php(1220): Illuminate\\Foundation\\Http\\Kernel->handle(Object(Illuminate\\Http\\Request))
#57 C:\\xampp\\htdocs\\vizsga_backend\\public\\index.php(20): Illuminate\\Foundation\\Application->handleRequest(Object(Illuminate\\Http\\Request))
#58 C:\\xampp\\htdocs\\vizsga_backend\\vendor\\laravel\\framework\\src\\Illuminate\\Foundation\\resources\\server.php(23): require_once('C:\\\\xampp\\\\htdocs...')
#59 {main}

[previous exception] [object] (PDOException(code: 2002): SQLSTATE[HY000] [2002] Nem hozható létre kapcsolat, mert a célszámítógép már visszautasította a kapcsolatot at C:\\xampp\\htdocs\\vizsga_backend\\vendor\\laravel\\framework\\src\\Illuminate\\Database\\Connectors\\Connector.php:66)
[stacktrace]
#0 C:\\xampp\\htdocs\\vizsga_backend\\vendor\\laravel\\framework\\src\\Illuminate\\Database\\Connectors\\Connector.php(66): PDO->__construct('mysql:host=127....', 'root', Object(SensitiveParameterValue), Array)
#1 C:\\xampp\\htdocs\\vizsga_backend\\vendor\\laravel\\framework\\src\\Illuminate\\Database\\Connectors\\Connector.php(44): Illuminate\\Database\\Connectors\\Connector->createPdoConnection('mysql:host=127....', 'root', Object(SensitiveParameterValue), Array)
#2 C:\\xampp\\htdocs\\vizsga_backend\\vendor\\laravel\\framework\\src\\Illuminate\\Database\\Connectors\\MySqlConnector.php(24): Illuminate\\Database\\Connectors\\Connector->createConnection('mysql:host=127....', Array, Array)
#3 C:\\xampp\\htdocs\\vizsga_backend\\vendor\\laravel\\framework\\src\\Illuminate\\Database\\Connectors\\ConnectionFactory.php(185): Illuminate\\Database\\Connectors\\MySqlConnector->connect(Array)
#4 [internal function]: Illuminate\\Database\\Connectors\\ConnectionFactory->Illuminate\\Database\\Connectors\\{closure}()
#5 C:\\xampp\\htdocs\\vizsga_backend\\vendor\\laravel\\framework\\src\\Illuminate\\Database\\Connection.php(1229): call_user_func(Object(Closure))
#6 C:\\xampp\\htdocs\\vizsga_backend\\vendor\\laravel\\framework\\src\\Illuminate\\Database\\Connection.php(1265): Illuminate\\Database\\Connection->getPdo()
#7 C:\\xampp\\htdocs\\vizsga_backend\\vendor\\laravel\\framework\\src\\Illuminate\\Database\\Connection.php(510): Illuminate\\Database\\Connection->getReadPdo()
#8 C:\\xampp\\htdocs\\vizsga_backend\\vendor\\laravel\\framework\\src\\Illuminate\\Database\\Connection.php(405): Illuminate\\Database\\Connection->getPdoForSelect(true)
#9 C:\\xampp\\htdocs\\vizsga_backend\\vendor\\laravel\\framework\\src\\Illuminate\\Database\\Connection.php(810): Illuminate\\Database\\Connection->Illuminate\\Database\\{closure}('select * from `...', Array)
#10 C:\\xampp\\htdocs\\vizsga_backend\\vendor\\laravel\\framework\\src\\Illuminate\\Database\\Connection.php(777): Illuminate\\Database\\Connection->runQueryCallback('select * from `...', Array, Object(Closure))
#11 C:\\xampp\\htdocs\\vizsga_backend\\vendor\\laravel\\framework\\src\\Illuminate\\Database\\Connection.php(396): Illuminate\\Database\\Connection->run('select * from `...', Array, Object(Closure))
#12 C:\\xampp\\htdocs\\vizsga_backend\\vendor\\laravel\\framework\\src\\Illuminate\\Database\\Query\\Builder.php(3105): Illuminate\\Database\\Connection->select('select * from `...', Array, true)
#13 C:\\xampp\\htdocs\\vizsga_backend\\vendor\\laravel\\framework\\src\\Illuminate\\Database\\Query\\Builder.php(3090): Illuminate\\Database\\Query\\Builder->runSelect()
#14 C:\\xampp\\htdocs\\vizsga_backend\\vendor\\laravel\\framework\\src\\Illuminate\\Database\\Query\\Builder.php(3677): Illuminate\\Database\\Query\\Builder->Illuminate\\Database\\Query\\{closure}()
#15 C:\\xampp\\htdocs\\vizsga_backend\\vendor\\laravel\\framework\\src\\Illuminate\\Database\\Query\\Builder.php(3089): Illuminate\\Database\\Query\\Builder->onceWithColumns(Array, Object(Closure))
#16 C:\\xampp\\htdocs\\vizsga_backend\\vendor\\laravel\\framework\\src\\Illuminate\\Database\\Eloquent\\Builder.php(811): Illuminate\\Database\\Query\\Builder->get(Array)
#17 C:\\xampp\\htdocs\\vizsga_backend\\vendor\\laravel\\framework\\src\\Illuminate\\Database\\Eloquent\\Builder.php(793): Illuminate\\Database\\Eloquent\\Builder->getModels(Array)
#18 C:\\xampp\\htdocs\\vizsga_backend\\vendor\\laravel\\framework\\src\\Illuminate\\Database\\Eloquent\\Model.php(694): Illuminate\\Database\\Eloquent\\Builder->get(Array)
#19 C:\\xampp\\htdocs\\vizsga_backend\\app\\Http\\Controllers\\BookController.php(12): Illuminate\\Database\\Eloquent\\Model::all()
#20 C:\\xampp\\htdocs\\vizsga_backend\\vendor\\laravel\\framework\\src\\Illuminate\\Routing\\ControllerDispatcher.php(47): App\\Http\\Controllers\\BookController->index()
#21 C:\\xampp\\htdocs\\vizsga_backend\\vendor\\laravel\\framework\\src\\Illuminate\\Routing\\Route.php(266): Illuminate\\Routing\\ControllerDispatcher->dispatch(Object(Illuminate\\Routing\\Route), Object(App\\Http\\Controllers\\BookController), 'index')
#22 C:\\xampp\\htdocs\\vizsga_backend\\vendor\\laravel\\framework\\src\\Illuminate\\Routing\\Route.php(212): Illuminate\\Routing\\Route->runController()
#23 C:\\xampp\\htdocs\\vizsga_backend\\vendor\\laravel\\framework\\src\\Illuminate\\Routing\\Router.php(809): Illuminate\\Routing\\Route->run()
#24 C:\\xampp\\htdocs\\vizsga_backend\\vendor\\laravel\\framework\\src\\Illuminate\\Pipeline\\Pipeline.php(170): Illuminate\\Routing\\Router->Illuminate\\Routing\\{closure}(Object(Illuminate\\Http\\Request))
#25 C:\\xampp\\htdocs\\vizsga_backend\\vendor\\laravel\\framework\\src\\Illuminate\\Routing\\Middleware\\SubstituteBindings.php(51): Illuminate\\Pipeline\\Pipeline->Illuminate\\Pipeline\\{closure}(Object(Illuminate\\Http\\Request))
#26 C:\\xampp\\htdocs\\vizsga_backend\\vendor\\laravel\\framework\\src\\Illuminate\\Pipeline\\Pipeline.php(209): Illuminate\\Routing\\Middleware\\SubstituteBindings->handle(Object(Illuminate\\Http\\Request), Object(Closure))
#27 C:\\xampp\\htdocs\\vizsga_backend\\vendor\\laravel\\framework\\src\\Illuminate\\Foundation\\Http\\Middleware\\VerifyCsrfToken.php(88): Illuminate\\Pipeline\\Pipeline->Illuminate\\Pipeline\\{closure}(Object(Illuminate\\Http\\Request))
#28 C:\\xampp\\htdocs\\vizsga_backend\\vendor\\laravel\\framework\\src\\Illuminate\\Pipeline\\Pipeline.php(209): Illuminate\\Foundation\\Http\\Middleware\\VerifyCsrfToken->handle(Object(Illuminate\\Http\\Request), Object(Closure))
#29 C:\\xampp\\htdocs\\vizsga_backend\\vendor\\laravel\\framework\\src\\Illuminate\\View\\Middleware\\ShareErrorsFromSession.php(49): Illuminate\\Pipeline\\Pipeline->Illuminate\\Pipeline\\{closure}(Object(Illuminate\\Http\\Request))
#30 C:\\xampp\\htdocs\\vizsga_backend\\vendor\\laravel\\framework\\src\\Illuminate\\Pipeline\\Pipeline.php(209): Illuminate\\View\\Middleware\\ShareErrorsFromSession->handle(Object(Illuminate\\Http\\Request), Object(Closure))
#31 C:\\xampp\\htdocs\\vizsga_backend\\vendor\\laravel\\framework\\src\\Illuminate\\Session\\Middleware\\StartSession.php(121): Illuminate\\Pipeline\\Pipeline->Illuminate\\Pipeline\\{closure}(Object(Illuminate\\Http\\Request))
#32 C:\\xampp\\htdocs\\vizsga_backend\\vendor\\laravel\\framework\\src\\Illuminate\\Session\\Middleware\\StartSession.php(64): Illuminate\\Session\\Middleware\\StartSession->handleStatefulRequest(Object(Illuminate\\Http\\Request), Object(Illuminate\\Session\\Store), Object(Closure))
#33 C:\\xampp\\htdocs\\vizsga_backend\\vendor\\laravel\\framework\\src\\Illuminate\\Pipeline\\Pipeline.php(209): Illuminate\\Session\\Middleware\\StartSession->handle(Object(Illuminate\\Http\\Request), Object(Closure))
#34 C:\\xampp\\htdocs\\vizsga_backend\\vendor\\laravel\\framework\\src\\Illuminate\\Cookie\\Middleware\\AddQueuedCookiesToResponse.php(37): Illuminate\\Pipeline\\Pipeline->Illuminate\\Pipeline\\{closure}(Object(Illuminate\\Http\\Request))
#35 C:\\xampp\\htdocs\\vizsga_backend\\vendor\\laravel\\framework\\src\\Illuminate\\Pipeline\\Pipeline.php(209): Illuminate\\Cookie\\Middleware\\AddQueuedCookiesToResponse->handle(Object(Illuminate\\Http\\Request), Object(Closure))
#36 C:\\xampp\\htdocs\\vizsga_backend\\vendor\\laravel\\framework\\src\\Illuminate\\Cookie\\Middleware\\EncryptCookies.php(75): Illuminate\\Pipeline\\Pipeline->Illuminate\\Pipeline\\{closure}(Object(Illuminate\\Http\\Request))
#37 C:\\xampp\\htdocs\\vizsga_backend\\vendor\\laravel\\framework\\src\\Illuminate\\Pipeline\\Pipeline.php(209): Illuminate\\Cookie\\Middleware\\EncryptCookies->handle(Object(Illuminate\\Http\\Request), Object(Closure))
#38 C:\\xampp\\htdocs\\vizsga_backend\\vendor\\laravel\\framework\\src\\Illuminate\\Pipeline\\Pipeline.php(127): Illuminate\\Pipeline\\Pipeline->Illuminate\\Pipeline\\{closure}(Object(Illuminate\\Http\\Request))
#39 C:\\xampp\\htdocs\\vizsga_backend\\vendor\\laravel\\framework\\src\\Illuminate\\Routing\\Router.php(808): Illuminate\\Pipeline\\Pipeline->then(Object(Closure))
#40 C:\\xampp\\htdocs\\vizsga_backend\\vendor\\laravel\\framework\\src\\Illuminate\\Routing\\Router.php(787): Illuminate\\Routing\\Router->runRouteWithinStack(Object(Illuminate\\Routing\\Route), Object(Illuminate\\Http\\Request))
#41 C:\\xampp\\htdocs\\vizsga_backend\\vendor\\laravel\\framework\\src\\Illuminate\\Routing\\Router.php(751): Illuminate\\Routing\\Router->runRoute(Object(Illuminate\\Http\\Request), Object(Illuminate\\Routing\\Route))
#42 C:\\xampp\\htdocs\\vizsga_backend\\vendor\\laravel\\framework\\src\\Illuminate\\Routing\\Router.php(740): Illuminate\\Routing\\Router->dispatchToRoute(Object(Illuminate\\Http\\Request))
#43 C:\\xampp\\htdocs\\vizsga_backend\\vendor\\laravel\\framework\\src\\Illuminate\\Foundation\\Http\\Kernel.php(201): Illuminate\\Routing\\Router->dispatch(Object(Illuminate\\Http\\Request))
#44 C:\\xampp\\htdocs\\vizsga_backend\\vendor\\laravel\\framework\\src\\Illuminate\\Pipeline\\Pipeline.php(170): Illuminate\\Foundation\\Http\\Kernel->Illuminate\\Foundation\\Http\\{closure}(Object(Illuminate\\Http\\Request))
#45 C:\\xampp\\htdocs\\vizsga_backend\\vendor\\laravel\\framework\\src\\Illuminate\\Foundation\\Http\\Middleware\\TransformsRequest.php(21): Illuminate\\Pipeline\\Pipeline->Illuminate\\Pipeline\\{closure}(Object(Illuminate\\Http\\Request))
#46 C:\\xampp\\htdocs\\vizsga_backend\\vendor\\laravel\\framework\\src\\Illuminate\\Foundation\\Http\\Middleware\\ConvertEmptyStringsToNull.php(31): Illuminate\\Foundation\\Http\\Middleware\\TransformsRequest->handle(Object(Illuminate\\Http\\Request), Object(Closure))
#47 C:\\xampp\\htdocs\\vizsga_backend\\vendor\\laravel\\framework\\src\\Illuminate\\Pipeline\\Pipeline.php(209): Illuminate\\Foundation\\Http\\Middleware\\ConvertEmptyStringsToNull->handle(Object(Illuminate\\Http\\Request), Object(Closure))
#48 C:\\xampp\\htdocs\\vizsga_backend\\vendor\\laravel\\framework\\src\\Illuminate\\Foundation\\Http\\Middleware\\TransformsRequest.php(21): Illuminate\\Pipeline\\Pipeline->Illuminate\\Pipeline\\{closure}(Object(Illuminate\\Http\\Request))
#49 C:\\xampp\\htdocs\\vizsga_backend\\vendor\\laravel\\framework\\src\\Illuminate\\Foundation\\Http\\Middleware\\TrimStrings.php(51): Illuminate\\Foundation\\Http\\Middleware\\TransformsRequest->handle(Object(Illuminate\\Http\\Request), Object(Closure))
#50 C:\\xampp\\htdocs\\vizsga_backend\\vendor\\laravel\\framework\\src\\Illuminate\\Pipeline\\Pipeline.php(209): Illuminate\\Foundation\\Http\\Middleware\\TrimStrings->handle(Object(Illuminate\\Http\\Request), Object(Closure))
#51 C:\\xampp\\htdocs\\vizsga_backend\\vendor\\laravel\\framework\\src\\Illuminate\\Http\\Middleware\\ValidatePostSize.php(27): Illuminate\\Pipeline\\Pipeline->Illuminate\\Pipeline\\{closure}(Object(Illuminate\\Http\\Request))
#52 C:\\xampp\\htdocs\\vizsga_backend\\vendor\\laravel\\framework\\src\\Illuminate\\Pipeline\\Pipeline.php(209): Illuminate\\Http\\Middleware\\ValidatePostSize->handle(Object(Illuminate\\Http\\Request), Object(Closure))
#53 C:\\xampp\\htdocs\\vizsga_backend\\vendor\\laravel\\framework\\src\\Illuminate\\Foundation\\Http\\Middleware\\PreventRequestsDuringMaintenance.php(110): Illuminate\\Pipeline\\Pipeline->Illuminate\\Pipeline\\{closure}(Object(Illuminate\\Http\\Request))
#54 C:\\xampp\\htdocs\\vizsga_backend\\vendor\\laravel\\framework\\src\\Illuminate\\Pipeline\\Pipeline.php(209): Illuminate\\Foundation\\Http\\Middleware\\PreventRequestsDuringMaintenance->handle(Object(Illuminate\\Http\\Request), Object(Closure))
#55 C:\\xampp\\htdocs\\vizsga_backend\\vendor\\laravel\\framework\\src\\Illuminate\\Http\\Middleware\\HandleCors.php(62): Illuminate\\Pipeline\\Pipeline->Illuminate\\Pipeline\\{closure}(Object(Illuminate\\Http\\Request))
#56 C:\\xampp\\htdocs\\vizsga_backend\\vendor\\laravel\\framework\\src\\Illuminate\\Pipeline\\Pipeline.php(209): Illuminate\\Http\\Middleware\\HandleCors->handle(Object(Illuminate\\Http\\Request), Object(Closure))
#57 C:\\xampp\\htdocs\\vizsga_backend\\vendor\\laravel\\framework\\src\\Illuminate\\Http\\Middleware\\TrustProxies.php(58): Illuminate\\Pipeline\\Pipeline->Illuminate\\Pipeline\\{closure}(Object(Illuminate\\Http\\Request))
#58 C:\\xampp\\htdocs\\vizsga_backend\\vendor\\laravel\\framework\\src\\Illuminate\\Pipeline\\Pipeline.php(209): Illuminate\\Http\\Middleware\\TrustProxies->handle(Object(Illuminate\\Http\\Request), Object(Closure))
#59 C:\\xampp\\htdocs\\vizsga_backend\\vendor\\laravel\\framework\\src\\Illuminate\\Foundation\\Http\\Middleware\\InvokeDeferredCallbacks.php(22): Illuminate\\Pipeline\\Pipeline->Illuminate\\Pipeline\\{closure}(Object(Illuminate\\Http\\Request))
#60 C:\\xampp\\htdocs\\vizsga_backend\\vendor\\laravel\\framework\\src\\Illuminate\\Pipeline\\Pipeline.php(209): Illuminate\\Foundation\\Http\\Middleware\\InvokeDeferredCallbacks->handle(Object(Illuminate\\Http\\Request), Object(Closure))
#61 C:\\xampp\\htdocs\\vizsga_backend\\vendor\\laravel\\framework\\src\\Illuminate\\Http\\Middleware\\ValidatePathEncoding.php(26): Illuminate\\Pipeline\\Pipeline->Illuminate\\Pipeline\\{closure}(Object(Illuminate\\Http\\Request))
#62 C:\\xampp\\htdocs\\vizsga_backend\\vendor\\laravel\\framework\\src\\Illuminate\\Pipeline\\Pipeline.php(209): Illuminate\\Http\\Middleware\\ValidatePathEncoding->handle(Object(Illuminate\\Http\\Request), Object(Closure))
#63 C:\\xampp\\htdocs\\vizsga_backend\\vendor\\laravel\\framework\\src\\Illuminate\\Pipeline\\Pipeline.php(127): Illuminate\\Pipeline\\Pipeline->Illuminate\\Pipeline\\{closure}(Object(Illuminate\\Http\\Request))
#64 C:\\xampp\\htdocs\\vizsga_backend\\vendor\\laravel\\framework\\src\\Illuminate\\Foundation\\Http\\Kernel.php(176): Illuminate\\Pipeline\\Pipeline->then(Object(Closure))
#65 C:\\xampp\\htdocs\\vizsga_backend\\vendor\\laravel\\framework\\src\\Illuminate\\Foundation\\Http\\Kernel.php(145): Illuminate\\Foundation\\Http\\Kernel->sendRequestThroughRouter(Object(Illuminate\\Http\\Request))
#66 C:\\xampp\\htdocs\\vizsga_backend\\vendor\\laravel\\framework\\src\\Illuminate\\Foundation\\Application.php(1220): Illuminate\\Foundation\\Http\\Kernel->handle(Object(Illuminate\\Http\\Request))
#67 C:\\xampp\\htdocs\\vizsga_backend\\public\\index.php(20): Illuminate\\Foundation\\Application->handleRequest(Object(Illuminate\\Http\\Request))
#68 C:\\xampp\\htdocs\\vizsga_backend\\vendor\\laravel\\framework\\src\\Illuminate\\Foundation\\resources\\server.php(23): require_once('C:\\\\xampp\\\\htdocs...')
#69 {main}
"} 
[2025-03-26 18:32:49] local.ERROR: SQLSTATE[HY000] [2002] Nem hozható létre kapcsolat, mert a célszámítógép már visszautasította a kapcsolatot (Connection: mysql, SQL: select * from `books`) {"exception":"[object] (Illuminate\\Database\\QueryException(code: 2002): SQLSTATE[HY000] [2002] Nem hozható létre kapcsolat, mert a célszámítógép már visszautasította a kapcsolatot (Connection: mysql, SQL: select * from `books`) at C:\\xampp\\htdocs\\vizsga_backend\\vendor\\laravel\\framework\\src\\Illuminate\\Database\\Connection.php:823)
[stacktrace]
#0 C:\\xampp\\htdocs\\vizsga_backend\\vendor\\laravel\\framework\\src\\Illuminate\\Database\\Connection.php(777): Illuminate\\Database\\Connection->runQueryCallback('select * from `...', Array, Object(Closure))
#1 C:\\xampp\\htdocs\\vizsga_backend\\vendor\\laravel\\framework\\src\\Illuminate\\Database\\Connection.php(396): Illuminate\\Database\\Connection->run('select * from `...', Array, Object(Closure))
#2 C:\\xampp\\htdocs\\vizsga_backend\\vendor\\laravel\\framework\\src\\Illuminate\\Database\\Query\\Builder.php(3105): Illuminate\\Database\\Connection->select('select * from `...', Array, true)
#3 C:\\xampp\\htdocs\\vizsga_backend\\vendor\\laravel\\framework\\src\\Illuminate\\Database\\Query\\Builder.php(3090): Illuminate\\Database\\Query\\Builder->runSelect()
#4 C:\\xampp\\htdocs\\vizsga_backend\\vendor\\laravel\\framework\\src\\Illuminate\\Database\\Query\\Builder.php(3677): Illuminate\\Database\\Query\\Builder->Illuminate\\Database\\Query\\{closure}()
#5 C:\\xampp\\htdocs\\vizsga_backend\\vendor\\laravel\\framework\\src\\Illuminate\\Database\\Query\\Builder.php(3089): Illuminate\\Database\\Query\\Builder->onceWithColumns(Array, Object(Closure))
#6 C:\\xampp\\htdocs\\vizsga_backend\\vendor\\laravel\\framework\\src\\Illuminate\\Database\\Eloquent\\Builder.php(811): Illuminate\\Database\\Query\\Builder->get(Array)
#7 C:\\xampp\\htdocs\\vizsga_backend\\vendor\\laravel\\framework\\src\\Illuminate\\Database\\Eloquent\\Builder.php(793): Illuminate\\Database\\Eloquent\\Builder->getModels(Array)
#8 C:\\xampp\\htdocs\\vizsga_backend\\vendor\\laravel\\framework\\src\\Illuminate\\Database\\Eloquent\\Model.php(694): Illuminate\\Database\\Eloquent\\Builder->get(Array)
#9 C:\\xampp\\htdocs\\vizsga_backend\\app\\Http\\Controllers\\BookController.php(12): Illuminate\\Database\\Eloquent\\Model::all()
#10 C:\\xampp\\htdocs\\vizsga_backend\\vendor\\laravel\\framework\\src\\Illuminate\\Routing\\ControllerDispatcher.php(47): App\\Http\\Controllers\\BookController->index()
#11 C:\\xampp\\htdocs\\vizsga_backend\\vendor\\laravel\\framework\\src\\Illuminate\\Routing\\Route.php(266): Illuminate\\Routing\\ControllerDispatcher->dispatch(Object(Illuminate\\Routing\\Route), Object(App\\Http\\Controllers\\BookController), 'index')
#12 C:\\xampp\\htdocs\\vizsga_backend\\vendor\\laravel\\framework\\src\\Illuminate\\Routing\\Route.php(212): Illuminate\\Routing\\Route->runController()
#13 C:\\xampp\\htdocs\\vizsga_backend\\vendor\\laravel\\framework\\src\\Illuminate\\Routing\\Router.php(809): Illuminate\\Routing\\Route->run()
#14 C:\\xampp\\htdocs\\vizsga_backend\\vendor\\laravel\\framework\\src\\Illuminate\\Pipeline\\Pipeline.php(170): Illuminate\\Routing\\Router->Illuminate\\Routing\\{closure}(Object(Illuminate\\Http\\Request))
#15 C:\\xampp\\htdocs\\vizsga_backend\\vendor\\laravel\\framework\\src\\Illuminate\\Routing\\Middleware\\SubstituteBindings.php(51): Illuminate\\Pipeline\\Pipeline->Illuminate\\Pipeline\\{closure}(Object(Illuminate\\Http\\Request))
#16 C:\\xampp\\htdocs\\vizsga_backend\\vendor\\laravel\\framework\\src\\Illuminate\\Pipeline\\Pipeline.php(209): Illuminate\\Routing\\Middleware\\SubstituteBindings->handle(Object(Illuminate\\Http\\Request), Object(Closure))
#17 C:\\xampp\\htdocs\\vizsga_backend\\vendor\\laravel\\framework\\src\\Illuminate\\Foundation\\Http\\Middleware\\VerifyCsrfToken.php(88): Illuminate\\Pipeline\\Pipeline->Illuminate\\Pipeline\\{closure}(Object(Illuminate\\Http\\Request))
#18 C:\\xampp\\htdocs\\vizsga_backend\\vendor\\laravel\\framework\\src\\Illuminate\\Pipeline\\Pipeline.php(209): Illuminate\\Foundation\\Http\\Middleware\\VerifyCsrfToken->handle(Object(Illuminate\\Http\\Request), Object(Closure))
#19 C:\\xampp\\htdocs\\vizsga_backend\\vendor\\laravel\\framework\\src\\Illuminate\\View\\Middleware\\ShareErrorsFromSession.php(49): Illuminate\\Pipeline\\Pipeline->Illuminate\\Pipeline\\{closure}(Object(Illuminate\\Http\\Request))
#20 C:\\xampp\\htdocs\\vizsga_backend\\vendor\\laravel\\framework\\src\\Illuminate\\Pipeline\\Pipeline.php(209): Illuminate\\View\\Middleware\\ShareErrorsFromSession->handle(Object(Illuminate\\Http\\Request), Object(Closure))
#21 C:\\xampp\\htdocs\\vizsga_backend\\vendor\\laravel\\framework\\src\\Illuminate\\Session\\Middleware\\StartSession.php(121): Illuminate\\Pipeline\\Pipeline->Illuminate\\Pipeline\\{closure}(Object(Illuminate\\Http\\Request))
#22 C:\\xampp\\htdocs\\vizsga_backend\\vendor\\laravel\\framework\\src\\Illuminate\\Session\\Middleware\\StartSession.php(64): Illuminate\\Session\\Middleware\\StartSession->handleStatefulRequest(Object(Illuminate\\Http\\Request), Object(Illuminate\\Session\\Store), Object(Closure))
#23 C:\\xampp\\htdocs\\vizsga_backend\\vendor\\laravel\\framework\\src\\Illuminate\\Pipeline\\Pipeline.php(209): Illuminate\\Session\\Middleware\\StartSession->handle(Object(Illuminate\\Http\\Request), Object(Closure))
#24 C:\\xampp\\htdocs\\vizsga_backend\\vendor\\laravel\\framework\\src\\Illuminate\\Cookie\\Middleware\\AddQueuedCookiesToResponse.php(37): Illuminate\\Pipeline\\Pipeline->Illuminate\\Pipeline\\{closure}(Object(Illuminate\\Http\\Request))
#25 C:\\xampp\\htdocs\\vizsga_backend\\vendor\\laravel\\framework\\src\\Illuminate\\Pipeline\\Pipeline.php(209): Illuminate\\Cookie\\Middleware\\AddQueuedCookiesToResponse->handle(Object(Illuminate\\Http\\Request), Object(Closure))
#26 C:\\xampp\\htdocs\\vizsga_backend\\vendor\\laravel\\framework\\src\\Illuminate\\Cookie\\Middleware\\EncryptCookies.php(75): Illuminate\\Pipeline\\Pipeline->Illuminate\\Pipeline\\{closure}(Object(Illuminate\\Http\\Request))
#27 C:\\xampp\\htdocs\\vizsga_backend\\vendor\\laravel\\framework\\src\\Illuminate\\Pipeline\\Pipeline.php(209): Illuminate\\Cookie\\Middleware\\EncryptCookies->handle(Object(Illuminate\\Http\\Request), Object(Closure))
#28 C:\\xampp\\htdocs\\vizsga_backend\\vendor\\laravel\\framework\\src\\Illuminate\\Pipeline\\Pipeline.php(127): Illuminate\\Pipeline\\Pipeline->Illuminate\\Pipeline\\{closure}(Object(Illuminate\\Http\\Request))
#29 C:\\xampp\\htdocs\\vizsga_backend\\vendor\\laravel\\framework\\src\\Illuminate\\Routing\\Router.php(808): Illuminate\\Pipeline\\Pipeline->then(Object(Closure))
#30 C:\\xampp\\htdocs\\vizsga_backend\\vendor\\laravel\\framework\\src\\Illuminate\\Routing\\Router.php(787): Illuminate\\Routing\\Router->runRouteWithinStack(Object(Illuminate\\Routing\\Route), Object(Illuminate\\Http\\Request))
#31 C:\\xampp\\htdocs\\vizsga_backend\\vendor\\laravel\\framework\\src\\Illuminate\\Routing\\Router.php(751): Illuminate\\Routing\\Router->runRoute(Object(Illuminate\\Http\\Request), Object(Illuminate\\Routing\\Route))
#32 C:\\xampp\\htdocs\\vizsga_backend\\vendor\\laravel\\framework\\src\\Illuminate\\Routing\\Router.php(740): Illuminate\\Routing\\Router->dispatchToRoute(Object(Illuminate\\Http\\Request))
#33 C:\\xampp\\htdocs\\vizsga_backend\\vendor\\laravel\\framework\\src\\Illuminate\\Foundation\\Http\\Kernel.php(201): Illuminate\\Routing\\Router->dispatch(Object(Illuminate\\Http\\Request))
#34 C:\\xampp\\htdocs\\vizsga_backend\\vendor\\laravel\\framework\\src\\Illuminate\\Pipeline\\Pipeline.php(170): Illuminate\\Foundation\\Http\\Kernel->Illuminate\\Foundation\\Http\\{closure}(Object(Illuminate\\Http\\Request))
#35 C:\\xampp\\htdocs\\vizsga_backend\\vendor\\laravel\\framework\\src\\Illuminate\\Foundation\\Http\\Middleware\\TransformsRequest.php(21): Illuminate\\Pipeline\\Pipeline->Illuminate\\Pipeline\\{closure}(Object(Illuminate\\Http\\Request))
#36 C:\\xampp\\htdocs\\vizsga_backend\\vendor\\laravel\\framework\\src\\Illuminate\\Foundation\\Http\\Middleware\\ConvertEmptyStringsToNull.php(31): Illuminate\\Foundation\\Http\\Middleware\\TransformsRequest->handle(Object(Illuminate\\Http\\Request), Object(Closure))
#37 C:\\xampp\\htdocs\\vizsga_backend\\vendor\\laravel\\framework\\src\\Illuminate\\Pipeline\\Pipeline.php(209): Illuminate\\Foundation\\Http\\Middleware\\ConvertEmptyStringsToNull->handle(Object(Illuminate\\Http\\Request), Object(Closure))
#38 C:\\xampp\\htdocs\\vizsga_backend\\vendor\\laravel\\framework\\src\\Illuminate\\Foundation\\Http\\Middleware\\TransformsRequest.php(21): Illuminate\\Pipeline\\Pipeline->Illuminate\\Pipeline\\{closure}(Object(Illuminate\\Http\\Request))
#39 C:\\xampp\\htdocs\\vizsga_backend\\vendor\\laravel\\framework\\src\\Illuminate\\Foundation\\Http\\Middleware\\TrimStrings.php(51): Illuminate\\Foundation\\Http\\Middleware\\TransformsRequest->handle(Object(Illuminate\\Http\\Request), Object(Closure))
#40 C:\\xampp\\htdocs\\vizsga_backend\\vendor\\laravel\\framework\\src\\Illuminate\\Pipeline\\Pipeline.php(209): Illuminate\\Foundation\\Http\\Middleware\\TrimStrings->handle(Object(Illuminate\\Http\\Request), Object(Closure))
#41 C:\\xampp\\htdocs\\vizsga_backend\\vendor\\laravel\\framework\\src\\Illuminate\\Http\\Middleware\\ValidatePostSize.php(27): Illuminate\\Pipeline\\Pipeline->Illuminate\\Pipeline\\{closure}(Object(Illuminate\\Http\\Request))
#42 C:\\xampp\\htdocs\\vizsga_backend\\vendor\\laravel\\framework\\src\\Illuminate\\Pipeline\\Pipeline.php(209): Illuminate\\Http\\Middleware\\ValidatePostSize->handle(Object(Illuminate\\Http\\Request), Object(Closure))
#43 C:\\xampp\\htdocs\\vizsga_backend\\vendor\\laravel\\framework\\src\\Illuminate\\Foundation\\Http\\Middleware\\PreventRequestsDuringMaintenance.php(110): Illuminate\\Pipeline\\Pipeline->Illuminate\\Pipeline\\{closure}(Object(Illuminate\\Http\\Request))
#44 C:\\xampp\\htdocs\\vizsga_backend\\vendor\\laravel\\framework\\src\\Illuminate\\Pipeline\\Pipeline.php(209): Illuminate\\Foundation\\Http\\Middleware\\PreventRequestsDuringMaintenance->handle(Object(Illuminate\\Http\\Request), Object(Closure))
#45 C:\\xampp\\htdocs\\vizsga_backend\\vendor\\laravel\\framework\\src\\Illuminate\\Http\\Middleware\\HandleCors.php(62): Illuminate\\Pipeline\\Pipeline->Illuminate\\Pipeline\\{closure}(Object(Illuminate\\Http\\Request))
#46 C:\\xampp\\htdocs\\vizsga_backend\\vendor\\laravel\\framework\\src\\Illuminate\\Pipeline\\Pipeline.php(209): Illuminate\\Http\\Middleware\\HandleCors->handle(Object(Illuminate\\Http\\Request), Object(Closure))
#47 C:\\xampp\\htdocs\\vizsga_backend\\vendor\\laravel\\framework\\src\\Illuminate\\Http\\Middleware\\TrustProxies.php(58): Illuminate\\Pipeline\\Pipeline->Illuminate\\Pipeline\\{closure}(Object(Illuminate\\Http\\Request))
#48 C:\\xampp\\htdocs\\vizsga_backend\\vendor\\laravel\\framework\\src\\Illuminate\\Pipeline\\Pipeline.php(209): Illuminate\\Http\\Middleware\\TrustProxies->handle(Object(Illuminate\\Http\\Request), Object(Closure))
#49 C:\\xampp\\htdocs\\vizsga_backend\\vendor\\laravel\\framework\\src\\Illuminate\\Foundation\\Http\\Middleware\\InvokeDeferredCallbacks.php(22): Illuminate\\Pipeline\\Pipeline->Illuminate\\Pipeline\\{closure}(Object(Illuminate\\Http\\Request))
#50 C:\\xampp\\htdocs\\vizsga_backend\\vendor\\laravel\\framework\\src\\Illuminate\\Pipeline\\Pipeline.php(209): Illuminate\\Foundation\\Http\\Middleware\\InvokeDeferredCallbacks->handle(Object(Illuminate\\Http\\Request), Object(Closure))
#51 C:\\xampp\\htdocs\\vizsga_backend\\vendor\\laravel\\framework\\src\\Illuminate\\Http\\Middleware\\ValidatePathEncoding.php(26): Illuminate\\Pipeline\\Pipeline->Illuminate\\Pipeline\\{closure}(Object(Illuminate\\Http\\Request))
#52 C:\\xampp\\htdocs\\vizsga_backend\\vendor\\laravel\\framework\\src\\Illuminate\\Pipeline\\Pipeline.php(209): Illuminate\\Http\\Middleware\\ValidatePathEncoding->handle(Object(Illuminate\\Http\\Request), Object(Closure))
#53 C:\\xampp\\htdocs\\vizsga_backend\\vendor\\laravel\\framework\\src\\Illuminate\\Pipeline\\Pipeline.php(127): Illuminate\\Pipeline\\Pipeline->Illuminate\\Pipeline\\{closure}(Object(Illuminate\\Http\\Request))
#54 C:\\xampp\\htdocs\\vizsga_backend\\vendor\\laravel\\framework\\src\\Illuminate\\Foundation\\Http\\Kernel.php(176): Illuminate\\Pipeline\\Pipeline->then(Object(Closure))
#55 C:\\xampp\\htdocs\\vizsga_backend\\vendor\\laravel\\framework\\src\\Illuminate\\Foundation\\Http\\Kernel.php(145): Illuminate\\Foundation\\Http\\Kernel->sendRequestThroughRouter(Object(Illuminate\\Http\\Request))
#56 C:\\xampp\\htdocs\\vizsga_backend\\vendor\\laravel\\framework\\src\\Illuminate\\Foundation\\Application.php(1220): Illuminate\\Foundation\\Http\\Kernel->handle(Object(Illuminate\\Http\\Request))
#57 C:\\xampp\\htdocs\\vizsga_backend\\public\\index.php(20): Illuminate\\Foundation\\Application->handleRequest(Object(Illuminate\\Http\\Request))
#58 C:\\xampp\\htdocs\\vizsga_backend\\vendor\\laravel\\framework\\src\\Illuminate\\Foundation\\resources\\server.php(23): require_once('C:\\\\xampp\\\\htdocs...')
#59 {main}

[previous exception] [object] (PDOException(code: 2002): SQLSTATE[HY000] [2002] Nem hozható létre kapcsolat, mert a célszámítógép már visszautasította a kapcsolatot at C:\\xampp\\htdocs\\vizsga_backend\\vendor\\laravel\\framework\\src\\Illuminate\\Database\\Connectors\\Connector.php:66)
[stacktrace]
#0 C:\\xampp\\htdocs\\vizsga_backend\\vendor\\laravel\\framework\\src\\Illuminate\\Database\\Connectors\\Connector.php(66): PDO->__construct('mysql:host=127....', 'root', Object(SensitiveParameterValue), Array)
#1 C:\\xampp\\htdocs\\vizsga_backend\\vendor\\laravel\\framework\\src\\Illuminate\\Database\\Connectors\\Connector.php(44): Illuminate\\Database\\Connectors\\Connector->createPdoConnection('mysql:host=127....', 'root', Object(SensitiveParameterValue), Array)
#2 C:\\xampp\\htdocs\\vizsga_backend\\vendor\\laravel\\framework\\src\\Illuminate\\Database\\Connectors\\MySqlConnector.php(24): Illuminate\\Database\\Connectors\\Connector->createConnection('mysql:host=127....', Array, Array)
#3 C:\\xampp\\htdocs\\vizsga_backend\\vendor\\laravel\\framework\\src\\Illuminate\\Database\\Connectors\\ConnectionFactory.php(185): Illuminate\\Database\\Connectors\\MySqlConnector->connect(Array)
#4 [internal function]: Illuminate\\Database\\Connectors\\ConnectionFactory->Illuminate\\Database\\Connectors\\{closure}()
#5 C:\\xampp\\htdocs\\vizsga_backend\\vendor\\laravel\\framework\\src\\Illuminate\\Database\\Connection.php(1229): call_user_func(Object(Closure))
#6 C:\\xampp\\htdocs\\vizsga_backend\\vendor\\laravel\\framework\\src\\Illuminate\\Database\\Connection.php(1265): Illuminate\\Database\\Connection->getPdo()
#7 C:\\xampp\\htdocs\\vizsga_backend\\vendor\\laravel\\framework\\src\\Illuminate\\Database\\Connection.php(510): Illuminate\\Database\\Connection->getReadPdo()
#8 C:\\xampp\\htdocs\\vizsga_backend\\vendor\\laravel\\framework\\src\\Illuminate\\Database\\Connection.php(405): Illuminate\\Database\\Connection->getPdoForSelect(true)
#9 C:\\xampp\\htdocs\\vizsga_backend\\vendor\\laravel\\framework\\src\\Illuminate\\Database\\Connection.php(810): Illuminate\\Database\\Connection->Illuminate\\Database\\{closure}('select * from `...', Array)
#10 C:\\xampp\\htdocs\\vizsga_backend\\vendor\\laravel\\framework\\src\\Illuminate\\Database\\Connection.php(777): Illuminate\\Database\\Connection->runQueryCallback('select * from `...', Array, Object(Closure))
#11 C:\\xampp\\htdocs\\vizsga_backend\\vendor\\laravel\\framework\\src\\Illuminate\\Database\\Connection.php(396): Illuminate\\Database\\Connection->run('select * from `...', Array, Object(Closure))
#12 C:\\xampp\\htdocs\\vizsga_backend\\vendor\\laravel\\framework\\src\\Illuminate\\Database\\Query\\Builder.php(3105): Illuminate\\Database\\Connection->select('select * from `...', Array, true)
#13 C:\\xampp\\htdocs\\vizsga_backend\\vendor\\laravel\\framework\\src\\Illuminate\\Database\\Query\\Builder.php(3090): Illuminate\\Database\\Query\\Builder->runSelect()
#14 C:\\xampp\\htdocs\\vizsga_backend\\vendor\\laravel\\framework\\src\\Illuminate\\Database\\Query\\Builder.php(3677): Illuminate\\Database\\Query\\Builder->Illuminate\\Database\\Query\\{closure}()
#15 C:\\xampp\\htdocs\\vizsga_backend\\vendor\\laravel\\framework\\src\\Illuminate\\Database\\Query\\Builder.php(3089): Illuminate\\Database\\Query\\Builder->onceWithColumns(Array, Object(Closure))
#16 C:\\xampp\\htdocs\\vizsga_backend\\vendor\\laravel\\framework\\src\\Illuminate\\Database\\Eloquent\\Builder.php(811): Illuminate\\Database\\Query\\Builder->get(Array)
#17 C:\\xampp\\htdocs\\vizsga_backend\\vendor\\laravel\\framework\\src\\Illuminate\\Database\\Eloquent\\Builder.php(793): Illuminate\\Database\\Eloquent\\Builder->getModels(Array)
#18 C:\\xampp\\htdocs\\vizsga_backend\\vendor\\laravel\\framework\\src\\Illuminate\\Database\\Eloquent\\Model.php(694): Illuminate\\Database\\Eloquent\\Builder->get(Array)
#19 C:\\xampp\\htdocs\\vizsga_backend\\app\\Http\\Controllers\\BookController.php(12): Illuminate\\Database\\Eloquent\\Model::all()
#20 C:\\xampp\\htdocs\\vizsga_backend\\vendor\\laravel\\framework\\src\\Illuminate\\Routing\\ControllerDispatcher.php(47): App\\Http\\Controllers\\BookController->index()
#21 C:\\xampp\\htdocs\\vizsga_backend\\vendor\\laravel\\framework\\src\\Illuminate\\Routing\\Route.php(266): Illuminate\\Routing\\ControllerDispatcher->dispatch(Object(Illuminate\\Routing\\Route), Object(App\\Http\\Controllers\\BookController), 'index')
#22 C:\\xampp\\htdocs\\vizsga_backend\\vendor\\laravel\\framework\\src\\Illuminate\\Routing\\Route.php(212): Illuminate\\Routing\\Route->runController()
#23 C:\\xampp\\htdocs\\vizsga_backend\\vendor\\laravel\\framework\\src\\Illuminate\\Routing\\Router.php(809): Illuminate\\Routing\\Route->run()
#24 C:\\xampp\\htdocs\\vizsga_backend\\vendor\\laravel\\framework\\src\\Illuminate\\Pipeline\\Pipeline.php(170): Illuminate\\Routing\\Router->Illuminate\\Routing\\{closure}(Object(Illuminate\\Http\\Request))
#25 C:\\xampp\\htdocs\\vizsga_backend\\vendor\\laravel\\framework\\src\\Illuminate\\Routing\\Middleware\\SubstituteBindings.php(51): Illuminate\\Pipeline\\Pipeline->Illuminate\\Pipeline\\{closure}(Object(Illuminate\\Http\\Request))
#26 C:\\xampp\\htdocs\\vizsga_backend\\vendor\\laravel\\framework\\src\\Illuminate\\Pipeline\\Pipeline.php(209): Illuminate\\Routing\\Middleware\\SubstituteBindings->handle(Object(Illuminate\\Http\\Request), Object(Closure))
#27 C:\\xampp\\htdocs\\vizsga_backend\\vendor\\laravel\\framework\\src\\Illuminate\\Foundation\\Http\\Middleware\\VerifyCsrfToken.php(88): Illuminate\\Pipeline\\Pipeline->Illuminate\\Pipeline\\{closure}(Object(Illuminate\\Http\\Request))
#28 C:\\xampp\\htdocs\\vizsga_backend\\vendor\\laravel\\framework\\src\\Illuminate\\Pipeline\\Pipeline.php(209): Illuminate\\Foundation\\Http\\Middleware\\VerifyCsrfToken->handle(Object(Illuminate\\Http\\Request), Object(Closure))
#29 C:\\xampp\\htdocs\\vizsga_backend\\vendor\\laravel\\framework\\src\\Illuminate\\View\\Middleware\\ShareErrorsFromSession.php(49): Illuminate\\Pipeline\\Pipeline->Illuminate\\Pipeline\\{closure}(Object(Illuminate\\Http\\Request))
#30 C:\\xampp\\htdocs\\vizsga_backend\\vendor\\laravel\\framework\\src\\Illuminate\\Pipeline\\Pipeline.php(209): Illuminate\\View\\Middleware\\ShareErrorsFromSession->handle(Object(Illuminate\\Http\\Request), Object(Closure))
#31 C:\\xampp\\htdocs\\vizsga_backend\\vendor\\laravel\\framework\\src\\Illuminate\\Session\\Middleware\\StartSession.php(121): Illuminate\\Pipeline\\Pipeline->Illuminate\\Pipeline\\{closure}(Object(Illuminate\\Http\\Request))
#32 C:\\xampp\\htdocs\\vizsga_backend\\vendor\\laravel\\framework\\src\\Illuminate\\Session\\Middleware\\StartSession.php(64): Illuminate\\Session\\Middleware\\StartSession->handleStatefulRequest(Object(Illuminate\\Http\\Request), Object(Illuminate\\Session\\Store), Object(Closure))
#33 C:\\xampp\\htdocs\\vizsga_backend\\vendor\\laravel\\framework\\src\\Illuminate\\Pipeline\\Pipeline.php(209): Illuminate\\Session\\Middleware\\StartSession->handle(Object(Illuminate\\Http\\Request), Object(Closure))
#34 C:\\xampp\\htdocs\\vizsga_backend\\vendor\\laravel\\framework\\src\\Illuminate\\Cookie\\Middleware\\AddQueuedCookiesToResponse.php(37): Illuminate\\Pipeline\\Pipeline->Illuminate\\Pipeline\\{closure}(Object(Illuminate\\Http\\Request))
#35 C:\\xampp\\htdocs\\vizsga_backend\\vendor\\laravel\\framework\\src\\Illuminate\\Pipeline\\Pipeline.php(209): Illuminate\\Cookie\\Middleware\\AddQueuedCookiesToResponse->handle(Object(Illuminate\\Http\\Request), Object(Closure))
#36 C:\\xampp\\htdocs\\vizsga_backend\\vendor\\laravel\\framework\\src\\Illuminate\\Cookie\\Middleware\\EncryptCookies.php(75): Illuminate\\Pipeline\\Pipeline->Illuminate\\Pipeline\\{closure}(Object(Illuminate\\Http\\Request))
#37 C:\\xampp\\htdocs\\vizsga_backend\\vendor\\laravel\\framework\\src\\Illuminate\\Pipeline\\Pipeline.php(209): Illuminate\\Cookie\\Middleware\\EncryptCookies->handle(Object(Illuminate\\Http\\Request), Object(Closure))
#38 C:\\xampp\\htdocs\\vizsga_backend\\vendor\\laravel\\framework\\src\\Illuminate\\Pipeline\\Pipeline.php(127): Illuminate\\Pipeline\\Pipeline->Illuminate\\Pipeline\\{closure}(Object(Illuminate\\Http\\Request))
#39 C:\\xampp\\htdocs\\vizsga_backend\\vendor\\laravel\\framework\\src\\Illuminate\\Routing\\Router.php(808): Illuminate\\Pipeline\\Pipeline->then(Object(Closure))
#40 C:\\xampp\\htdocs\\vizsga_backend\\vendor\\laravel\\framework\\src\\Illuminate\\Routing\\Router.php(787): Illuminate\\Routing\\Router->runRouteWithinStack(Object(Illuminate\\Routing\\Route), Object(Illuminate\\Http\\Request))
#41 C:\\xampp\\htdocs\\vizsga_backend\\vendor\\laravel\\framework\\src\\Illuminate\\Routing\\Router.php(751): Illuminate\\Routing\\Router->runRoute(Object(Illuminate\\Http\\Request), Object(Illuminate\\Routing\\Route))
#42 C:\\xampp\\htdocs\\vizsga_backend\\vendor\\laravel\\framework\\src\\Illuminate\\Routing\\Router.php(740): Illuminate\\Routing\\Router->dispatchToRoute(Object(Illuminate\\Http\\Request))
#43 C:\\xampp\\htdocs\\vizsga_backend\\vendor\\laravel\\framework\\src\\Illuminate\\Foundation\\Http\\Kernel.php(201): Illuminate\\Routing\\Router->dispatch(Object(Illuminate\\Http\\Request))
#44 C:\\xampp\\htdocs\\vizsga_backend\\vendor\\laravel\\framework\\src\\Illuminate\\Pipeline\\Pipeline.php(170): Illuminate\\Foundation\\Http\\Kernel->Illuminate\\Foundation\\Http\\{closure}(Object(Illuminate\\Http\\Request))
#45 C:\\xampp\\htdocs\\vizsga_backend\\vendor\\laravel\\framework\\src\\Illuminate\\Foundation\\Http\\Middleware\\TransformsRequest.php(21): Illuminate\\Pipeline\\Pipeline->Illuminate\\Pipeline\\{closure}(Object(Illuminate\\Http\\Request))
#46 C:\\xampp\\htdocs\\vizsga_backend\\vendor\\laravel\\framework\\src\\Illuminate\\Foundation\\Http\\Middleware\\ConvertEmptyStringsToNull.php(31): Illuminate\\Foundation\\Http\\Middleware\\TransformsRequest->handle(Object(Illuminate\\Http\\Request), Object(Closure))
#47 C:\\xampp\\htdocs\\vizsga_backend\\vendor\\laravel\\framework\\src\\Illuminate\\Pipeline\\Pipeline.php(209): Illuminate\\Foundation\\Http\\Middleware\\ConvertEmptyStringsToNull->handle(Object(Illuminate\\Http\\Request), Object(Closure))
#48 C:\\xampp\\htdocs\\vizsga_backend\\vendor\\laravel\\framework\\src\\Illuminate\\Foundation\\Http\\Middleware\\TransformsRequest.php(21): Illuminate\\Pipeline\\Pipeline->Illuminate\\Pipeline\\{closure}(Object(Illuminate\\Http\\Request))
#49 C:\\xampp\\htdocs\\vizsga_backend\\vendor\\laravel\\framework\\src\\Illuminate\\Foundation\\Http\\Middleware\\TrimStrings.php(51): Illuminate\\Foundation\\Http\\Middleware\\TransformsRequest->handle(Object(Illuminate\\Http\\Request), Object(Closure))
#50 C:\\xampp\\htdocs\\vizsga_backend\\vendor\\laravel\\framework\\src\\Illuminate\\Pipeline\\Pipeline.php(209): Illuminate\\Foundation\\Http\\Middleware\\TrimStrings->handle(Object(Illuminate\\Http\\Request), Object(Closure))
#51 C:\\xampp\\htdocs\\vizsga_backend\\vendor\\laravel\\framework\\src\\Illuminate\\Http\\Middleware\\ValidatePostSize.php(27): Illuminate\\Pipeline\\Pipeline->Illuminate\\Pipeline\\{closure}(Object(Illuminate\\Http\\Request))
#52 C:\\xampp\\htdocs\\vizsga_backend\\vendor\\laravel\\framework\\src\\Illuminate\\Pipeline\\Pipeline.php(209): Illuminate\\Http\\Middleware\\ValidatePostSize->handle(Object(Illuminate\\Http\\Request), Object(Closure))
#53 C:\\xampp\\htdocs\\vizsga_backend\\vendor\\laravel\\framework\\src\\Illuminate\\Foundation\\Http\\Middleware\\PreventRequestsDuringMaintenance.php(110): Illuminate\\Pipeline\\Pipeline->Illuminate\\Pipeline\\{closure}(Object(Illuminate\\Http\\Request))
#54 C:\\xampp\\htdocs\\vizsga_backend\\vendor\\laravel\\framework\\src\\Illuminate\\Pipeline\\Pipeline.php(209): Illuminate\\Foundation\\Http\\Middleware\\PreventRequestsDuringMaintenance->handle(Object(Illuminate\\Http\\Request), Object(Closure))
#55 C:\\xampp\\htdocs\\vizsga_backend\\vendor\\laravel\\framework\\src\\Illuminate\\Http\\Middleware\\HandleCors.php(62): Illuminate\\Pipeline\\Pipeline->Illuminate\\Pipeline\\{closure}(Object(Illuminate\\Http\\Request))
#56 C:\\xampp\\htdocs\\vizsga_backend\\vendor\\laravel\\framework\\src\\Illuminate\\Pipeline\\Pipeline.php(209): Illuminate\\Http\\Middleware\\HandleCors->handle(Object(Illuminate\\Http\\Request), Object(Closure))
#57 C:\\xampp\\htdocs\\vizsga_backend\\vendor\\laravel\\framework\\src\\Illuminate\\Http\\Middleware\\TrustProxies.php(58): Illuminate\\Pipeline\\Pipeline->Illuminate\\Pipeline\\{closure}(Object(Illuminate\\Http\\Request))
#58 C:\\xampp\\htdocs\\vizsga_backend\\vendor\\laravel\\framework\\src\\Illuminate\\Pipeline\\Pipeline.php(209): Illuminate\\Http\\Middleware\\TrustProxies->handle(Object(Illuminate\\Http\\Request), Object(Closure))
#59 C:\\xampp\\htdocs\\vizsga_backend\\vendor\\laravel\\framework\\src\\Illuminate\\Foundation\\Http\\Middleware\\InvokeDeferredCallbacks.php(22): Illuminate\\Pipeline\\Pipeline->Illuminate\\Pipeline\\{closure}(Object(Illuminate\\Http\\Request))
#60 C:\\xampp\\htdocs\\vizsga_backend\\vendor\\laravel\\framework\\src\\Illuminate\\Pipeline\\Pipeline.php(209): Illuminate\\Foundation\\Http\\Middleware\\InvokeDeferredCallbacks->handle(Object(Illuminate\\Http\\Request), Object(Closure))
#61 C:\\xampp\\htdocs\\vizsga_backend\\vendor\\laravel\\framework\\src\\Illuminate\\Http\\Middleware\\ValidatePathEncoding.php(26): Illuminate\\Pipeline\\Pipeline->Illuminate\\Pipeline\\{closure}(Object(Illuminate\\Http\\Request))
#62 C:\\xampp\\htdocs\\vizsga_backend\\vendor\\laravel\\framework\\src\\Illuminate\\Pipeline\\Pipeline.php(209): Illuminate\\Http\\Middleware\\ValidatePathEncoding->handle(Object(Illuminate\\Http\\Request), Object(Closure))
#63 C:\\xampp\\htdocs\\vizsga_backend\\vendor\\laravel\\framework\\src\\Illuminate\\Pipeline\\Pipeline.php(127): Illuminate\\Pipeline\\Pipeline->Illuminate\\Pipeline\\{closure}(Object(Illuminate\\Http\\Request))
#64 C:\\xampp\\htdocs\\vizsga_backend\\vendor\\laravel\\framework\\src\\Illuminate\\Foundation\\Http\\Kernel.php(176): Illuminate\\Pipeline\\Pipeline->then(Object(Closure))
#65 C:\\xampp\\htdocs\\vizsga_backend\\vendor\\laravel\\framework\\src\\Illuminate\\Foundation\\Http\\Kernel.php(145): Illuminate\\Foundation\\Http\\Kernel->sendRequestThroughRouter(Object(Illuminate\\Http\\Request))
#66 C:\\xampp\\htdocs\\vizsga_backend\\vendor\\laravel\\framework\\src\\Illuminate\\Foundation\\Application.php(1220): Illuminate\\Foundation\\Http\\Kernel->handle(Object(Illuminate\\Http\\Request))
#67 C:\\xampp\\htdocs\\vizsga_backend\\public\\index.php(20): Illuminate\\Foundation\\Application->handleRequest(Object(Illuminate\\Http\\Request))
#68 C:\\xampp\\htdocs\\vizsga_backend\\vendor\\laravel\\framework\\src\\Illuminate\\Foundation\\resources\\server.php(23): require_once('C:\\\\xampp\\\\htdocs...')
#69 {main}
"} 
